product_id,store_id,current_stock,inventory_age_days,stock_status
P0001,S001,1,92,In Stock
P0001,S002,1,100,In Stock
P0001,S003,1,119,In Stock
P0001,S005,1,91,In Stock
P0001,S006,1,33,In Stock
P0001,S008,1,37,In Stock
P0001,S009,1,38,In Stock
P0001,S010,1,67,In Stock
P0001,S011,1,79,In Stock
P0001,S013,1,69,In Stock
P0001,S014,1,101,In Stock
P0001,S019,2,39,In Stock
P0001,S020,1,113,In Stock
P0001,S021,1,15,In Stock
P0001,S022,1,91,In Stock
P0001,S023,1,82,In Stock
P0001,S024,1,84,In Stock
P0001,S025,1,69,In Stock
P0001,S026,1,103,In Stock
P0002,S001,1,19,In Stock
P0002,S002,1,67,In Stock
P0002,S003,1,88,In Stock
P0002,S005,1,57,In Stock
P0002,S006,1,36,In Stock
P0002,S007,1,45,In Stock
P0002,S008,1,45,In Stock
P0002,S009,1,15,In Stock
P0002,S010,1,20,In Stock
P0002,S011,1,89,In Stock
P0002,S013,1,80,In Stock
P0002,S014,1,64,In Stock
P0002,S015,1,115,In Stock
P0002,S016,3,82,In Stock
P0002,S017,1,78,In Stock
P0002,S019,1,40,In Stock
P0002,S020,1,96,In Stock
P0002,S021,1,113,In Stock
P0002,S023,1,81,In Stock
P0002,S024,1,48,In Stock
P0002,S025,1,48,In Stock
P0003,S001,1,223,In Stock
P0003,S003,1,135,In Stock
P0003,S006,1,108,In Stock
P0003,S008,1,196,In Stock
P0003,S010,1,254,In Stock
P0003,S011,1,192,In Stock
P0003,S013,1,251,In Stock
P0003,S014,1,67,In Stock
P0003,S015,1,130,In Stock
P0003,S017,1,166,In Stock
P0003,S018,1,163,In Stock
P0003,S019,1,81,In Stock
P0003,S023,1,155,In Stock
P0003,S025,1,269,In Stock
P0004,S001,1,108,In Stock
P0004,S002,1,76,In Stock
P0004,S003,1,20,In Stock
P0004,S004,1,43,In Stock
P0004,S006,1,45,In Stock
P0004,S008,1,77,In Stock
P0004,S009,1,111,In Stock
P0004,S011,1,86,In Stock
P0004,S012,1,46,In Stock
P0004,S013,2,28,In Stock
P0004,S015,1,119,In Stock
P0004,S016,1,97,In Stock
P0004,S017,2,40,In Stock
P0004,S018,1,120,In Stock
P0004,S019,1,52,In Stock
P0004,S020,1,88,In Stock
P0004,S022,1,34,In Stock
P0004,S024,1,41,In Stock
P0004,S025,1,81,In Stock
P0004,S026,1,57,In Stock
P0005,S001,1,13,In Stock
P0005,S002,0,11,Out of Stock
P0005,S003,0,19,Out of Stock
P0005,S004,0,11,Out of Stock
P0005,S005,0,7,Out of Stock
P0005,S006,0,7,Out of Stock
P0005,S007,0,11,Out of Stock
P0005,S008,0,3,Out of Stock
P0005,S009,0,5,Out of Stock
P0005,S010,0,4,Out of Stock
P0005,S011,0,7,Out of Stock
P0005,S012,0,10,Out of Stock
P0005,S013,0,14,Out of Stock
P0005,S014,1,2,In Stock
P0005,S015,0,9,Out of Stock
P0005,S016,1,7,In Stock
P0005,S017,0,5,Out of Stock
P0005,S018,0,9,Out of Stock
P0005,S019,0,7,Out of Stock
P0005,S020,0,16,Out of Stock
P0005,S021,0,11,Out of Stock
P0005,S022,0,7,Out of Stock
P0005,S023,0,8,Out of Stock
P0005,S024,0,8,Out of Stock
P0005,S025,0,6,Out of Stock
P0005,S026,0,8,Out of Stock
P0006,S001,1,53,In Stock
P0006,S003,1,114,In Stock
P0006,S005,1,91,In Stock
P0006,S007,1,39,In Stock
P0006,S008,4,66,In Stock
P0006,S009,1,76,In Stock
P0006,S010,1,23,In Stock
P0006,S011,1,90,In Stock
P0006,S013,1,96,In Stock
P0006,S016,1,25,In Stock
P0006,S017,1,82,In Stock
P0006,S019,4,59,In Stock
P0006,S021,1,96,In Stock
P0006,S024,1,90,In Stock
P0006,S025,2,101,In Stock
P0007,S001,1,145,In Stock
P0007,S002,1,210,In Stock
P0007,S003,1,178,In Stock
P0007,S005,1,125,In Stock
P0007,S006,1,61,In Stock
P0007,S008,1,119,In Stock
P0007,S009,1,241,In Stock
P0007,S010,1,130,In Stock
P0007,S011,1,270,In Stock
P0007,S012,1,83,In Stock
P0007,S013,1,112,In Stock
P0007,S014,1,231,In Stock
P0007,S015,1,193,In Stock
P0007,S016,1,199,In Stock
P0007,S018,1,149,In Stock
P0007,S019,0,154,Out of Stock
P0007,S021,1,260,In Stock
P0007,S022,1,66,In Stock
P0007,S023,1,165,In Stock
P0007,S024,1,117,In Stock
P0008,S003,1,19,In Stock
P0008,S004,1,90,In Stock
P0008,S005,1,30,In Stock
P0008,S006,1,108,In Stock
P0008,S008,1,106,In Stock
P0008,S009,1,38,In Stock
P0008,S011,1,88,In Stock
P0008,S013,1,19,In Stock
P0008,S014,1,60,In Stock
P0008,S019,1,92,In Stock
P0008,S020,1,27,In Stock
P0008,S022,1,74,In Stock
P0008,S023,1,61,In Stock
P0008,S024,1,56,In Stock
P0009,S002,1,95,In Stock
P0009,S003,1,68,In Stock
P0009,S004,1,112,In Stock
P0009,S006,1,18,In Stock
P0009,S008,1,84,In Stock
P0009,S010,1,77,In Stock
P0009,S012,1,116,In Stock
P0009,S013,2,33,In Stock
P0009,S014,1,29,In Stock
P0009,S016,1,90,In Stock
P0009,S018,1,38,In Stock
P0009,S020,1,50,In Stock
P0009,S021,2,82,In Stock
P0009,S025,1,95,In Stock
P0010,S001,4,40,In Stock
P0010,S002,1,104,In Stock
P0010,S003,3,92,In Stock
P0010,S006,4,83,In Stock
P0010,S009,3,26,In Stock
P0010,S010,3,86,In Stock
P0010,S011,0,28,Out of Stock
P0010,S012,1,69,In Stock
P0010,S013,7,47,In Stock
P0010,S015,12,34,In Stock
P0010,S016,8,30,In Stock
P0010,S017,5,46,In Stock
P0010,S019,0,98,Out of Stock
P0010,S020,3,89,In Stock
P0010,S021,1,24,In Stock
P0010,S023,1,28,In Stock
P0010,S024,5,113,In Stock
P0010,S025,1,114,In Stock
P0010,S026,2,69,In Stock
P0011,S001,1,81,In Stock
P0011,S003,1,53,In Stock
P0011,S004,1,108,In Stock
P0011,S005,4,113,In Stock
P0011,S006,1,76,In Stock
P0011,S008,1,101,In Stock
P0011,S009,1,100,In Stock
P0011,S010,1,22,In Stock
P0011,S013,1,67,In Stock
P0011,S014,1,53,In Stock
P0011,S015,1,77,In Stock
P0011,S016,1,15,In Stock
P0011,S017,1,28,In Stock
P0011,S018,1,15,In Stock
P0011,S019,3,26,In Stock
P0011,S022,3,49,In Stock
P0011,S025,1,29,In Stock
P0011,S026,1,51,In Stock
P0012,S001,1,28,In Stock
P0012,S002,1,104,In Stock
P0012,S005,1,114,In Stock
P0012,S006,1,94,In Stock
P0012,S008,1,47,In Stock
P0012,S009,1,56,In Stock
P0012,S011,1,39,In Stock
P0012,S013,1,19,In Stock
P0012,S014,2,69,In Stock
P0012,S015,1,25,In Stock
P0012,S016,1,63,In Stock
P0012,S018,1,60,In Stock
P0012,S019,1,104,In Stock
P0012,S020,1,100,In Stock
P0012,S022,1,50,In Stock
P0012,S024,1,97,In Stock
P0012,S026,1,20,In Stock
P0013,S001,1,25,In Stock
P0013,S002,1,25,In Stock
P0013,S003,1,22,In Stock
P0013,S005,1,17,In Stock
P0013,S006,1,72,In Stock
P0013,S007,1,27,In Stock
P0013,S008,0,48,Out of Stock
P0013,S011,2,97,In Stock
P0013,S013,1,25,In Stock
P0013,S014,1,89,In Stock
P0013,S015,1,29,In Stock
P0013,S017,1,111,In Stock
P0013,S018,1,115,In Stock
P0013,S019,1,57,In Stock
P0013,S020,1,67,In Stock
P0013,S021,1,109,In Stock
P0013,S026,1,18,In Stock
P0014,S002,1,116,In Stock
P0014,S003,1,40,In Stock
P0014,S004,1,119,In Stock
P0014,S005,1,98,In Stock
P0014,S006,1,40,In Stock
P0014,S007,1,37,In Stock
P0014,S008,1,48,In Stock
P0014,S010,1,26,In Stock
P0014,S011,1,84,In Stock
P0014,S013,1,25,In Stock
P0014,S014,1,107,In Stock
P0014,S015,1,31,In Stock
P0014,S017,1,34,In Stock
P0014,S018,1,51,In Stock
P0014,S019,1,42,In Stock
P0014,S020,1,77,In Stock
P0014,S022,1,29,In Stock
P0014,S023,1,61,In Stock
P0014,S024,1,104,In Stock
P0014,S025,1,108,In Stock
P0015,S001,1,76,In Stock
P0015,S003,1,42,In Stock
P0015,S004,1,87,In Stock
P0015,S005,1,103,In Stock
P0015,S006,1,62,In Stock
P0015,S008,1,114,In Stock
P0015,S010,1,105,In Stock
P0015,S011,1,107,In Stock
P0015,S012,1,104,In Stock
P0015,S013,1,58,In Stock
P0015,S014,1,103,In Stock
P0015,S015,1,115,In Stock
P0015,S016,1,88,In Stock
P0015,S020,1,101,In Stock
P0015,S022,0,50,Out of Stock
P0015,S023,1,90,In Stock
P0015,S026,0,89,Out of Stock
P0016,S001,1,24,In Stock
P0016,S006,1,36,In Stock
P0016,S007,1,85,In Stock
P0016,S009,1,54,In Stock
P0016,S011,1,114,In Stock
P0016,S013,1,115,In Stock
P0016,S016,1,46,In Stock
P0016,S018,1,18,In Stock
P0016,S019,1,82,In Stock
P0016,S020,1,49,In Stock
P0016,S021,1,38,In Stock
P0016,S022,1,46,In Stock
P0016,S023,1,61,In Stock
P0016,S024,1,107,In Stock
P0017,S001,2,73,In Stock
P0017,S002,3,91,In Stock
P0017,S004,1,117,In Stock
P0017,S005,1,77,In Stock
P0017,S006,2,72,In Stock
P0017,S007,1,91,In Stock
P0017,S008,3,111,In Stock
P0017,S009,2,16,In Stock
P0017,S010,1,45,In Stock
P0017,S011,3,89,In Stock
P0017,S012,1,18,In Stock
P0017,S013,5,16,In Stock
P0017,S014,1,115,In Stock
P0017,S015,2,34,In Stock
P0017,S016,2,33,In Stock
P0017,S018,1,68,In Stock
P0017,S019,6,74,In Stock
P0017,S020,1,57,In Stock
P0017,S025,2,100,In Stock
P0018,S001,0,102,Out of Stock
P0018,S005,3,29,In Stock
P0018,S007,1,110,In Stock
P0018,S008,1,84,In Stock
P0018,S010,0,44,Out of Stock
P0018,S011,1,32,In Stock
P0018,S012,1,72,In Stock
P0018,S013,2,117,In Stock
P0018,S015,1,31,In Stock
P0018,S017,1,89,In Stock
P0018,S019,2,28,In Stock
P0018,S020,2,32,In Stock
P0018,S021,1,62,In Stock
P0018,S024,1,16,In Stock
P0018,S026,1,68,In Stock
P0019,S001,1,80,In Stock
P0019,S002,1,111,In Stock
P0019,S004,1,117,In Stock
P0019,S005,1,82,In Stock
P0019,S006,1,95,In Stock
P0019,S007,1,65,In Stock
P0019,S008,1,80,In Stock
P0019,S011,1,55,In Stock
P0019,S012,1,44,In Stock
P0019,S013,0,116,Out of Stock
P0019,S014,1,99,In Stock
P0019,S015,1,104,In Stock
P0019,S016,1,22,In Stock
P0019,S018,1,92,In Stock
P0019,S019,1,88,In Stock
P0019,S020,1,49,In Stock
P0019,S021,1,84,In Stock
P0019,S022,1,44,In Stock
P0019,S023,1,96,In Stock
P0019,S024,1,37,In Stock
P0019,S025,1,30,In Stock
P0019,S026,1,29,In Stock
P0020,S001,2,101,In Stock
P0020,S002,1,53,In Stock
P0020,S003,1,113,In Stock
P0020,S004,1,51,In Stock
P0020,S005,1,48,In Stock
P0020,S006,1,47,In Stock
P0020,S007,1,115,In Stock
P0020,S008,1,61,In Stock
P0020,S012,1,42,In Stock
P0020,S013,1,71,In Stock
P0020,S017,1,17,In Stock
P0020,S018,0,16,Out of Stock
P0020,S019,1,120,In Stock
P0020,S021,1,77,In Stock
P0020,S022,1,50,In Stock
P0020,S025,1,106,In Stock
P0020,S026,1,88,In Stock
P0021,S001,1,98,In Stock
P0021,S002,1,76,In Stock
P0021,S004,1,258,In Stock
P0021,S005,1,238,In Stock
P0021,S008,1,180,In Stock
P0021,S010,1,187,In Stock
P0021,S012,1,70,In Stock
P0021,S013,1,130,In Stock
P0021,S015,1,195,In Stock
P0021,S017,1,66,In Stock
P0021,S018,1,270,In Stock
P0021,S019,1,181,In Stock
P0021,S020,1,66,In Stock
P0021,S021,1,212,In Stock
P0021,S023,1,73,In Stock
P0021,S024,1,270,In Stock
P0021,S026,1,115,In Stock
P0022,S001,1,222,In Stock
P0022,S002,1,186,In Stock
P0022,S003,1,144,In Stock
P0022,S006,1,81,In Stock
P0022,S007,1,162,In Stock
P0022,S008,1,191,In Stock
P0022,S011,1,169,In Stock
P0022,S013,1,170,In Stock
P0022,S014,1,269,In Stock
P0022,S015,1,262,In Stock
P0022,S016,1,60,In Stock
P0022,S017,1,114,In Stock
P0022,S018,1,108,In Stock
P0022,S019,1,174,In Stock
P0022,S023,1,178,In Stock
P0022,S024,0,233,Out of Stock
P0022,S025,1,231,In Stock
P0022,S026,1,129,In Stock
P0023,S001,1,242,In Stock
P0023,S005,1,158,In Stock
P0023,S006,1,104,In Stock
P0023,S008,1,130,In Stock
P0023,S009,1,244,In Stock
P0023,S010,1,242,In Stock
P0023,S011,1,86,In Stock
P0023,S013,1,229,In Stock
P0023,S015,1,250,In Stock
P0023,S019,1,250,In Stock
P0023,S020,1,130,In Stock
P0023,S022,1,81,In Stock
P0023,S023,1,109,In Stock
P0023,S024,1,244,In Stock
P0023,S026,1,230,In Stock
P0024,S001,1,29,In Stock
P0024,S002,1,118,In Stock
P0024,S005,1,114,In Stock
P0024,S006,1,36,In Stock
P0024,S007,1,61,In Stock
P0024,S008,1,33,In Stock
P0024,S009,1,48,In Stock
P0024,S010,0,65,Out of Stock
P0024,S013,2,102,In Stock
P0024,S016,1,25,In Stock
P0024,S017,1,89,In Stock
P0024,S018,1,77,In Stock
P0024,S019,1,73,In Stock
P0024,S020,1,38,In Stock
P0024,S022,1,55,In Stock
P0024,S024,1,73,In Stock
P0025,S001,1,41,In Stock
P0025,S002,1,115,In Stock
P0025,S004,1,18,In Stock
P0025,S005,1,49,In Stock
P0025,S006,1,93,In Stock
P0025,S008,1,33,In Stock
P0025,S010,1,16,In Stock
P0025,S011,1,89,In Stock
P0025,S012,1,18,In Stock
P0025,S013,1,16,In Stock
P0025,S014,1,46,In Stock
P0025,S015,1,43,In Stock
P0025,S016,1,84,In Stock
P0025,S020,2,29,In Stock
P0025,S023,1,96,In Stock
P0025,S025,1,88,In Stock
P0025,S026,1,71,In Stock
P0026,S001,1,108,In Stock
P0026,S002,1,89,In Stock
P0026,S003,1,104,In Stock
P0026,S005,1,105,In Stock
P0026,S006,1,108,In Stock
P0026,S008,2,46,In Stock
P0026,S009,1,52,In Stock
P0026,S010,1,89,In Stock
P0026,S013,4,54,In Stock
P0026,S014,1,58,In Stock
P0026,S015,3,86,In Stock
P0026,S016,1,57,In Stock
P0026,S018,1,29,In Stock
P0026,S019,1,83,In Stock
P0026,S020,1,108,In Stock
P0026,S021,2,19,In Stock
P0026,S022,1,108,In Stock
P0026,S023,1,82,In Stock
P0027,S001,0,59,Out of Stock
P0027,S004,2,82,In Stock
P0027,S005,1,57,In Stock
P0027,S008,4,34,In Stock
P0027,S009,4,15,In Stock
P0027,S010,4,15,In Stock
P0027,S011,2,97,In Stock
P0027,S012,1,49,In Stock
P0027,S014,1,114,In Stock
P0027,S015,0,45,Out of Stock
P0027,S016,2,110,In Stock
P0027,S018,1,80,In Stock
P0027,S019,1,60,In Stock
P0027,S020,1,56,In Stock
P0027,S022,1,102,In Stock
P0027,S023,1,53,In Stock
P0027,S024,2,86,In Stock
P0027,S025,2,48,In Stock
P0027,S026,1,65,In Stock
P0028,S001,1,18,In Stock
P0028,S003,1,102,In Stock
P0028,S005,1,70,In Stock
P0028,S006,1,76,In Stock
P0028,S007,1,26,In Stock
P0028,S008,1,93,In Stock
P0028,S009,1,18,In Stock
P0028,S010,1,80,In Stock
P0028,S013,1,44,In Stock
P0028,S014,1,25,In Stock
P0028,S015,1,110,In Stock
P0028,S016,1,27,In Stock
P0028,S017,1,65,In Stock
P0028,S019,1,109,In Stock
P0028,S020,1,84,In Stock
P0028,S023,1,69,In Stock
P0028,S024,1,46,In Stock
P0028,S025,1,94,In Stock
P0028,S026,1,56,In Stock
P0029,S001,2,110,In Stock
P0029,S002,1,28,In Stock
P0029,S003,1,97,In Stock
P0029,S005,1,89,In Stock
P0029,S006,0,118,Out of Stock
P0029,S007,1,107,In Stock
P0029,S008,1,55,In Stock
P0029,S009,1,54,In Stock
P0029,S011,1,29,In Stock
P0029,S013,1,61,In Stock
P0029,S014,1,39,In Stock
P0029,S015,1,25,In Stock
P0029,S016,1,78,In Stock
P0029,S019,1,111,In Stock
P0029,S020,1,105,In Stock
P0029,S021,1,56,In Stock
P0029,S023,1,66,In Stock
P0029,S024,1,79,In Stock
P0029,S025,1,85,In Stock
P0029,S026,1,16,In Stock
P0030,S001,1,13,In Stock
P0030,S002,0,9,Out of Stock
P0030,S003,5,24,In Stock
P0030,S004,12,5,In Stock
P0030,S005,1,5,In Stock
P0030,S006,4,28,In Stock
P0030,S007,2,21,In Stock
P0030,S008,8,25,In Stock
P0030,S009,3,26,In Stock
P0030,S010,5,45,In Stock
P0030,S011,2,38,In Stock
P0030,S012,3,18,In Stock
P0030,S013,15,5,In Stock
P0030,S014,1,30,In Stock
P0030,S015,1,23,In Stock
P0030,S016,7,7,In Stock
P0030,S017,1,22,In Stock
P0030,S018,6,38,In Stock
P0030,S019,3,28,In Stock
P0030,S020,3,6,In Stock
P0030,S021,2,34,In Stock
P0030,S022,8,23,In Stock
P0030,S023,4,32,In Stock
P0030,S024,5,37,In Stock
P0030,S025,4,12,In Stock
P0030,S026,4,19,In Stock
P0031,S001,2,24,In Stock
P0031,S002,3,39,In Stock
P0031,S003,1,26,In Stock
P0031,S004,1,23,In Stock
P0031,S005,2,10,In Stock
P0031,S006,1,33,In Stock
P0031,S007,1,44,In Stock
P0031,S008,1,44,In Stock
P0031,S009,1,28,In Stock
P0031,S010,1,21,In Stock
P0031,S011,3,30,In Stock
P0031,S012,1,6,In Stock
P0031,S013,2,28,In Stock
P0031,S014,1,40,In Stock
P0031,S015,3,6,In Stock
P0031,S016,1,16,In Stock
P0031,S017,1,41,In Stock
P0031,S018,2,14,In Stock
P0031,S019,1,32,In Stock
P0031,S020,1,27,In Stock
P0031,S021,1,30,In Stock
P0031,S022,1,27,In Stock
P0031,S023,1,36,In Stock
P0031,S024,1,40,In Stock
P0031,S025,3,24,In Stock
P0031,S026,1,14,In Stock
P0032,S001,1,139,In Stock
P0032,S002,1,83,In Stock
P0032,S003,1,216,In Stock
P0032,S004,1,263,In Stock
P0032,S005,1,114,In Stock
P0032,S006,1,198,In Stock
P0032,S007,1,93,In Stock
P0032,S008,1,99,In Stock
P0032,S009,2,160,In Stock
P0032,S010,1,225,In Stock
P0032,S011,1,192,In Stock
P0032,S013,1,127,In Stock
P0032,S014,1,69,In Stock
P0032,S015,1,153,In Stock
P0032,S016,1,218,In Stock
P0032,S017,1,166,In Stock
P0032,S018,1,234,In Stock
P0032,S019,1,248,In Stock
P0032,S020,1,70,In Stock
P0032,S021,1,229,In Stock
P0032,S024,1,153,In Stock
P0032,S025,1,200,In Stock
P0032,S026,1,68,In Stock
P0033,S001,2,30,In Stock
P0033,S002,1,27,In Stock
P0033,S003,1,10,In Stock
P0033,S004,1,37,In Stock
P0033,S005,1,20,In Stock
P0033,S006,6,28,In Stock
P0033,S007,1,23,In Stock
P0033,S008,2,11,In Stock
P0033,S009,1,30,In Stock
P0033,S010,1,22,In Stock
P0033,S011,1,41,In Stock
P0033,S012,1,22,In Stock
P0033,S013,3,12,In Stock
P0033,S014,1,12,In Stock
P0033,S015,3,22,In Stock
P0033,S016,2,43,In Stock
P0033,S017,1,28,In Stock
P0033,S018,2,28,In Stock
P0033,S019,7,22,In Stock
P0033,S020,1,6,In Stock
P0033,S021,1,34,In Stock
P0033,S022,1,20,In Stock
P0033,S023,1,33,In Stock
P0033,S024,2,44,In Stock
P0033,S025,1,27,In Stock
P0033,S026,2,26,In Stock
P0034,S001,1,74,In Stock
P0034,S002,1,38,In Stock
P0034,S003,1,52,In Stock
P0034,S006,1,99,In Stock
P0034,S008,2,117,In Stock
P0034,S009,0,46,Out of Stock
P0034,S010,1,112,In Stock
P0034,S013,1,44,In Stock
P0034,S014,1,16,In Stock
P0034,S016,1,32,In Stock
P0034,S019,1,92,In Stock
P0034,S021,2,46,In Stock
P0034,S024,1,79,In Stock
P0034,S026,1,100,In Stock
P0035,S001,3,110,In Stock
P0035,S002,3,47,In Stock
P0035,S003,5,69,In Stock
P0035,S005,1,50,In Stock
P0035,S006,1,87,In Stock
P0035,S007,1,116,In Stock
P0035,S008,2,18,In Stock
P0035,S010,1,41,In Stock
P0035,S011,1,90,In Stock
P0035,S013,3,119,In Stock
P0035,S015,3,36,In Stock
P0035,S016,4,77,In Stock
P0035,S018,1,28,In Stock
P0035,S019,1,76,In Stock
P0035,S020,2,66,In Stock
P0035,S024,1,60,In Stock
P0036,S001,0,53,Out of Stock
P0036,S002,1,29,In Stock
P0036,S003,1,38,In Stock
P0036,S004,2,30,In Stock
P0036,S006,1,88,In Stock
P0036,S008,1,106,In Stock
P0036,S009,2,113,In Stock
P0036,S010,1,45,In Stock
P0036,S011,1,54,In Stock
P0036,S012,1,78,In Stock
P0036,S013,1,42,In Stock
P0036,S014,1,70,In Stock
P0036,S016,1,67,In Stock
P0036,S017,1,117,In Stock
P0036,S018,1,58,In Stock
P0036,S019,1,60,In Stock
P0036,S020,1,68,In Stock
P0036,S022,1,43,In Stock
P0036,S024,1,64,In Stock
P0036,S025,1,45,In Stock
P0037,S001,43,367,In Stock
P0037,S002,105,477,In Stock
P0037,S003,137,348,In Stock
P0037,S005,93,326,In Stock
P0037,S006,136,213,In Stock
P0037,S007,67,524,In Stock
P0037,S008,121,468,In Stock
P0037,S009,101,185,In Stock
P0037,S010,63,508,In Stock
P0037,S011,99,390,In Stock
P0037,S012,107,294,In Stock
P0037,S014,41,266,In Stock
P0037,S016,145,290,In Stock
P0037,S017,70,380,In Stock
P0037,S019,146,318,In Stock
P0037,S020,55,372,In Stock
P0037,S022,146,540,In Stock
P0037,S023,32,522,In Stock
P0037,S024,58,262,In Stock
P0037,S025,62,531,In Stock
P0037,S026,77,489,In Stock
P0038,S001,4,79,In Stock
P0038,S003,3,31,In Stock
P0038,S004,1,28,In Stock
P0038,S006,4,97,In Stock
P0038,S007,1,18,In Stock
P0038,S008,5,69,In Stock
P0038,S009,1,55,In Stock
P0038,S010,1,90,In Stock
P0038,S011,1,29,In Stock
P0038,S012,1,66,In Stock
P0038,S013,5,53,In Stock
P0038,S014,2,107,In Stock
P0038,S015,1,46,In Stock
P0038,S016,1,73,In Stock
P0038,S017,1,51,In Stock
P0038,S018,1,93,In Stock
P0038,S019,3,49,In Stock
P0038,S024,1,36,In Stock
P0038,S025,1,22,In Stock
P0038,S026,1,80,In Stock
P0039,S001,51,287,In Stock
P0039,S002,126,220,In Stock
P0039,S003,127,351,In Stock
P0039,S005,142,384,In Stock
P0039,S008,49,447,In Stock
P0039,S009,58,367,In Stock
P0039,S010,41,227,In Stock
P0039,S011,144,382,In Stock
P0039,S013,50,282,In Stock
P0039,S015,49,260,In Stock
P0039,S016,77,461,In Stock
P0039,S019,50,340,In Stock
P0039,S020,120,343,In Stock
P0039,S021,94,277,In Stock
P0039,S022,120,306,In Stock
P0039,S025,102,511,In Stock
P0039,S026,84,297,In Stock
P0040,S001,1,191,In Stock
P0040,S002,1,197,In Stock
P0040,S005,1,199,In Stock
P0040,S006,1,219,In Stock
P0040,S007,1,176,In Stock
P0040,S008,1,205,In Stock
P0040,S009,1,80,In Stock
P0040,S010,0,152,Out of Stock
P0040,S011,1,76,In Stock
P0040,S012,1,119,In Stock
P0040,S013,1,121,In Stock
P0040,S014,1,211,In Stock
P0040,S015,1,256,In Stock
P0040,S019,1,161,In Stock
P0040,S020,1,68,In Stock
P0040,S023,1,90,In Stock
P0040,S024,1,175,In Stock
P0041,S002,1,63,In Stock
P0041,S003,1,82,In Stock
P0041,S004,1,20,In Stock
P0041,S005,0,107,Out of Stock
P0041,S008,2,29,In Stock
P0041,S009,1,34,In Stock
P0041,S010,1,105,In Stock
P0041,S012,1,108,In Stock
P0041,S013,1,61,In Stock
P0041,S014,1,87,In Stock
P0041,S015,5,55,In Stock
P0041,S016,1,52,In Stock
P0041,S018,1,38,In Stock
P0041,S019,1,43,In Stock
P0041,S020,1,109,In Stock
P0041,S022,1,118,In Stock
P0041,S026,1,64,In Stock
P0042,S001,1,66,In Stock
P0042,S003,1,111,In Stock
P0042,S005,1,91,In Stock
P0042,S006,1,80,In Stock
P0042,S008,1,40,In Stock
P0042,S009,1,105,In Stock
P0042,S010,1,91,In Stock
P0042,S012,1,51,In Stock
P0042,S013,1,108,In Stock
P0042,S014,1,17,In Stock
P0042,S017,0,75,Out of Stock
P0042,S018,1,86,In Stock
P0042,S019,1,80,In Stock
P0042,S020,1,45,In Stock
P0042,S023,1,44,In Stock
P0042,S024,1,84,In Stock
P0043,S003,1,91,In Stock
P0043,S006,1,116,In Stock
P0043,S008,2,86,In Stock
P0043,S009,1,105,In Stock
P0043,S010,1,26,In Stock
P0043,S011,3,106,In Stock
P0043,S013,1,113,In Stock
P0043,S014,3,95,In Stock
P0043,S015,1,95,In Stock
P0043,S017,1,29,In Stock
P0043,S019,1,112,In Stock
P0043,S020,1,94,In Stock
P0043,S021,1,78,In Stock
P0043,S024,2,117,In Stock
P0043,S025,1,70,In Stock
P0044,S001,1,37,In Stock
P0044,S002,1,73,In Stock
P0044,S003,1,68,In Stock
P0044,S005,1,71,In Stock
P0044,S007,1,66,In Stock
P0044,S008,3,118,In Stock
P0044,S009,1,66,In Stock
P0044,S010,1,88,In Stock
P0044,S013,1,45,In Stock
P0044,S014,1,41,In Stock
P0044,S015,1,71,In Stock
P0044,S016,1,72,In Stock
P0044,S019,0,48,Out of Stock
P0044,S020,1,70,In Stock
P0044,S021,1,40,In Stock
P0044,S022,1,76,In Stock
P0044,S024,1,79,In Stock
P0044,S026,1,20,In Stock
P0045,S001,1,64,In Stock
P0045,S002,1,72,In Stock
P0045,S003,1,37,In Stock
P0045,S004,1,84,In Stock
P0045,S005,2,100,In Stock
P0045,S007,1,48,In Stock
P0045,S008,1,117,In Stock
P0045,S009,1,69,In Stock
P0045,S010,1,79,In Stock
P0045,S011,1,114,In Stock
P0045,S013,1,44,In Stock
P0045,S014,1,38,In Stock
P0045,S015,0,19,Out of Stock
P0045,S016,1,104,In Stock
P0045,S017,1,15,In Stock
P0045,S019,1,54,In Stock
P0045,S020,1,94,In Stock
P0045,S021,1,60,In Stock
P0045,S023,1,114,In Stock
P0045,S024,1,45,In Stock
P0046,S001,0,95,Out of Stock
P0046,S002,1,263,In Stock
P0046,S003,1,196,In Stock
P0046,S004,1,270,In Stock
P0046,S005,1,179,In Stock
P0046,S006,0,94,Out of Stock
P0046,S007,1,90,In Stock
P0046,S008,1,134,In Stock
P0046,S009,1,252,In Stock
P0046,S010,1,238,In Stock
P0046,S011,1,217,In Stock
P0046,S013,1,150,In Stock
P0046,S014,1,129,In Stock
P0046,S015,1,252,In Stock
P0046,S017,0,213,Out of Stock
P0046,S019,1,264,In Stock
P0046,S020,1,214,In Stock
P0046,S021,1,141,In Stock
P0046,S023,1,107,In Stock
P0046,S026,1,227,In Stock
P0047,S001,1,104,In Stock
P0047,S002,1,25,In Stock
P0047,S003,1,23,In Stock
P0047,S005,1,50,In Stock
P0047,S006,2,45,In Stock
P0047,S008,1,29,In Stock
P0047,S013,1,18,In Stock
P0047,S014,1,83,In Stock
P0047,S016,1,90,In Stock
P0047,S017,1,54,In Stock
P0047,S018,1,64,In Stock
P0047,S019,2,41,In Stock
P0047,S020,1,108,In Stock
P0047,S021,1,116,In Stock
P0047,S024,1,120,In Stock
P0047,S025,1,94,In Stock
P0048,S001,1,217,In Stock
P0048,S002,1,146,In Stock
P0048,S003,1,134,In Stock
P0048,S005,3,129,In Stock
P0048,S007,1,199,In Stock
P0048,S008,1,165,In Stock
P0048,S009,1,269,In Stock
P0048,S013,1,217,In Stock
P0048,S015,1,69,In Stock
P0048,S016,1,119,In Stock
P0048,S017,1,87,In Stock
P0048,S018,1,198,In Stock
P0048,S019,1,159,In Stock
P0048,S021,1,166,In Stock
P0048,S023,1,181,In Stock
P0048,S024,1,78,In Stock
P0048,S025,1,115,In Stock
P0049,S001,1,69,In Stock
P0049,S003,1,108,In Stock
P0049,S008,1,19,In Stock
P0049,S010,2,117,In Stock
P0049,S011,1,96,In Stock
P0049,S012,1,119,In Stock
P0049,S013,2,17,In Stock
P0049,S014,1,114,In Stock
P0049,S015,1,90,In Stock
P0049,S016,1,72,In Stock
P0049,S017,1,70,In Stock
P0049,S019,1,46,In Stock
P0049,S020,1,77,In Stock
P0049,S024,2,17,In Stock
P0049,S025,1,30,In Stock
P0049,S026,1,101,In Stock
P0050,S001,1,75,In Stock
P0050,S003,1,97,In Stock
P0050,S005,1,183,In Stock
P0050,S006,1,122,In Stock
P0050,S007,1,99,In Stock
P0050,S008,1,197,In Stock
P0050,S009,1,86,In Stock
P0050,S010,1,221,In Stock
P0050,S011,1,86,In Stock
P0050,S012,1,163,In Stock
P0050,S013,1,104,In Stock
P0050,S015,1,241,In Stock
P0050,S016,1,66,In Stock
P0050,S018,1,139,In Stock
P0050,S019,1,91,In Stock
P0050,S020,1,250,In Stock
P0050,S022,1,126,In Stock
P0050,S024,1,161,In Stock
P0050,S025,1,117,In Stock
P0050,S026,1,134,In Stock
P0051,S001,1,99,In Stock
P0051,S002,1,117,In Stock
P0051,S005,1,76,In Stock
P0051,S006,1,105,In Stock
P0051,S007,1,90,In Stock
P0051,S008,1,102,In Stock
P0051,S010,1,23,In Stock
P0051,S011,1,53,In Stock
P0051,S013,1,81,In Stock
P0051,S014,1,89,In Stock
P0051,S015,3,66,In Stock
P0051,S016,1,25,In Stock
P0051,S020,1,66,In Stock
P0051,S021,1,76,In Stock
P0051,S022,1,96,In Stock
P0051,S023,1,16,In Stock
P0051,S024,1,103,In Stock
P0052,S001,1,47,In Stock
P0052,S002,1,66,In Stock
P0052,S003,1,48,In Stock
P0052,S004,1,116,In Stock
P0052,S006,1,76,In Stock
P0052,S008,1,19,In Stock
P0052,S009,1,82,In Stock
P0052,S010,1,51,In Stock
P0052,S011,1,33,In Stock
P0052,S012,1,103,In Stock
P0052,S013,1,63,In Stock
P0052,S014,1,43,In Stock
P0052,S016,1,93,In Stock
P0052,S018,1,25,In Stock
P0052,S019,1,80,In Stock
P0052,S020,1,63,In Stock
P0052,S021,1,75,In Stock
P0052,S022,1,63,In Stock
P0052,S024,1,25,In Stock
P0053,S001,1,98,In Stock
P0053,S002,1,58,In Stock
P0053,S003,1,62,In Stock
P0053,S004,1,99,In Stock
P0053,S005,1,90,In Stock
P0053,S006,1,93,In Stock
P0053,S008,1,120,In Stock
P0053,S009,1,86,In Stock
P0053,S010,1,66,In Stock
P0053,S011,1,34,In Stock
P0053,S012,1,114,In Stock
P0053,S013,4,119,In Stock
P0053,S014,1,65,In Stock
P0053,S015,1,54,In Stock
P0053,S017,1,99,In Stock
P0053,S018,1,64,In Stock
P0053,S019,1,26,In Stock
P0053,S020,1,20,In Stock
P0053,S022,1,97,In Stock
P0053,S024,1,104,In Stock
P0053,S025,1,63,In Stock
P0053,S026,1,84,In Stock
P0054,S001,1,10,In Stock
P0054,S002,5,28,In Stock
P0054,S003,1,14,In Stock
P0054,S004,2,28,In Stock
P0054,S005,6,20,In Stock
P0054,S006,2,29,In Stock
P0054,S007,1,6,In Stock
P0054,S008,5,22,In Stock
P0054,S009,4,17,In Stock
P0054,S010,6,18,In Stock
P0054,S011,2,34,In Stock
P0054,S012,1,39,In Stock
P0054,S013,2,31,In Stock
P0054,S014,6,45,In Stock
P0054,S015,2,43,In Stock
P0054,S016,4,35,In Stock
P0054,S017,1,9,In Stock
P0054,S018,4,45,In Stock
P0054,S019,3,14,In Stock
P0054,S020,1,42,In Stock
P0054,S021,2,13,In Stock
P0054,S022,0,38,Out of Stock
P0054,S023,2,30,In Stock
P0054,S024,4,13,In Stock
P0054,S025,2,13,In Stock
P0054,S026,1,32,In Stock
P0055,S001,1,129,In Stock
P0055,S002,1,244,In Stock
P0055,S003,1,265,In Stock
P0055,S004,1,261,In Stock
P0055,S005,1,233,In Stock
P0055,S006,1,85,In Stock
P0055,S008,1,75,In Stock
P0055,S009,1,112,In Stock
P0055,S013,1,240,In Stock
P0055,S014,1,270,In Stock
P0055,S017,1,236,In Stock
P0055,S019,1,118,In Stock
P0055,S023,1,162,In Stock
P0055,S024,1,239,In Stock
P0056,S001,1,46,In Stock
P0056,S002,1,88,In Stock
P0056,S003,1,63,In Stock
P0056,S004,1,32,In Stock
P0056,S005,1,105,In Stock
P0056,S006,1,59,In Stock
P0056,S007,1,60,In Stock
P0056,S008,1,92,In Stock
P0056,S009,1,99,In Stock
P0056,S010,2,86,In Stock
P0056,S011,1,15,In Stock
P0056,S012,1,25,In Stock
P0056,S013,1,69,In Stock
P0056,S014,1,108,In Stock
P0056,S015,1,33,In Stock
P0056,S017,1,86,In Stock
P0056,S019,1,88,In Stock
P0056,S022,1,23,In Stock
P0056,S023,1,93,In Stock
P0056,S024,1,53,In Stock
P0057,S001,6,81,In Stock
P0057,S003,1,113,In Stock
P0057,S005,0,15,Out of Stock
P0057,S006,4,55,In Stock
P0057,S008,2,106,In Stock
P0057,S010,1,27,In Stock
P0057,S011,4,51,In Stock
P0057,S012,2,74,In Stock
P0057,S013,5,52,In Stock
P0057,S014,4,94,In Stock
P0057,S015,5,113,In Stock
P0057,S016,1,91,In Stock
P0057,S017,3,28,In Stock
P0057,S019,5,63,In Stock
P0057,S020,3,86,In Stock
P0057,S021,0,69,Out of Stock
P0057,S022,1,46,In Stock
P0057,S023,1,15,In Stock
P0057,S024,4,114,In Stock
P0057,S026,2,50,In Stock
P0058,S001,1,90,In Stock
P0058,S002,1,32,In Stock
P0058,S003,1,88,In Stock
P0058,S005,3,17,In Stock
P0058,S006,1,68,In Stock
P0058,S007,1,65,In Stock
P0058,S008,5,44,In Stock
P0058,S009,5,63,In Stock
P0058,S012,2,117,In Stock
P0058,S013,3,34,In Stock
P0058,S014,3,15,In Stock
P0058,S015,2,54,In Stock
P0058,S017,5,66,In Stock
P0058,S018,2,49,In Stock
P0058,S019,5,99,In Stock
P0058,S021,1,113,In Stock
P0058,S022,1,18,In Stock
P0058,S024,1,69,In Stock
P0058,S026,2,54,In Stock
P0059,S001,1,20,In Stock
P0059,S003,1,44,In Stock
P0059,S006,1,46,In Stock
P0059,S008,1,115,In Stock
P0059,S010,1,58,In Stock
P0059,S011,1,118,In Stock
P0059,S012,1,101,In Stock
P0059,S013,1,105,In Stock
P0059,S014,2,39,In Stock
P0059,S015,1,37,In Stock
P0059,S016,1,92,In Stock
P0059,S019,1,82,In Stock
P0059,S020,1,59,In Stock
P0059,S022,1,99,In Stock
P0059,S023,1,77,In Stock
P0059,S026,1,85,In Stock
P0060,S001,2,15,In Stock
P0060,S002,2,18,In Stock
P0060,S003,3,24,In Stock
P0060,S004,1,7,In Stock
P0060,S005,1,27,In Stock
P0060,S006,2,6,In Stock
P0060,S007,0,16,Out of Stock
P0060,S008,2,37,In Stock
P0060,S009,1,19,In Stock
P0060,S010,1,38,In Stock
P0060,S011,1,42,In Stock
P0060,S012,2,36,In Stock
P0060,S013,1,23,In Stock
P0060,S014,3,9,In Stock
P0060,S015,2,9,In Stock
P0060,S016,1,23,In Stock
P0060,S017,2,33,In Stock
P0060,S018,1,35,In Stock
P0060,S019,2,24,In Stock
P0060,S020,3,15,In Stock
P0060,S021,1,22,In Stock
P0060,S022,1,31,In Stock
P0060,S023,1,15,In Stock
P0060,S024,1,42,In Stock
P0060,S025,1,24,In Stock
P0060,S026,2,21,In Stock
P0061,S001,3,37,In Stock
P0061,S002,6,68,In Stock
P0061,S003,1,120,In Stock
P0061,S005,1,36,In Stock
P0061,S006,5,63,In Stock
P0061,S007,1,31,In Stock
P0061,S008,1,81,In Stock
P0061,S009,1,28,In Stock
P0061,S010,1,120,In Stock
P0061,S011,1,53,In Stock
P0061,S013,2,34,In Stock
P0061,S014,1,81,In Stock
P0061,S015,1,116,In Stock
P0061,S017,5,79,In Stock
P0061,S018,3,69,In Stock
P0061,S019,5,80,In Stock
P0061,S020,1,54,In Stock
P0061,S022,1,19,In Stock
P0061,S023,1,116,In Stock
P0061,S024,1,75,In Stock
P0061,S026,1,28,In Stock
P0062,S001,4,44,In Stock
P0062,S002,1,28,In Stock
P0062,S003,2,107,In Stock
P0062,S004,1,87,In Stock
P0062,S005,1,28,In Stock
P0062,S008,1,30,In Stock
P0062,S010,1,82,In Stock
P0062,S013,1,101,In Stock
P0062,S014,2,79,In Stock
P0062,S019,1,50,In Stock
P0062,S020,2,89,In Stock
P0062,S024,1,72,In Stock
P0062,S025,1,20,In Stock
P0062,S026,1,40,In Stock
P0063,S001,2,39,In Stock
P0063,S004,1,83,In Stock
P0063,S005,1,23,In Stock
P0063,S006,1,75,In Stock
P0063,S007,1,33,In Stock
P0063,S008,2,32,In Stock
P0063,S009,2,26,In Stock
P0063,S012,1,88,In Stock
P0063,S013,5,77,In Stock
P0063,S014,3,26,In Stock
P0063,S015,3,35,In Stock
P0063,S016,1,93,In Stock
P0063,S017,1,25,In Stock
P0063,S019,1,63,In Stock
P0063,S020,1,88,In Stock
P0063,S021,1,109,In Stock
P0063,S023,1,90,In Stock
P0063,S024,1,109,In Stock
P0064,S001,1,34,In Stock
P0064,S002,1,7,In Stock
P0064,S003,1,33,In Stock
P0064,S004,1,19,In Stock
P0064,S005,1,34,In Stock
P0064,S006,1,21,In Stock
P0064,S007,1,8,In Stock
P0064,S008,1,15,In Stock
P0064,S009,1,16,In Stock
P0064,S010,1,40,In Stock
P0064,S011,1,43,In Stock
P0064,S012,1,18,In Stock
P0064,S013,1,10,In Stock
P0064,S014,1,27,In Stock
P0064,S015,0,22,Out of Stock
P0064,S016,1,35,In Stock
P0064,S017,1,18,In Stock
P0064,S018,1,23,In Stock
P0064,S019,1,30,In Stock
P0064,S020,1,25,In Stock
P0064,S021,0,42,Out of Stock
P0064,S022,1,26,In Stock
P0064,S023,1,35,In Stock
P0064,S024,1,27,In Stock
P0064,S025,2,18,In Stock
P0064,S026,1,14,In Stock
P0065,S001,1,250,In Stock
P0065,S002,1,239,In Stock
P0065,S003,1,109,In Stock
P0065,S005,1,252,In Stock
P0065,S006,1,76,In Stock
P0065,S007,1,158,In Stock
P0065,S008,0,157,Out of Stock
P0065,S009,1,236,In Stock
P0065,S010,1,263,In Stock
P0065,S011,1,241,In Stock
P0065,S013,1,187,In Stock
P0065,S015,1,251,In Stock
P0065,S016,1,66,In Stock
P0065,S018,1,188,In Stock
P0065,S019,1,92,In Stock
P0065,S021,1,246,In Stock
P0065,S023,1,155,In Stock
P0065,S024,1,161,In Stock
P0065,S025,1,72,In Stock
P0065,S026,1,173,In Stock
P0066,S001,4,114,In Stock
P0066,S002,1,25,In Stock
P0066,S003,1,115,In Stock
P0066,S005,1,67,In Stock
P0066,S006,1,34,In Stock
P0066,S007,1,70,In Stock
P0066,S008,5,104,In Stock
P0066,S009,1,120,In Stock
P0066,S010,4,97,In Stock
P0066,S012,1,112,In Stock
P0066,S013,6,79,In Stock
P0066,S014,2,25,In Stock
P0066,S015,2,32,In Stock
P0066,S019,2,107,In Stock
P0066,S020,2,24,In Stock
P0066,S024,1,47,In Stock
P0066,S025,1,15,In Stock
P0067,S001,1,27,In Stock
P0067,S002,1,29,In Stock
P0067,S003,2,116,In Stock
P0067,S005,2,21,In Stock
P0067,S006,1,28,In Stock
P0067,S009,1,21,In Stock
P0067,S010,1,43,In Stock
P0067,S012,1,72,In Stock
P0067,S013,2,93,In Stock
P0067,S015,2,53,In Stock
P0067,S016,1,98,In Stock
P0067,S018,1,18,In Stock
P0067,S019,5,28,In Stock
P0067,S020,2,87,In Stock
P0067,S022,1,54,In Stock
P0067,S025,1,48,In Stock
P0068,S001,1,23,In Stock
P0068,S002,1,21,In Stock
P0068,S003,1,116,In Stock
P0068,S006,1,26,In Stock
P0068,S007,1,51,In Stock
P0068,S008,2,59,In Stock
P0068,S009,1,67,In Stock
P0068,S010,1,89,In Stock
P0068,S011,1,110,In Stock
P0068,S012,1,63,In Stock
P0068,S013,3,116,In Stock
P0068,S014,1,38,In Stock
P0068,S015,1,71,In Stock
P0068,S016,1,98,In Stock
P0068,S017,1,59,In Stock
P0068,S019,2,55,In Stock
P0068,S020,2,51,In Stock
P0068,S021,1,116,In Stock
P0068,S022,1,78,In Stock
P0069,S001,2,87,In Stock
P0069,S002,2,26,In Stock
P0069,S003,1,22,In Stock
P0069,S004,1,19,In Stock
P0069,S005,1,29,In Stock
P0069,S006,1,44,In Stock
P0069,S008,1,97,In Stock
P0069,S009,1,84,In Stock
P0069,S010,1,71,In Stock
P0069,S011,1,23,In Stock
P0069,S013,2,89,In Stock
P0069,S014,1,54,In Stock
P0069,S015,1,68,In Stock
P0069,S019,2,103,In Stock
P0069,S021,1,89,In Stock
P0069,S022,1,26,In Stock
P0069,S024,1,28,In Stock
P0069,S025,2,104,In Stock
P0070,S001,1,97,In Stock
P0070,S002,1,59,In Stock
P0070,S003,1,61,In Stock
P0070,S004,1,36,In Stock
P0070,S006,1,29,In Stock
P0070,S008,1,30,In Stock
P0070,S009,1,71,In Stock
P0070,S010,1,64,In Stock
P0070,S012,1,43,In Stock
P0070,S013,3,85,In Stock
P0070,S014,1,52,In Stock
P0070,S016,1,77,In Stock
P0070,S017,1,91,In Stock
P0070,S018,1,78,In Stock
P0070,S019,1,73,In Stock
P0070,S020,1,32,In Stock
P0070,S022,1,39,In Stock
P0070,S023,1,55,In Stock
P0070,S024,1,51,In Stock
P0070,S026,1,77,In Stock
P0071,S001,1,98,In Stock
P0071,S003,1,102,In Stock
P0071,S005,1,86,In Stock
P0071,S006,0,108,Out of Stock
P0071,S007,1,66,In Stock
P0071,S008,1,105,In Stock
P0071,S009,0,66,Out of Stock
P0071,S010,1,120,In Stock
P0071,S011,1,66,In Stock
P0071,S012,1,65,In Stock
P0071,S013,1,18,In Stock
P0071,S014,1,76,In Stock
P0071,S015,1,70,In Stock
P0071,S016,1,96,In Stock
P0071,S017,1,32,In Stock
P0071,S018,1,73,In Stock
P0071,S020,1,38,In Stock
P0071,S021,1,106,In Stock
P0071,S022,1,93,In Stock
P0071,S023,1,46,In Stock
P0071,S025,1,47,In Stock
P0072,S001,1,93,In Stock
P0072,S002,1,28,In Stock
P0072,S005,3,78,In Stock
P0072,S006,1,37,In Stock
P0072,S008,2,47,In Stock
P0072,S009,1,119,In Stock
P0072,S011,1,110,In Stock
P0072,S013,1,20,In Stock
P0072,S014,1,42,In Stock
P0072,S015,1,30,In Stock
P0072,S017,1,31,In Stock
P0072,S019,1,95,In Stock
P0072,S020,1,37,In Stock
P0072,S023,1,119,In Stock
P0072,S024,1,52,In Stock
P0072,S025,1,43,In Stock
P0073,S001,1,44,In Stock
P0073,S002,1,73,In Stock
P0073,S003,1,20,In Stock
P0073,S004,1,110,In Stock
P0073,S005,1,41,In Stock
P0073,S006,1,53,In Stock
P0073,S007,0,36,Out of Stock
P0073,S008,1,51,In Stock
P0073,S011,1,105,In Stock
P0073,S013,1,23,In Stock
P0073,S014,1,71,In Stock
P0073,S015,1,29,In Stock
P0073,S017,1,56,In Stock
P0073,S018,1,22,In Stock
P0073,S019,1,30,In Stock
P0073,S020,1,62,In Stock
P0073,S021,1,34,In Stock
P0073,S022,1,55,In Stock
P0073,S023,1,98,In Stock
P0073,S025,1,106,In Stock
P0073,S026,1,78,In Stock
P0074,S002,1,41,In Stock
P0074,S004,1,97,In Stock
P0074,S005,0,60,Out of Stock
P0074,S006,1,55,In Stock
P0074,S007,1,81,In Stock
P0074,S009,1,98,In Stock
P0074,S011,1,15,In Stock
P0074,S013,1,42,In Stock
P0074,S015,1,110,In Stock
P0074,S016,1,109,In Stock
P0074,S017,1,42,In Stock
P0074,S018,1,53,In Stock
P0074,S019,1,21,In Stock
P0074,S020,1,107,In Stock
P0074,S022,2,119,In Stock
P0074,S024,1,72,In Stock
P0074,S026,1,87,In Stock
P0075,S001,1,255,In Stock
P0075,S002,1,63,In Stock
P0075,S003,1,87,In Stock
P0075,S004,1,251,In Stock
P0075,S005,1,178,In Stock
P0075,S006,1,188,In Stock
P0075,S007,1,114,In Stock
P0075,S008,1,75,In Stock
P0075,S009,1,128,In Stock
P0075,S010,1,197,In Stock
P0075,S011,1,111,In Stock
P0075,S013,1,160,In Stock
P0075,S014,1,207,In Stock
P0075,S015,1,209,In Stock
P0075,S016,1,136,In Stock
P0075,S017,1,174,In Stock
P0075,S018,1,72,In Stock
P0075,S019,1,106,In Stock
P0075,S020,1,79,In Stock
P0075,S022,1,140,In Stock
P0075,S023,1,175,In Stock
P0075,S025,1,251,In Stock
P0076,S001,2,120,In Stock
P0076,S003,1,33,In Stock
P0076,S004,1,34,In Stock
P0076,S005,2,35,In Stock
P0076,S006,1,26,In Stock
P0076,S007,1,118,In Stock
P0076,S008,1,15,In Stock
P0076,S011,1,35,In Stock
P0076,S013,1,26,In Stock
P0076,S014,2,41,In Stock
P0076,S015,1,30,In Stock
P0076,S016,1,21,In Stock
P0076,S019,1,36,In Stock
P0076,S021,1,98,In Stock
P0076,S022,1,75,In Stock
P0076,S024,1,53,In Stock
P0076,S026,1,101,In Stock
P0077,S001,1,42,In Stock
P0077,S002,1,90,In Stock
P0077,S003,1,65,In Stock
P0077,S005,1,109,In Stock
P0077,S006,1,34,In Stock
P0077,S007,1,50,In Stock
P0077,S008,1,86,In Stock
P0077,S012,1,74,In Stock
P0077,S013,2,83,In Stock
P0077,S014,1,97,In Stock
P0077,S015,2,86,In Stock
P0077,S016,1,107,In Stock
P0077,S017,1,24,In Stock
P0077,S018,1,83,In Stock
P0077,S019,2,70,In Stock
P0077,S023,1,73,In Stock
P0077,S024,1,66,In Stock
P0077,S026,1,85,In Stock
P0078,S001,0,19,Out of Stock
P0078,S002,0,4,Out of Stock
P0078,S003,1,13,In Stock
P0078,S004,1,12,In Stock
P0078,S005,0,3,Out of Stock
P0078,S006,0,12,Out of Stock
P0078,S007,0,1,Out of Stock
P0078,S008,0,18,Out of Stock
P0078,S009,0,19,Out of Stock
P0078,S010,0,13,Out of Stock
P0078,S011,2,10,In Stock
P0078,S012,0,8,Out of Stock
P0078,S013,0,9,Out of Stock
P0078,S014,0,20,Out of Stock
P0078,S015,2,11,In Stock
P0078,S016,0,13,Out of Stock
P0078,S017,1,7,In Stock
P0078,S018,1,8,In Stock
P0078,S019,0,12,Out of Stock
P0078,S020,0,13,Out of Stock
P0078,S021,0,7,Out of Stock
P0078,S022,0,20,Out of Stock
P0078,S023,0,18,Out of Stock
P0078,S024,0,15,Out of Stock
P0078,S025,0,12,Out of Stock
P0078,S026,1,6,In Stock
P0079,S001,5,58,In Stock
P0079,S004,1,71,In Stock
P0079,S005,1,48,In Stock
P0079,S006,1,37,In Stock
P0079,S008,0,109,Out of Stock
P0079,S009,2,15,In Stock
P0079,S010,2,33,In Stock
P0079,S012,1,41,In Stock
P0079,S013,8,52,In Stock
P0079,S014,1,47,In Stock
P0079,S015,1,102,In Stock
P0079,S016,1,113,In Stock
P0079,S019,1,54,In Stock
P0079,S020,1,17,In Stock
P0079,S021,1,26,In Stock
P0079,S022,1,42,In Stock
P0079,S024,1,50,In Stock
P0079,S025,1,113,In Stock
P0080,S001,1,65,In Stock
P0080,S002,1,93,In Stock
P0080,S003,1,19,In Stock
P0080,S005,1,63,In Stock
P0080,S006,1,48,In Stock
P0080,S008,1,85,In Stock
P0080,S009,1,89,In Stock
P0080,S010,1,67,In Stock
P0080,S011,1,56,In Stock
P0080,S012,1,115,In Stock
P0080,S013,1,94,In Stock
P0080,S014,1,104,In Stock
P0080,S015,1,78,In Stock
P0080,S016,1,59,In Stock
P0080,S018,1,80,In Stock
P0080,S019,1,27,In Stock
P0080,S021,1,85,In Stock
P0080,S022,1,76,In Stock
P0080,S024,1,87,In Stock
P0081,S001,2,25,In Stock
P0081,S002,6,30,In Stock
P0081,S003,1,22,In Stock
P0081,S005,1,107,In Stock
P0081,S006,1,60,In Stock
P0081,S008,1,106,In Stock
P0081,S011,1,42,In Stock
P0081,S012,1,42,In Stock
P0081,S013,1,65,In Stock
P0081,S014,1,97,In Stock
P0081,S015,1,37,In Stock
P0081,S017,1,21,In Stock
P0081,S019,2,87,In Stock
P0081,S020,1,22,In Stock
P0081,S023,1,77,In Stock
P0081,S024,0,95,Out of Stock
P0081,S025,1,114,In Stock
P0082,S001,1,23,In Stock
P0082,S002,1,94,In Stock
P0082,S003,1,51,In Stock
P0082,S004,1,89,In Stock
P0082,S005,1,74,In Stock
P0082,S006,1,46,In Stock
P0082,S008,1,56,In Stock
P0082,S009,0,59,Out of Stock
P0082,S012,1,86,In Stock
P0082,S013,2,80,In Stock
P0082,S014,1,42,In Stock
P0082,S015,1,57,In Stock
P0082,S017,0,36,Out of Stock
P0082,S018,1,100,In Stock
P0082,S019,1,63,In Stock
P0082,S020,1,68,In Stock
P0082,S022,1,74,In Stock
P0082,S024,1,37,In Stock
P0082,S025,1,23,In Stock
P0083,S001,1,16,In Stock
P0083,S002,1,105,In Stock
P0083,S004,1,61,In Stock
P0083,S005,1,76,In Stock
P0083,S006,1,120,In Stock
P0083,S008,0,112,Out of Stock
P0083,S009,1,90,In Stock
P0083,S013,1,55,In Stock
P0083,S014,1,83,In Stock
P0083,S016,1,113,In Stock
P0083,S017,1,117,In Stock
P0083,S019,4,107,In Stock
P0083,S020,1,90,In Stock
P0084,S001,5,26,In Stock
P0084,S002,1,27,In Stock
P0084,S003,1,8,In Stock
P0084,S004,1,13,In Stock
P0084,S005,1,21,In Stock
P0084,S006,3,43,In Stock
P0084,S007,1,22,In Stock
P0084,S008,3,32,In Stock
P0084,S009,2,22,In Stock
P0084,S010,1,19,In Stock
P0084,S011,3,17,In Stock
P0084,S012,1,28,In Stock
P0084,S013,1,44,In Stock
P0084,S014,0,15,Out of Stock
P0084,S015,1,24,In Stock
P0084,S016,3,38,In Stock
P0084,S017,3,7,In Stock
P0084,S018,1,30,In Stock
P0084,S019,3,10,In Stock
P0084,S020,1,28,In Stock
P0084,S021,1,17,In Stock
P0084,S022,1,22,In Stock
P0084,S023,1,10,In Stock
P0084,S024,1,30,In Stock
P0084,S025,1,6,In Stock
P0084,S026,1,16,In Stock
P0085,S001,1,121,In Stock
P0085,S002,1,263,In Stock
P0085,S004,1,218,In Stock
P0085,S005,1,69,In Stock
P0085,S006,0,242,Out of Stock
P0085,S008,1,66,In Stock
P0085,S009,1,75,In Stock
P0085,S011,1,85,In Stock
P0085,S012,1,155,In Stock
P0085,S013,1,165,In Stock
P0085,S014,1,262,In Stock
P0085,S015,1,68,In Stock
P0085,S017,1,87,In Stock
P0085,S018,1,182,In Stock
P0085,S019,1,187,In Stock
P0085,S020,1,239,In Stock
P0085,S022,1,110,In Stock
P0085,S026,1,233,In Stock
P0086,S002,1,18,In Stock
P0086,S004,1,105,In Stock
P0086,S005,1,49,In Stock
P0086,S006,1,36,In Stock
P0086,S007,1,93,In Stock
P0086,S008,1,68,In Stock
P0086,S009,1,72,In Stock
P0086,S010,1,105,In Stock
P0086,S011,1,102,In Stock
P0086,S015,1,114,In Stock
P0086,S017,1,120,In Stock
P0086,S018,1,72,In Stock
P0086,S019,1,40,In Stock
P0086,S022,1,73,In Stock
P0086,S025,1,41,In Stock
P0087,S001,102,228,In Stock
P0087,S002,133,187,In Stock
P0087,S003,113,477,In Stock
P0087,S004,101,381,In Stock
P0087,S005,71,320,In Stock
P0087,S008,101,490,In Stock
P0087,S010,70,330,In Stock
P0087,S012,126,496,In Stock
P0087,S013,107,240,In Stock
P0087,S014,65,437,In Stock
P0087,S015,50,454,In Stock
P0087,S016,118,333,In Stock
P0087,S019,142,283,In Stock
P0087,S020,120,443,In Stock
P0087,S021,87,511,In Stock
P0087,S023,63,508,In Stock
P0087,S025,86,459,In Stock
P0088,S001,11,66,In Stock
P0088,S004,3,59,In Stock
P0088,S008,8,87,In Stock
P0088,S009,4,38,In Stock
P0088,S010,9,96,In Stock
P0088,S011,2,71,In Stock
P0088,S013,24,56,In Stock
P0088,S016,5,90,In Stock
P0088,S019,4,81,In Stock
P0088,S020,7,86,In Stock
P0088,S021,3,53,In Stock
P0088,S022,1,49,In Stock
P0088,S023,2,92,In Stock
P0089,S002,123,509,In Stock
P0089,S004,103,209,In Stock
P0089,S005,102,534,In Stock
P0089,S007,95,202,In Stock
P0089,S008,95,482,In Stock
P0089,S009,48,203,In Stock
P0089,S013,130,236,In Stock
P0089,S016,128,317,In Stock
P0089,S017,76,531,In Stock
P0089,S018,30,527,In Stock
P0089,S019,37,502,In Stock
P0089,S020,135,347,In Stock
P0089,S021,137,253,In Stock
P0089,S023,77,232,In Stock
P0089,S024,148,423,In Stock
P0089,S025,119,391,In Stock
P0090,S001,0,83,Out of Stock
P0090,S002,1,107,In Stock
P0090,S003,0,44,Out of Stock
P0090,S004,1,29,In Stock
P0090,S005,1,19,In Stock
P0090,S006,5,99,In Stock
P0090,S008,2,61,In Stock
P0090,S011,4,71,In Stock
P0090,S012,2,101,In Stock
P0090,S013,9,110,In Stock
P0090,S014,1,85,In Stock
P0090,S016,5,82,In Stock
P0090,S017,3,72,In Stock
P0090,S018,1,116,In Stock
P0090,S019,1,69,In Stock
P0090,S020,0,100,Out of Stock
P0090,S023,1,17,In Stock
P0090,S024,5,68,In Stock
P0090,S025,1,36,In Stock
P0091,S001,1,51,In Stock
P0091,S002,1,99,In Stock
P0091,S003,1,61,In Stock
P0091,S005,1,24,In Stock
P0091,S006,0,34,Out of Stock
P0091,S008,1,38,In Stock
P0091,S009,1,108,In Stock
P0091,S010,1,70,In Stock
P0091,S011,1,32,In Stock
P0091,S012,1,113,In Stock
P0091,S013,1,81,In Stock
P0091,S014,1,103,In Stock
P0091,S015,1,64,In Stock
P0091,S016,0,118,Out of Stock
P0091,S017,1,46,In Stock
P0091,S018,1,20,In Stock
P0091,S019,1,84,In Stock
P0091,S020,1,82,In Stock
P0091,S021,1,112,In Stock
P0091,S022,1,97,In Stock
P0091,S026,1,57,In Stock
P0092,S001,55,517,In Stock
P0092,S002,35,476,In Stock
P0092,S003,118,291,In Stock
P0092,S004,108,359,In Stock
P0092,S005,56,260,In Stock
P0092,S006,43,391,In Stock
P0092,S008,39,206,In Stock
P0092,S009,30,515,In Stock
P0092,S010,130,248,In Stock
P0092,S011,83,201,In Stock
P0092,S013,141,187,In Stock
P0092,S014,119,374,In Stock
P0092,S015,144,199,In Stock
P0092,S016,128,414,In Stock
P0092,S017,33,382,In Stock
P0092,S018,44,301,In Stock
P0092,S019,126,272,In Stock
P0092,S020,61,328,In Stock
P0092,S022,54,527,In Stock
P0092,S024,143,342,In Stock
P0092,S025,60,200,In Stock
P0093,S001,1,74,In Stock
P0093,S002,1,75,In Stock
P0093,S003,1,105,In Stock
P0093,S004,1,111,In Stock
P0093,S007,1,31,In Stock
P0093,S008,1,103,In Stock
P0093,S009,1,89,In Stock
P0093,S010,1,68,In Stock
P0093,S011,1,59,In Stock
P0093,S013,1,25,In Stock
P0093,S014,1,86,In Stock
P0093,S015,1,111,In Stock
P0093,S017,0,16,Out of Stock
P0093,S018,1,31,In Stock
P0093,S019,1,71,In Stock
P0093,S020,1,30,In Stock
P0093,S021,1,112,In Stock
P0093,S023,1,19,In Stock
P0093,S024,1,97,In Stock
P0093,S026,1,119,In Stock
P0094,S001,1,22,In Stock
P0094,S002,1,56,In Stock
P0094,S003,1,41,In Stock
P0094,S005,1,80,In Stock
P0094,S006,1,25,In Stock
P0094,S008,1,118,In Stock
P0094,S010,1,31,In Stock
P0094,S013,1,100,In Stock
P0094,S014,1,18,In Stock
P0094,S019,1,23,In Stock
P0094,S020,1,17,In Stock
P0094,S024,1,49,In Stock
P0094,S025,1,42,In Stock
P0094,S026,1,32,In Stock
P0095,S001,140,247,In Stock
P0095,S003,101,357,In Stock
P0095,S004,35,438,In Stock
P0095,S005,122,233,In Stock
P0095,S006,146,476,In Stock
P0095,S009,96,262,In Stock
P0095,S011,136,393,In Stock
P0095,S012,140,414,In Stock
P0095,S013,51,255,In Stock
P0095,S014,99,348,In Stock
P0095,S015,36,369,In Stock
P0095,S016,42,511,In Stock
P0095,S018,102,508,In Stock
P0095,S019,91,525,In Stock
P0095,S021,48,214,In Stock
P0095,S022,87,321,In Stock
P0095,S024,141,304,In Stock
P0095,S025,79,375,In Stock
P0095,S026,41,382,In Stock
P0096,S001,1,30,In Stock
P0096,S003,1,31,In Stock
P0096,S004,1,37,In Stock
P0096,S005,2,96,In Stock
P0096,S006,1,90,In Stock
P0096,S007,1,78,In Stock
P0096,S008,2,55,In Stock
P0096,S010,1,31,In Stock
P0096,S012,1,116,In Stock
P0096,S013,1,80,In Stock
P0096,S015,2,116,In Stock
P0096,S016,1,59,In Stock
P0096,S019,1,116,In Stock
P0096,S023,1,116,In Stock
P0096,S024,3,82,In Stock
P0096,S025,1,78,In Stock
P0096,S026,1,81,In Stock
P0097,S001,1,103,In Stock
P0097,S003,1,41,In Stock
P0097,S008,1,36,In Stock
P0097,S009,1,58,In Stock
P0097,S010,1,94,In Stock
P0097,S011,1,68,In Stock
P0097,S012,1,114,In Stock
P0097,S013,1,94,In Stock
P0097,S014,1,42,In Stock
P0097,S015,2,66,In Stock
P0097,S016,1,96,In Stock
P0097,S018,1,26,In Stock
P0097,S019,2,80,In Stock
P0097,S020,2,52,In Stock
P0097,S022,1,35,In Stock
P0097,S024,1,103,In Stock
P0097,S026,1,90,In Stock
P0098,S001,2,88,In Stock
P0098,S002,1,66,In Stock
P0098,S003,1,100,In Stock
P0098,S007,1,68,In Stock
P0098,S008,1,66,In Stock
P0098,S009,1,99,In Stock
P0098,S010,1,16,In Stock
P0098,S011,1,49,In Stock
P0098,S013,1,73,In Stock
P0098,S014,2,51,In Stock
P0098,S016,1,20,In Stock
P0098,S019,2,75,In Stock
P0098,S020,1,117,In Stock
P0098,S024,1,25,In Stock
P0098,S026,1,26,In Stock
P0099,S001,94,434,In Stock
P0099,S002,140,246,In Stock
P0099,S003,68,468,In Stock
P0099,S004,54,465,In Stock
P0099,S006,53,424,In Stock
P0099,S008,125,264,In Stock
P0099,S009,39,481,In Stock
P0099,S010,43,304,In Stock
P0099,S012,73,299,In Stock
P0099,S013,56,253,In Stock
P0099,S014,123,368,In Stock
P0099,S015,38,413,In Stock
P0099,S016,131,428,In Stock
P0099,S017,82,378,In Stock
P0099,S018,115,471,In Stock
P0099,S019,98,298,In Stock
P0099,S020,142,268,In Stock
P0099,S023,117,336,In Stock
P0099,S024,117,180,In Stock
P0099,S025,123,394,In Stock
P0100,S001,53,219,In Stock
P0100,S002,150,343,In Stock
P0100,S003,91,180,In Stock
P0100,S006,118,366,In Stock
P0100,S007,47,207,In Stock
P0100,S008,126,339,In Stock
P0100,S009,61,271,In Stock
P0100,S011,103,195,In Stock
P0100,S012,106,247,In Stock
P0100,S013,123,477,In Stock
P0100,S014,87,274,In Stock
P0100,S015,149,484,In Stock
P0100,S018,147,191,In Stock
P0100,S019,144,538,In Stock
P0100,S020,39,295,In Stock
P0100,S021,100,478,In Stock
P0100,S022,131,338,In Stock
P0100,S023,73,398,In Stock
P0100,S024,149,432,In Stock
P0100,S025,145,536,In Stock
P0101,S001,1,82,In Stock
P0101,S002,1,16,In Stock
P0101,S003,1,21,In Stock
P0101,S007,1,114,In Stock
P0101,S009,1,79,In Stock
P0101,S010,1,83,In Stock
P0101,S011,1,99,In Stock
P0101,S013,1,83,In Stock
P0101,S014,1,118,In Stock
P0101,S016,1,111,In Stock
P0101,S017,1,69,In Stock
P0101,S019,1,58,In Stock
P0101,S020,1,43,In Stock
P0101,S021,1,56,In Stock
P0101,S022,3,58,In Stock
P0101,S024,1,53,In Stock
P0102,S001,1,44,In Stock
P0102,S003,1,67,In Stock
P0102,S004,1,35,In Stock
P0102,S005,1,84,In Stock
P0102,S007,1,99,In Stock
P0102,S008,2,80,In Stock
P0102,S010,1,95,In Stock
P0102,S011,1,97,In Stock
P0102,S012,1,40,In Stock
P0102,S013,3,31,In Stock
P0102,S014,1,51,In Stock
P0102,S015,1,107,In Stock
P0102,S017,1,89,In Stock
P0102,S018,2,16,In Stock
P0102,S019,1,97,In Stock
P0102,S020,1,94,In Stock
P0102,S021,2,82,In Stock
P0102,S022,1,67,In Stock
P0102,S023,1,49,In Stock
P0102,S024,0,52,Out of Stock
P0102,S025,1,73,In Stock
P0103,S001,10,44,In Stock
P0103,S002,8,10,In Stock
P0103,S003,1,14,In Stock
P0103,S004,2,31,In Stock
P0103,S005,1,31,In Stock
P0103,S006,1,37,In Stock
P0103,S007,0,9,Out of Stock
P0103,S008,5,37,In Stock
P0103,S009,4,33,In Stock
P0103,S010,7,31,In Stock
P0103,S011,7,10,In Stock
P0103,S012,2,13,In Stock
P0103,S013,6,39,In Stock
P0103,S014,5,26,In Stock
P0103,S015,5,42,In Stock
P0103,S016,2,32,In Stock
P0103,S017,1,5,In Stock
P0103,S018,2,33,In Stock
P0103,S019,6,33,In Stock
P0103,S020,1,24,In Stock
P0103,S021,0,23,Out of Stock
P0103,S022,1,7,In Stock
P0103,S023,4,43,In Stock
P0103,S024,1,18,In Stock
P0103,S025,3,33,In Stock
P0103,S026,4,13,In Stock
P0104,S001,2,86,In Stock
P0104,S002,1,15,In Stock
P0104,S003,2,54,In Stock
P0104,S004,2,59,In Stock
P0104,S005,0,119,Out of Stock
P0104,S006,1,90,In Stock
P0104,S008,3,66,In Stock
P0104,S009,1,84,In Stock
P0104,S010,1,82,In Stock
P0104,S013,1,102,In Stock
P0104,S014,1,101,In Stock
P0104,S015,1,41,In Stock
P0104,S016,1,33,In Stock
P0104,S019,3,51,In Stock
P0104,S020,1,57,In Stock
P0104,S022,1,23,In Stock
P0104,S024,1,102,In Stock
P0104,S025,1,73,In Stock
P0104,S026,1,89,In Stock
P0105,S001,1,235,In Stock
P0105,S002,1,243,In Stock
P0105,S005,1,223,In Stock
P0105,S006,1,149,In Stock
P0105,S007,1,191,In Stock
P0105,S008,1,245,In Stock
P0105,S010,1,88,In Stock
P0105,S011,1,239,In Stock
P0105,S012,1,182,In Stock
P0105,S013,1,245,In Stock
P0105,S014,1,150,In Stock
P0105,S019,1,234,In Stock
P0105,S020,1,217,In Stock
P0105,S021,1,158,In Stock
P0105,S022,1,248,In Stock
P0105,S025,1,143,In Stock
P0106,S001,1,91,In Stock
P0106,S002,1,73,In Stock
P0106,S003,1,65,In Stock
P0106,S004,1,31,In Stock
P0106,S005,1,40,In Stock
P0106,S007,1,36,In Stock
P0106,S008,3,57,In Stock
P0106,S009,1,97,In Stock
P0106,S010,1,55,In Stock
P0106,S011,1,102,In Stock
P0106,S013,1,37,In Stock
P0106,S014,1,85,In Stock
P0106,S017,1,18,In Stock
P0106,S019,1,81,In Stock
P0106,S020,1,65,In Stock
P0106,S024,1,98,In Stock
P0106,S025,1,108,In Stock
P0106,S026,1,38,In Stock
P0107,S001,1,60,In Stock
P0107,S002,1,41,In Stock
P0107,S003,2,81,In Stock
P0107,S004,1,47,In Stock
P0107,S005,1,51,In Stock
P0107,S006,1,64,In Stock
P0107,S008,1,60,In Stock
P0107,S009,1,64,In Stock
P0107,S011,1,95,In Stock
P0107,S012,1,28,In Stock
P0107,S013,2,98,In Stock
P0107,S015,1,34,In Stock
P0107,S016,1,113,In Stock
P0107,S017,1,59,In Stock
P0107,S018,1,81,In Stock
P0107,S019,1,74,In Stock
P0107,S020,1,25,In Stock
P0107,S021,1,78,In Stock
P0107,S022,1,91,In Stock
P0107,S023,1,67,In Stock
P0107,S025,1,116,In Stock
P0108,S001,1,90,In Stock
P0108,S002,1,48,In Stock
P0108,S003,2,116,In Stock
P0108,S005,0,16,Out of Stock
P0108,S006,1,118,In Stock
P0108,S007,1,33,In Stock
P0108,S008,3,55,In Stock
P0108,S009,1,58,In Stock
P0108,S010,1,15,In Stock
P0108,S011,1,20,In Stock
P0108,S013,0,83,Out of Stock
P0108,S014,1,24,In Stock
P0108,S018,2,83,In Stock
P0108,S019,3,90,In Stock
P0108,S020,1,27,In Stock
P0108,S022,1,67,In Stock
P0109,S001,1,112,In Stock
P0109,S002,2,112,In Stock
P0109,S003,1,109,In Stock
P0109,S005,1,56,In Stock
P0109,S006,1,105,In Stock
P0109,S007,1,52,In Stock
P0109,S008,1,103,In Stock
P0109,S009,1,63,In Stock
P0109,S010,1,53,In Stock
P0109,S012,1,24,In Stock
P0109,S013,1,119,In Stock
P0109,S014,1,21,In Stock
P0109,S015,1,24,In Stock
P0109,S016,1,40,In Stock
P0109,S017,1,46,In Stock
P0109,S019,1,78,In Stock
P0109,S020,1,120,In Stock
P0109,S021,1,104,In Stock
P0109,S025,1,97,In Stock
P0109,S026,1,114,In Stock
P0110,S001,1,82,In Stock
P0110,S002,1,177,In Stock
P0110,S003,1,264,In Stock
P0110,S004,1,223,In Stock
P0110,S005,1,194,In Stock
P0110,S006,1,140,In Stock
P0110,S008,1,241,In Stock
P0110,S010,1,224,In Stock
P0110,S013,1,64,In Stock
P0110,S014,1,138,In Stock
P0110,S015,1,223,In Stock
P0110,S017,1,172,In Stock
P0110,S018,1,175,In Stock
P0110,S019,1,165,In Stock
P0110,S020,1,128,In Stock
P0110,S023,1,194,In Stock
P0111,S001,2,108,In Stock
P0111,S002,1,110,In Stock
P0111,S003,1,51,In Stock
P0111,S004,1,37,In Stock
P0111,S005,1,101,In Stock
P0111,S007,1,49,In Stock
P0111,S008,2,75,In Stock
P0111,S010,1,65,In Stock
P0111,S011,1,73,In Stock
P0111,S013,1,56,In Stock
P0111,S014,1,114,In Stock
P0111,S015,1,36,In Stock
P0111,S016,1,86,In Stock
P0111,S019,2,60,In Stock
P0111,S020,2,17,In Stock
P0111,S023,1,23,In Stock
P0111,S024,1,117,In Stock
P0111,S025,1,63,In Stock
P0111,S026,1,28,In Stock
P0112,S001,1,94,In Stock
P0112,S003,1,51,In Stock
P0112,S004,1,91,In Stock
P0112,S005,1,102,In Stock
P0112,S006,1,42,In Stock
P0112,S008,1,85,In Stock
P0112,S009,1,29,In Stock
P0112,S010,1,107,In Stock
P0112,S011,1,93,In Stock
P0112,S013,1,119,In Stock
P0112,S014,1,25,In Stock
P0112,S015,1,85,In Stock
P0112,S016,1,113,In Stock
P0112,S018,1,53,In Stock
P0112,S020,2,44,In Stock
P0112,S022,1,45,In Stock
P0112,S023,1,71,In Stock
P0112,S024,0,118,Out of Stock
P0112,S025,1,35,In Stock
P0113,S001,68,199,In Stock
P0113,S002,43,343,In Stock
P0113,S003,53,306,In Stock
P0113,S005,113,196,In Stock
P0113,S006,112,522,In Stock
P0113,S007,128,427,In Stock
P0113,S008,48,196,In Stock
P0113,S010,125,400,In Stock
P0113,S011,109,428,In Stock
P0113,S013,134,353,In Stock
P0113,S015,127,348,In Stock
P0113,S016,35,281,In Stock
P0113,S017,129,494,In Stock
P0113,S019,41,349,In Stock
P0113,S024,51,415,In Stock
P0113,S025,36,248,In Stock
P0114,S001,1,174,In Stock
P0114,S002,1,102,In Stock
P0114,S003,1,63,In Stock
P0114,S004,1,236,In Stock
P0114,S005,1,262,In Stock
P0114,S006,1,76,In Stock
P0114,S008,1,175,In Stock
P0114,S009,1,127,In Stock
P0114,S010,1,68,In Stock
P0114,S013,1,147,In Stock
P0114,S014,1,223,In Stock
P0114,S015,1,79,In Stock
P0114,S017,1,249,In Stock
P0114,S018,1,139,In Stock
P0114,S019,1,259,In Stock
P0114,S020,1,240,In Stock
P0114,S021,1,199,In Stock
P0114,S024,1,140,In Stock
P0114,S025,1,269,In Stock
P0115,S001,2,18,In Stock
P0115,S002,1,44,In Stock
P0115,S003,1,18,In Stock
P0115,S004,1,11,In Stock
P0115,S005,3,26,In Stock
P0115,S006,1,11,In Stock
P0115,S007,1,19,In Stock
P0115,S008,1,37,In Stock
P0115,S009,2,31,In Stock
P0115,S010,1,31,In Stock
P0115,S011,2,20,In Stock
P0115,S012,1,24,In Stock
P0115,S013,3,13,In Stock
P0115,S014,1,42,In Stock
P0115,S015,1,7,In Stock
P0115,S016,2,10,In Stock
P0115,S017,1,13,In Stock
P0115,S018,1,33,In Stock
P0115,S019,5,7,In Stock
P0115,S020,2,33,In Stock
P0115,S021,1,30,In Stock
P0115,S022,1,21,In Stock
P0115,S023,1,9,In Stock
P0115,S024,1,34,In Stock
P0115,S025,1,29,In Stock
P0115,S026,1,31,In Stock
P0116,S002,1,177,In Stock
P0116,S003,1,194,In Stock
P0116,S004,1,70,In Stock
P0116,S005,1,210,In Stock
P0116,S007,1,150,In Stock
P0116,S008,1,238,In Stock
P0116,S010,1,263,In Stock
P0116,S011,1,258,In Stock
P0116,S012,1,235,In Stock
P0116,S013,1,78,In Stock
P0116,S016,1,169,In Stock
P0116,S017,1,142,In Stock
P0116,S019,1,208,In Stock
P0116,S020,1,214,In Stock
P0116,S021,1,108,In Stock
P0116,S023,1,112,In Stock
P0116,S024,1,221,In Stock
P0116,S025,1,142,In Stock
P0117,S001,2,84,In Stock
P0117,S004,1,96,In Stock
P0117,S006,1,74,In Stock
P0117,S008,1,16,In Stock
P0117,S009,1,92,In Stock
P0117,S010,1,32,In Stock
P0117,S011,1,109,In Stock
P0117,S012,1,98,In Stock
P0117,S013,1,26,In Stock
P0117,S015,1,72,In Stock
P0117,S019,1,98,In Stock
P0117,S021,1,33,In Stock
P0117,S022,1,78,In Stock
P0117,S023,0,22,Out of Stock
P0117,S024,1,95,In Stock
P0117,S025,1,94,In Stock
P0117,S026,1,35,In Stock
P0118,S001,1,103,In Stock
P0118,S002,1,259,In Stock
P0118,S003,1,74,In Stock
P0118,S004,1,263,In Stock
P0118,S005,1,197,In Stock
P0118,S006,1,152,In Stock
P0118,S008,1,210,In Stock
P0118,S009,1,265,In Stock
P0118,S010,1,128,In Stock
P0118,S012,1,214,In Stock
P0118,S014,1,202,In Stock
P0118,S015,1,228,In Stock
P0118,S016,1,62,In Stock
P0118,S018,1,223,In Stock
P0118,S019,1,270,In Stock
P0118,S020,1,240,In Stock
P0118,S021,1,213,In Stock
P0118,S022,1,80,In Stock
P0118,S024,1,266,In Stock
P0118,S025,1,201,In Stock
P0119,S001,4,44,In Stock
P0119,S002,4,26,In Stock
P0119,S003,2,22,In Stock
P0119,S004,2,20,In Stock
P0119,S005,2,15,In Stock
P0119,S006,2,36,In Stock
P0119,S007,1,38,In Stock
P0119,S008,6,32,In Stock
P0119,S009,2,37,In Stock
P0119,S010,2,21,In Stock
P0119,S011,1,39,In Stock
P0119,S012,1,21,In Stock
P0119,S013,8,44,In Stock
P0119,S014,2,5,In Stock
P0119,S015,3,7,In Stock
P0119,S016,3,29,In Stock
P0119,S017,1,33,In Stock
P0119,S018,1,22,In Stock
P0119,S019,2,31,In Stock
P0119,S020,1,36,In Stock
P0119,S021,2,15,In Stock
P0119,S022,1,13,In Stock
P0119,S023,1,24,In Stock
P0119,S024,3,8,In Stock
P0119,S025,2,21,In Stock
P0119,S026,2,16,In Stock
P0120,S001,4,77,In Stock
P0120,S003,1,110,In Stock
P0120,S004,1,112,In Stock
P0120,S007,1,27,In Stock
P0120,S008,4,88,In Stock
P0120,S009,1,57,In Stock
P0120,S010,1,117,In Stock
P0120,S011,1,18,In Stock
P0120,S013,3,40,In Stock
P0120,S014,1,49,In Stock
P0120,S015,5,90,In Stock
P0120,S016,2,102,In Stock
P0120,S017,1,100,In Stock
P0120,S019,1,92,In Stock
P0120,S020,1,27,In Stock
P0120,S022,1,93,In Stock
P0120,S023,1,115,In Stock
P0120,S024,1,43,In Stock
P0120,S025,1,44,In Stock
P0120,S026,1,38,In Stock
P0121,S002,1,76,In Stock
P0121,S003,2,89,In Stock
P0121,S006,5,35,In Stock
P0121,S007,1,72,In Stock
P0121,S008,1,114,In Stock
P0121,S009,0,72,Out of Stock
P0121,S013,9,32,In Stock
P0121,S016,1,94,In Stock
P0121,S017,1,34,In Stock
P0121,S018,3,17,In Stock
P0121,S019,1,60,In Stock
P0121,S021,2,68,In Stock
P0121,S024,2,120,In Stock
P0121,S025,1,18,In Stock
P0121,S026,1,37,In Stock
P0122,S001,2,115,In Stock
P0122,S002,2,44,In Stock
P0122,S003,1,59,In Stock
P0122,S004,1,20,In Stock
P0122,S005,1,92,In Stock
P0122,S006,3,73,In Stock
P0122,S008,1,38,In Stock
P0122,S009,1,76,In Stock
P0122,S013,1,15,In Stock
P0122,S014,1,55,In Stock
P0122,S016,1,95,In Stock
P0122,S017,1,23,In Stock
P0122,S019,1,72,In Stock
P0122,S020,1,66,In Stock
P0122,S022,1,81,In Stock
P0122,S024,1,20,In Stock
P0122,S025,1,55,In Stock
P0123,S001,1,44,In Stock
P0123,S002,1,34,In Stock
P0123,S003,1,64,In Stock
P0123,S005,1,93,In Stock
P0123,S007,1,93,In Stock
P0123,S008,1,28,In Stock
P0123,S009,1,39,In Stock
P0123,S011,1,40,In Stock
P0123,S012,1,90,In Stock
P0123,S013,1,98,In Stock
P0123,S015,1,92,In Stock
P0123,S016,1,47,In Stock
P0123,S017,1,100,In Stock
P0123,S019,1,92,In Stock
P0123,S020,1,58,In Stock
P0123,S021,1,38,In Stock
P0123,S022,1,67,In Stock
P0123,S025,1,73,In Stock
P0123,S026,1,70,In Stock
P0124,S001,1,15,In Stock
P0124,S002,1,47,In Stock
P0124,S003,1,76,In Stock
P0124,S004,1,85,In Stock
P0124,S005,1,38,In Stock
P0124,S006,1,23,In Stock
P0124,S007,1,62,In Stock
P0124,S008,1,28,In Stock
P0124,S009,1,41,In Stock
P0124,S010,1,48,In Stock
P0124,S013,1,61,In Stock
P0124,S014,1,23,In Stock
P0124,S015,1,47,In Stock
P0124,S016,1,82,In Stock
P0124,S017,1,17,In Stock
P0124,S018,1,22,In Stock
P0124,S019,1,57,In Stock
P0124,S020,1,39,In Stock
P0124,S021,1,90,In Stock
P0124,S022,1,110,In Stock
P0124,S023,1,16,In Stock
P0124,S024,1,98,In Stock
P0124,S025,2,39,In Stock
P0125,S001,1,113,In Stock
P0125,S002,1,115,In Stock
P0125,S005,1,71,In Stock
P0125,S006,1,34,In Stock
P0125,S007,1,111,In Stock
P0125,S008,1,45,In Stock
P0125,S009,1,36,In Stock
P0125,S010,1,114,In Stock
P0125,S011,1,103,In Stock
P0125,S013,1,83,In Stock
P0125,S014,1,71,In Stock
P0125,S015,1,95,In Stock
P0125,S016,1,43,In Stock
P0125,S017,1,52,In Stock
P0125,S018,1,74,In Stock
P0125,S019,1,49,In Stock
P0125,S020,1,89,In Stock
P0125,S021,1,68,In Stock
P0125,S022,1,82,In Stock
P0125,S025,1,19,In Stock
P0125,S026,1,115,In Stock
P0126,S001,18,34,In Stock
P0126,S002,1,17,In Stock
P0126,S003,6,43,In Stock
P0126,S004,2,16,In Stock
P0126,S005,4,33,In Stock
P0126,S006,11,43,In Stock
P0126,S007,2,26,In Stock
P0126,S008,19,18,In Stock
P0126,S009,5,10,In Stock
P0126,S010,4,15,In Stock
P0126,S011,3,38,In Stock
P0126,S012,6,25,In Stock
P0126,S013,5,13,In Stock
P0126,S014,5,23,In Stock
P0126,S015,16,34,In Stock
P0126,S016,9,37,In Stock
P0126,S017,1,8,In Stock
P0126,S018,7,41,In Stock
P0126,S019,10,38,In Stock
P0126,S020,10,14,In Stock
P0126,S021,6,26,In Stock
P0126,S022,7,44,In Stock
P0126,S023,6,35,In Stock
P0126,S024,2,16,In Stock
P0126,S025,1,6,In Stock
P0126,S026,7,10,In Stock
P0127,S001,1,85,In Stock
P0127,S002,1,60,In Stock
P0127,S003,1,71,In Stock
P0127,S006,1,28,In Stock
P0127,S007,1,27,In Stock
P0127,S008,2,112,In Stock
P0127,S009,1,51,In Stock
P0127,S010,1,116,In Stock
P0127,S011,1,88,In Stock
P0127,S013,1,101,In Stock
P0127,S015,1,65,In Stock
P0127,S016,1,43,In Stock
P0127,S018,1,84,In Stock
P0127,S019,2,101,In Stock
P0127,S024,1,20,In Stock
P0127,S025,1,83,In Stock
P0128,S001,1,38,In Stock
P0128,S002,1,18,In Stock
P0128,S003,1,67,In Stock
P0128,S004,1,37,In Stock
P0128,S006,1,91,In Stock
P0128,S007,1,111,In Stock
P0128,S008,1,61,In Stock
P0128,S009,1,28,In Stock
P0128,S010,0,22,Out of Stock
P0128,S011,1,58,In Stock
P0128,S012,1,42,In Stock
P0128,S013,5,98,In Stock
P0128,S014,0,41,Out of Stock
P0128,S015,1,112,In Stock
P0128,S016,1,113,In Stock
P0128,S017,1,42,In Stock
P0128,S019,2,88,In Stock
P0128,S020,1,57,In Stock
P0128,S021,1,87,In Stock
P0128,S023,1,65,In Stock
P0128,S024,1,68,In Stock
P0128,S025,1,45,In Stock
P0129,S001,1,205,In Stock
P0129,S002,1,181,In Stock
P0129,S003,1,83,In Stock
P0129,S005,1,259,In Stock
P0129,S006,1,70,In Stock
P0129,S008,1,145,In Stock
P0129,S009,1,167,In Stock
P0129,S010,1,82,In Stock
P0129,S011,1,202,In Stock
P0129,S012,1,242,In Stock
P0129,S013,1,270,In Stock
P0129,S015,1,93,In Stock
P0129,S016,1,172,In Stock
P0129,S017,1,63,In Stock
P0129,S018,1,229,In Stock
P0129,S019,1,144,In Stock
P0129,S021,1,91,In Stock
P0129,S022,1,260,In Stock
P0129,S023,1,250,In Stock
P0129,S024,0,113,Out of Stock
P0129,S026,1,252,In Stock
P0130,S001,93,425,In Stock
P0130,S002,77,437,In Stock
P0130,S003,32,199,In Stock
P0130,S005,64,422,In Stock
P0130,S006,38,485,In Stock
P0130,S007,73,432,In Stock
P0130,S008,116,407,In Stock
P0130,S009,86,533,In Stock
P0130,S010,104,224,In Stock
P0130,S011,123,480,In Stock
P0130,S013,130,283,In Stock
P0130,S014,74,362,In Stock
P0130,S015,76,406,In Stock
P0130,S016,34,372,In Stock
P0130,S017,120,458,In Stock
P0130,S019,69,182,In Stock
P0130,S021,95,491,In Stock
P0130,S022,121,437,In Stock
P0130,S023,80,429,In Stock
P0130,S024,123,365,In Stock
P0130,S025,120,474,In Stock
P0130,S026,113,479,In Stock
P0131,S001,1,59,In Stock
P0131,S003,1,15,In Stock
P0131,S007,1,50,In Stock
P0131,S008,1,37,In Stock
P0131,S009,0,70,Out of Stock
P0131,S011,1,27,In Stock
P0131,S013,1,69,In Stock
P0131,S014,1,21,In Stock
P0131,S019,1,105,In Stock
P0131,S020,1,93,In Stock
P0131,S022,1,53,In Stock
P0131,S024,1,28,In Stock
P0131,S025,1,59,In Stock
P0131,S026,1,49,In Stock
P0132,S001,1,18,In Stock
P0132,S002,1,43,In Stock
P0132,S003,1,101,In Stock
P0132,S005,2,29,In Stock
P0132,S006,1,35,In Stock
P0132,S007,1,66,In Stock
P0132,S008,1,41,In Stock
P0132,S009,1,90,In Stock
P0132,S010,3,48,In Stock
P0132,S011,1,23,In Stock
P0132,S013,1,115,In Stock
P0132,S014,1,28,In Stock
P0132,S017,1,105,In Stock
P0132,S018,1,99,In Stock
P0132,S019,1,114,In Stock
P0132,S022,1,112,In Stock
P0132,S024,3,50,In Stock
P0133,S001,6,66,In Stock
P0133,S002,0,63,Out of Stock
P0133,S003,4,115,In Stock
P0133,S004,1,94,In Stock
P0133,S006,1,105,In Stock
P0133,S007,1,106,In Stock
P0133,S008,2,109,In Stock
P0133,S009,2,83,In Stock
P0133,S011,4,61,In Stock
P0133,S013,1,40,In Stock
P0133,S014,1,37,In Stock
P0133,S015,1,70,In Stock
P0133,S016,2,63,In Stock
P0133,S019,6,74,In Stock
P0133,S020,1,119,In Stock
P0133,S021,1,101,In Stock
P0133,S022,1,80,In Stock
P0133,S024,1,46,In Stock
P0133,S026,1,64,In Stock
P0134,S001,1,111,In Stock
P0134,S003,1,118,In Stock
P0134,S005,1,45,In Stock
P0134,S006,1,99,In Stock
P0134,S008,1,48,In Stock
P0134,S009,1,103,In Stock
P0134,S011,0,62,Out of Stock
P0134,S013,1,89,In Stock
P0134,S014,1,79,In Stock
P0134,S015,1,98,In Stock
P0134,S017,1,112,In Stock
P0134,S018,1,64,In Stock
P0134,S019,1,42,In Stock
P0134,S020,1,70,In Stock
P0134,S022,1,107,In Stock
P0134,S024,1,31,In Stock
P0135,S001,70,303,In Stock
P0135,S002,115,457,In Stock
P0135,S003,66,483,In Stock
P0135,S004,79,441,In Stock
P0135,S005,49,525,In Stock
P0135,S007,56,199,In Stock
P0135,S008,61,291,In Stock
P0135,S009,90,536,In Stock
P0135,S010,88,469,In Stock
P0135,S011,138,347,In Stock
P0135,S013,144,538,In Stock
P0135,S016,60,226,In Stock
P0135,S018,74,418,In Stock
P0135,S019,118,260,In Stock
P0135,S020,97,537,In Stock
P0135,S021,30,191,In Stock
P0135,S022,37,370,In Stock
P0135,S023,145,229,In Stock
P0135,S025,83,436,In Stock
P0135,S026,66,375,In Stock
P0136,S001,1,89,In Stock
P0136,S002,1,100,In Stock
P0136,S003,1,54,In Stock
P0136,S006,1,77,In Stock
P0136,S008,1,50,In Stock
P0136,S009,1,69,In Stock
P0136,S010,1,99,In Stock
P0136,S011,1,92,In Stock
P0136,S013,1,103,In Stock
P0136,S014,1,38,In Stock
P0136,S015,0,29,Out of Stock
P0136,S019,1,87,In Stock
P0136,S023,1,114,In Stock
P0136,S024,1,79,In Stock
P0136,S025,1,18,In Stock
P0136,S026,1,19,In Stock
P0137,S001,1,34,In Stock
P0137,S002,2,32,In Stock
P0137,S003,3,17,In Stock
P0137,S004,1,38,In Stock
P0137,S005,1,19,In Stock
P0137,S006,1,36,In Stock
P0137,S007,1,5,In Stock
P0137,S008,4,26,In Stock
P0137,S009,1,41,In Stock
P0137,S010,1,44,In Stock
P0137,S011,1,30,In Stock
P0137,S012,1,19,In Stock
P0137,S013,8,30,In Stock
P0137,S014,2,20,In Stock
P0137,S015,4,6,In Stock
P0137,S016,4,23,In Stock
P0137,S017,1,16,In Stock
P0137,S018,3,7,In Stock
P0137,S019,3,25,In Stock
P0137,S020,4,41,In Stock
P0137,S021,2,18,In Stock
P0137,S022,1,16,In Stock
P0137,S023,1,5,In Stock
P0137,S024,2,42,In Stock
P0137,S025,2,21,In Stock
P0137,S026,1,38,In Stock
P0138,S001,6,35,In Stock
P0138,S002,5,13,In Stock
P0138,S003,5,41,In Stock
P0138,S004,3,32,In Stock
P0138,S005,4,23,In Stock
P0138,S006,0,24,Out of Stock
P0138,S007,4,11,In Stock
P0138,S008,8,45,In Stock
P0138,S009,15,37,In Stock
P0138,S010,6,26,In Stock
P0138,S011,11,13,In Stock
P0138,S012,7,31,In Stock
P0138,S013,20,39,In Stock
P0138,S014,3,6,In Stock
P0138,S015,4,32,In Stock
P0138,S016,3,9,In Stock
P0138,S017,2,28,In Stock
P0138,S018,4,6,In Stock
P0138,S019,4,38,In Stock
P0138,S020,1,40,In Stock
P0138,S021,9,20,In Stock
P0138,S022,8,24,In Stock
P0138,S023,1,38,In Stock
P0138,S024,2,13,In Stock
P0138,S025,1,35,In Stock
P0138,S026,1,23,In Stock
P0139,S001,1,39,In Stock
P0139,S005,1,79,In Stock
P0139,S006,1,50,In Stock
P0139,S007,1,37,In Stock
P0139,S008,1,39,In Stock
P0139,S010,1,101,In Stock
P0139,S011,1,21,In Stock
P0139,S012,1,93,In Stock
P0139,S013,1,109,In Stock
P0139,S016,1,69,In Stock
P0139,S018,1,106,In Stock
P0139,S019,1,59,In Stock
P0139,S020,1,108,In Stock
P0139,S021,1,31,In Stock
P0139,S022,1,72,In Stock
P0139,S023,2,81,In Stock
P0139,S024,1,79,In Stock
P0139,S025,1,82,In Stock
P0140,S001,44,477,In Stock
P0140,S002,115,343,In Stock
P0140,S003,47,205,In Stock
P0140,S004,95,197,In Stock
P0140,S005,116,536,In Stock
P0140,S006,35,387,In Stock
P0140,S008,116,471,In Stock
P0140,S009,131,470,In Stock
P0140,S010,145,214,In Stock
P0140,S011,58,259,In Stock
P0140,S012,129,488,In Stock
P0140,S013,30,308,In Stock
P0140,S014,104,299,In Stock
P0140,S015,48,455,In Stock
P0140,S017,83,265,In Stock
P0140,S018,33,280,In Stock
P0140,S019,44,298,In Stock
P0140,S021,66,329,In Stock
P0140,S023,64,303,In Stock
P0141,S002,2,63,In Stock
P0141,S003,2,106,In Stock
P0141,S005,5,59,In Stock
P0141,S007,2,108,In Stock
P0141,S008,5,43,In Stock
P0141,S009,1,37,In Stock
P0141,S010,2,111,In Stock
P0141,S011,1,69,In Stock
P0141,S012,1,45,In Stock
P0141,S013,8,120,In Stock
P0141,S016,2,70,In Stock
P0141,S017,3,105,In Stock
P0141,S019,5,83,In Stock
P0141,S020,3,85,In Stock
P0141,S021,2,18,In Stock
P0141,S024,1,98,In Stock
P0141,S026,3,90,In Stock
P0142,S001,4,67,In Stock
P0142,S002,3,112,In Stock
P0142,S004,1,100,In Stock
P0142,S006,4,102,In Stock
P0142,S007,1,62,In Stock
P0142,S008,1,57,In Stock
P0142,S009,1,118,In Stock
P0142,S010,2,22,In Stock
P0142,S013,2,98,In Stock
P0142,S014,2,102,In Stock
P0142,S015,1,84,In Stock
P0142,S016,1,120,In Stock
P0142,S019,6,97,In Stock
P0142,S020,0,109,Out of Stock
P0142,S022,1,42,In Stock
P0142,S024,1,89,In Stock
P0142,S026,1,112,In Stock
P0143,S001,1,22,In Stock
P0143,S002,1,108,In Stock
P0143,S003,1,70,In Stock
P0143,S005,1,39,In Stock
P0143,S006,1,98,In Stock
P0143,S008,1,76,In Stock
P0143,S009,1,77,In Stock
P0143,S011,1,56,In Stock
P0143,S013,1,27,In Stock
P0143,S014,1,80,In Stock
P0143,S016,1,18,In Stock
P0143,S019,1,25,In Stock
P0143,S020,1,93,In Stock
P0143,S021,1,73,In Stock
P0143,S024,1,97,In Stock
P0143,S025,1,26,In Stock
P0144,S001,1,198,In Stock
P0144,S002,1,92,In Stock
P0144,S003,1,174,In Stock
P0144,S005,1,125,In Stock
P0144,S006,1,185,In Stock
P0144,S007,1,243,In Stock
P0144,S008,1,166,In Stock
P0144,S009,1,220,In Stock
P0144,S011,1,223,In Stock
P0144,S012,1,244,In Stock
P0144,S013,1,134,In Stock
P0144,S014,1,78,In Stock
P0144,S015,1,72,In Stock
P0144,S019,1,196,In Stock
P0144,S020,1,239,In Stock
P0144,S021,1,194,In Stock
P0144,S023,1,109,In Stock
P0144,S024,0,228,Out of Stock
P0144,S026,1,177,In Stock
P0145,S001,1,98,In Stock
P0145,S003,1,61,In Stock
P0145,S005,1,115,In Stock
P0145,S008,1,50,In Stock
P0145,S010,1,114,In Stock
P0145,S011,1,110,In Stock
P0145,S012,2,63,In Stock
P0145,S013,3,50,In Stock
P0145,S014,2,63,In Stock
P0145,S015,1,93,In Stock
P0145,S016,0,19,Out of Stock
P0145,S017,1,111,In Stock
P0145,S019,1,29,In Stock
P0145,S020,2,107,In Stock
P0145,S022,2,73,In Stock
P0145,S024,1,83,In Stock
P0145,S026,1,106,In Stock
P0146,S001,1,203,In Stock
P0146,S002,1,249,In Stock
P0146,S003,1,137,In Stock
P0146,S004,1,236,In Stock
P0146,S005,1,73,In Stock
P0146,S007,1,71,In Stock
P0146,S008,1,171,In Stock
P0146,S010,1,101,In Stock
P0146,S013,1,245,In Stock
P0146,S016,1,263,In Stock
P0146,S017,1,62,In Stock
P0146,S018,1,253,In Stock
P0146,S019,1,139,In Stock
P0146,S020,1,114,In Stock
P0146,S022,1,205,In Stock
P0146,S023,1,141,In Stock
P0146,S024,1,153,In Stock
P0147,S001,1,130,In Stock
P0147,S002,1,121,In Stock
P0147,S004,1,254,In Stock
P0147,S006,1,157,In Stock
P0147,S007,1,125,In Stock
P0147,S008,1,117,In Stock
P0147,S009,1,213,In Stock
P0147,S010,1,244,In Stock
P0147,S011,1,194,In Stock
P0147,S013,0,259,Out of Stock
P0147,S015,0,120,Out of Stock
P0147,S016,1,141,In Stock
P0147,S019,1,217,In Stock
P0147,S020,1,60,In Stock
P0147,S026,1,191,In Stock
P0148,S001,5,81,In Stock
P0148,S002,3,19,In Stock
P0148,S004,2,73,In Stock
P0148,S005,2,37,In Stock
P0148,S006,3,78,In Stock
P0148,S008,2,69,In Stock
P0148,S010,1,109,In Stock
P0148,S011,3,24,In Stock
P0148,S013,1,54,In Stock
P0148,S014,1,100,In Stock
P0148,S015,2,23,In Stock
P0148,S018,1,51,In Stock
P0148,S019,5,100,In Stock
P0148,S020,1,39,In Stock
P0148,S021,2,101,In Stock
P0148,S022,2,24,In Stock
P0148,S024,1,62,In Stock
P0148,S026,1,43,In Stock
P0149,S001,1,172,In Stock
P0149,S004,1,210,In Stock
P0149,S005,1,116,In Stock
P0149,S006,1,268,In Stock
P0149,S007,1,70,In Stock
P0149,S008,1,135,In Stock
P0149,S009,1,251,In Stock
P0149,S010,1,159,In Stock
P0149,S011,1,83,In Stock
P0149,S012,1,210,In Stock
P0149,S013,1,68,In Stock
P0149,S015,1,190,In Stock
P0149,S016,1,97,In Stock
P0149,S017,1,211,In Stock
P0149,S018,1,207,In Stock
P0149,S019,1,76,In Stock
P0149,S020,1,77,In Stock
P0149,S022,1,176,In Stock
P0149,S023,1,261,In Stock
P0149,S024,1,97,In Stock
P0150,S001,2,52,In Stock
P0150,S002,1,101,In Stock
P0150,S003,1,96,In Stock
P0150,S006,1,98,In Stock
P0150,S007,1,24,In Stock
P0150,S008,1,35,In Stock
P0150,S009,1,57,In Stock
P0150,S010,1,63,In Stock
P0150,S011,1,103,In Stock
P0150,S012,1,69,In Stock
P0150,S014,1,72,In Stock
P0150,S016,1,35,In Stock
P0150,S017,1,119,In Stock
P0150,S019,1,76,In Stock
P0150,S020,1,97,In Stock
P0150,S023,1,38,In Stock
P0150,S024,1,58,In Stock
P0150,S025,1,108,In Stock
P0151,S001,2,115,In Stock
P0151,S002,1,118,In Stock
P0151,S003,1,93,In Stock
P0151,S004,1,37,In Stock
P0151,S005,1,20,In Stock
P0151,S006,1,63,In Stock
P0151,S007,0,96,Out of Stock
P0151,S008,1,52,In Stock
P0151,S013,1,41,In Stock
P0151,S014,1,74,In Stock
P0151,S016,1,95,In Stock
P0151,S019,1,45,In Stock
P0151,S020,1,112,In Stock
P0151,S022,1,75,In Stock
P0151,S023,1,21,In Stock
P0151,S024,1,84,In Stock
P0152,S001,1,38,In Stock
P0152,S002,1,13,In Stock
P0152,S003,1,22,In Stock
P0152,S004,1,36,In Stock
P0152,S005,1,23,In Stock
P0152,S006,1,15,In Stock
P0152,S007,1,16,In Stock
P0152,S008,1,30,In Stock
P0152,S009,1,26,In Stock
P0152,S010,2,27,In Stock
P0152,S011,2,36,In Stock
P0152,S012,2,32,In Stock
P0152,S013,1,15,In Stock
P0152,S014,1,28,In Stock
P0152,S015,1,14,In Stock
P0152,S016,2,7,In Stock
P0152,S017,1,16,In Stock
P0152,S018,1,43,In Stock
P0152,S019,2,33,In Stock
P0152,S020,2,43,In Stock
P0152,S021,2,14,In Stock
P0152,S022,1,16,In Stock
P0152,S023,1,11,In Stock
P0152,S024,1,5,In Stock
P0152,S025,1,11,In Stock
P0152,S026,1,20,In Stock
P0153,S001,4,74,In Stock
P0153,S003,1,83,In Stock
P0153,S004,1,32,In Stock
P0153,S005,1,99,In Stock
P0153,S006,1,109,In Stock
P0153,S008,1,98,In Stock
P0153,S009,1,57,In Stock
P0153,S010,1,84,In Stock
P0153,S011,1,31,In Stock
P0153,S013,1,51,In Stock
P0153,S014,1,94,In Stock
P0153,S016,1,101,In Stock
P0153,S018,1,49,In Stock
P0153,S019,1,39,In Stock
P0153,S021,1,47,In Stock
P0153,S026,1,84,In Stock
P0154,S001,5,117,In Stock
P0154,S002,1,114,In Stock
P0154,S003,1,68,In Stock
P0154,S005,2,77,In Stock
P0154,S006,1,102,In Stock
P0154,S007,1,42,In Stock
P0154,S008,4,85,In Stock
P0154,S009,1,46,In Stock
P0154,S010,1,57,In Stock
P0154,S011,0,107,Out of Stock
P0154,S013,1,118,In Stock
P0154,S014,0,78,Out of Stock
P0154,S016,1,71,In Stock
P0154,S017,1,23,In Stock
P0154,S019,1,49,In Stock
P0154,S020,1,78,In Stock
P0154,S021,1,104,In Stock
P0154,S023,1,108,In Stock
P0154,S024,1,27,In Stock
P0155,S001,3,39,In Stock
P0155,S002,1,20,In Stock
P0155,S003,1,20,In Stock
P0155,S004,1,40,In Stock
P0155,S005,3,28,In Stock
P0155,S006,1,10,In Stock
P0155,S007,1,7,In Stock
P0155,S008,1,15,In Stock
P0155,S009,1,17,In Stock
P0155,S010,1,27,In Stock
P0155,S011,1,14,In Stock
P0155,S012,1,21,In Stock
P0155,S013,3,13,In Stock
P0155,S014,1,24,In Stock
P0155,S015,1,30,In Stock
P0155,S016,1,11,In Stock
P0155,S017,1,28,In Stock
P0155,S018,1,41,In Stock
P0155,S019,1,31,In Stock
P0155,S020,1,22,In Stock
P0155,S021,0,21,Out of Stock
P0155,S022,1,17,In Stock
P0155,S023,2,33,In Stock
P0155,S024,2,19,In Stock
P0155,S025,1,34,In Stock
P0155,S026,1,22,In Stock
P0156,S001,0,8,Out of Stock
P0156,S002,0,5,Out of Stock
P0156,S003,0,11,Out of Stock
P0156,S004,0,14,Out of Stock
P0156,S005,0,14,Out of Stock
P0156,S006,0,16,Out of Stock
P0156,S007,0,11,Out of Stock
P0156,S008,0,10,Out of Stock
P0156,S009,0,1,Out of Stock
P0156,S010,0,16,Out of Stock
P0156,S011,0,15,Out of Stock
P0156,S012,0,9,Out of Stock
P0156,S013,0,5,Out of Stock
P0156,S014,0,4,Out of Stock
P0156,S015,1,12,In Stock
P0156,S016,0,13,Out of Stock
P0156,S017,0,14,Out of Stock
P0156,S018,0,9,Out of Stock
P0156,S019,0,3,Out of Stock
P0156,S020,0,12,Out of Stock
P0156,S021,0,3,Out of Stock
P0156,S022,1,18,In Stock
P0156,S023,0,3,Out of Stock
P0156,S024,0,13,Out of Stock
P0156,S025,0,13,Out of Stock
P0156,S026,0,5,Out of Stock
P0157,S001,1,87,In Stock
P0157,S003,1,47,In Stock
P0157,S004,1,62,In Stock
P0157,S005,2,74,In Stock
P0157,S006,1,22,In Stock
P0157,S007,1,20,In Stock
P0157,S008,1,18,In Stock
P0157,S009,1,74,In Stock
P0157,S011,1,119,In Stock
P0157,S012,1,63,In Stock
P0157,S013,2,60,In Stock
P0157,S014,1,52,In Stock
P0157,S015,1,37,In Stock
P0157,S016,1,117,In Stock
P0157,S017,1,34,In Stock
P0157,S019,2,37,In Stock
P0157,S020,1,88,In Stock
P0157,S021,1,60,In Stock
P0157,S022,1,106,In Stock
P0157,S026,1,31,In Stock
P0158,S001,3,93,In Stock
P0158,S003,1,50,In Stock
P0158,S004,1,25,In Stock
P0158,S005,1,115,In Stock
P0158,S006,1,30,In Stock
P0158,S007,1,83,In Stock
P0158,S008,1,85,In Stock
P0158,S009,3,27,In Stock
P0158,S010,1,91,In Stock
P0158,S011,1,100,In Stock
P0158,S012,1,90,In Stock
P0158,S013,1,36,In Stock
P0158,S014,1,60,In Stock
P0158,S015,2,79,In Stock
P0158,S016,2,59,In Stock
P0158,S017,1,53,In Stock
P0158,S018,1,93,In Stock
P0158,S019,2,79,In Stock
P0158,S021,1,45,In Stock
P0158,S024,1,66,In Stock
P0158,S025,1,88,In Stock
P0159,S002,1,96,In Stock
P0159,S003,1,98,In Stock
P0159,S005,1,110,In Stock
P0159,S006,1,31,In Stock
P0159,S008,1,85,In Stock
P0159,S010,1,109,In Stock
P0159,S012,1,85,In Stock
P0159,S013,1,35,In Stock
P0159,S014,1,106,In Stock
P0159,S015,1,86,In Stock
P0159,S017,1,85,In Stock
P0159,S019,1,68,In Stock
P0159,S020,0,116,Out of Stock
P0159,S022,1,17,In Stock
P0159,S026,1,28,In Stock
P0160,S001,1,85,In Stock
P0160,S002,1,118,In Stock
P0160,S003,1,15,In Stock
P0160,S004,1,119,In Stock
P0160,S005,1,110,In Stock
P0160,S006,1,73,In Stock
P0160,S008,1,69,In Stock
P0160,S010,1,103,In Stock
P0160,S011,1,100,In Stock
P0160,S012,1,55,In Stock
P0160,S013,1,108,In Stock
P0160,S014,1,31,In Stock
P0160,S015,1,113,In Stock
P0160,S016,1,75,In Stock
P0160,S017,1,92,In Stock
P0160,S019,1,80,In Stock
P0160,S021,1,39,In Stock
P0160,S022,1,21,In Stock
P0160,S023,1,96,In Stock
P0160,S024,1,111,In Stock
P0161,S001,80,536,In Stock
P0161,S002,45,271,In Stock
P0161,S003,132,230,In Stock
P0161,S005,136,214,In Stock
P0161,S006,93,493,In Stock
P0161,S008,62,267,In Stock
P0161,S009,124,246,In Stock
P0161,S010,53,231,In Stock
P0161,S011,130,473,In Stock
P0161,S012,59,354,In Stock
P0161,S013,89,353,In Stock
P0161,S014,80,363,In Stock
P0161,S016,38,527,In Stock
P0161,S017,120,366,In Stock
P0161,S019,124,442,In Stock
P0161,S020,134,522,In Stock
P0161,S023,81,498,In Stock
P0161,S025,133,474,In Stock
P0162,S001,1,114,In Stock
P0162,S002,1,170,In Stock
P0162,S003,1,256,In Stock
P0162,S005,1,188,In Stock
P0162,S006,1,214,In Stock
P0162,S007,1,178,In Stock
P0162,S008,1,217,In Stock
P0162,S009,1,62,In Stock
P0162,S010,1,80,In Stock
P0162,S011,1,169,In Stock
P0162,S013,1,97,In Stock
P0162,S014,1,158,In Stock
P0162,S015,1,175,In Stock
P0162,S016,1,164,In Stock
P0162,S018,0,252,Out of Stock
P0162,S019,1,263,In Stock
P0162,S024,1,117,In Stock
P0162,S025,1,169,In Stock
P0162,S026,1,107,In Stock
P0163,S001,1,38,In Stock
P0163,S002,2,13,In Stock
P0163,S003,2,31,In Stock
P0163,S004,1,32,In Stock
P0163,S005,1,11,In Stock
P0163,S006,1,43,In Stock
P0163,S007,1,24,In Stock
P0163,S008,1,25,In Stock
P0163,S009,3,42,In Stock
P0163,S010,3,28,In Stock
P0163,S011,2,36,In Stock
P0163,S012,1,32,In Stock
P0163,S013,3,13,In Stock
P0163,S014,1,39,In Stock
P0163,S015,3,27,In Stock
P0163,S016,2,21,In Stock
P0163,S017,1,13,In Stock
P0163,S018,3,10,In Stock
P0163,S019,3,20,In Stock
P0163,S020,2,6,In Stock
P0163,S021,1,10,In Stock
P0163,S022,1,28,In Stock
P0163,S023,2,45,In Stock
P0163,S024,1,17,In Stock
P0163,S025,1,10,In Stock
P0163,S026,1,43,In Stock
P0164,S001,1,114,In Stock
P0164,S002,1,89,In Stock
P0164,S003,1,96,In Stock
P0164,S005,1,60,In Stock
P0164,S008,1,62,In Stock
P0164,S009,1,77,In Stock
P0164,S010,1,61,In Stock
P0164,S013,1,83,In Stock
P0164,S014,1,91,In Stock
P0164,S015,1,16,In Stock
P0164,S017,1,99,In Stock
P0164,S019,1,22,In Stock
P0164,S022,1,74,In Stock
P0164,S023,1,39,In Stock
P0165,S001,6,83,In Stock
P0165,S005,2,62,In Stock
P0165,S007,1,89,In Stock
P0165,S008,5,24,In Stock
P0165,S009,6,28,In Stock
P0165,S010,2,43,In Stock
P0165,S011,2,94,In Stock
P0165,S012,1,23,In Stock
P0165,S013,7,46,In Stock
P0165,S014,1,81,In Stock
P0165,S015,2,77,In Stock
P0165,S019,4,55,In Stock
P0165,S020,4,54,In Stock
P0165,S022,1,92,In Stock
P0165,S024,1,56,In Stock
P0165,S025,1,83,In Stock
P0166,S001,1,67,In Stock
P0166,S002,2,40,In Stock
P0166,S003,1,29,In Stock
P0166,S004,1,117,In Stock
P0166,S005,1,103,In Stock
P0166,S006,1,96,In Stock
P0166,S008,2,61,In Stock
P0166,S009,1,57,In Stock
P0166,S010,1,32,In Stock
P0166,S011,1,55,In Stock
P0166,S012,1,64,In Stock
P0166,S013,1,86,In Stock
P0166,S016,1,110,In Stock
P0166,S017,1,51,In Stock
P0166,S018,1,76,In Stock
P0166,S019,1,32,In Stock
P0166,S020,1,109,In Stock
P0166,S021,1,22,In Stock
P0166,S026,1,44,In Stock
P0167,S002,1,27,In Stock
P0167,S003,1,115,In Stock
P0167,S004,1,99,In Stock
P0167,S005,1,49,In Stock
P0167,S007,1,119,In Stock
P0167,S008,1,27,In Stock
P0167,S010,1,47,In Stock
P0167,S011,1,113,In Stock
P0167,S012,1,117,In Stock
P0167,S013,1,78,In Stock
P0167,S015,1,55,In Stock
P0167,S016,1,76,In Stock
P0167,S018,1,27,In Stock
P0167,S019,2,87,In Stock
P0167,S020,1,33,In Stock
P0167,S021,1,98,In Stock
P0167,S022,1,97,In Stock
P0167,S023,1,47,In Stock
P0167,S024,1,17,In Stock
P0167,S026,1,118,In Stock
P0168,S001,1,78,In Stock
P0168,S002,1,114,In Stock
P0168,S003,1,26,In Stock
P0168,S005,1,37,In Stock
P0168,S006,1,95,In Stock
P0168,S007,1,49,In Stock
P0168,S008,1,53,In Stock
P0168,S009,1,76,In Stock
P0168,S010,1,26,In Stock
P0168,S011,1,46,In Stock
P0168,S012,1,18,In Stock
P0168,S013,1,37,In Stock
P0168,S014,1,52,In Stock
P0168,S016,1,49,In Stock
P0168,S018,1,56,In Stock
P0168,S019,1,46,In Stock
P0168,S022,1,93,In Stock
P0168,S024,1,109,In Stock
P0168,S025,1,97,In Stock
P0169,S001,7,40,In Stock
P0169,S002,1,6,In Stock
P0169,S003,3,45,In Stock
P0169,S004,4,8,In Stock
P0169,S005,4,25,In Stock
P0169,S006,3,13,In Stock
P0169,S007,1,41,In Stock
P0169,S008,6,16,In Stock
P0169,S009,1,9,In Stock
P0169,S010,9,22,In Stock
P0169,S011,2,35,In Stock
P0169,S012,5,31,In Stock
P0169,S013,7,25,In Stock
P0169,S014,9,39,In Stock
P0169,S015,7,7,In Stock
P0169,S016,2,25,In Stock
P0169,S017,1,13,In Stock
P0169,S018,2,33,In Stock
P0169,S019,10,20,In Stock
P0169,S020,1,10,In Stock
P0169,S021,0,13,Out of Stock
P0169,S022,1,43,In Stock
P0169,S023,3,43,In Stock
P0169,S024,7,39,In Stock
P0169,S025,4,11,In Stock
P0169,S026,1,10,In Stock
P0170,S001,3,64,In Stock
P0170,S002,1,55,In Stock
P0170,S003,1,63,In Stock
P0170,S005,1,20,In Stock
P0170,S006,1,115,In Stock
P0170,S007,1,114,In Stock
P0170,S008,1,96,In Stock
P0170,S009,1,82,In Stock
P0170,S013,3,20,In Stock
P0170,S015,1,39,In Stock
P0170,S016,2,58,In Stock
P0170,S017,1,82,In Stock
P0170,S018,1,44,In Stock
P0170,S019,2,109,In Stock
P0170,S020,1,25,In Stock
P0170,S021,1,27,In Stock
P0170,S024,1,93,In Stock
P0170,S025,2,52,In Stock
P0170,S026,1,74,In Stock
P0171,S001,2,105,In Stock
P0171,S002,1,106,In Stock
P0171,S003,3,115,In Stock
P0171,S004,1,61,In Stock
P0171,S005,1,100,In Stock
P0171,S006,1,108,In Stock
P0171,S010,1,25,In Stock
P0171,S011,1,24,In Stock
P0171,S013,2,53,In Stock
P0171,S014,1,118,In Stock
P0171,S015,1,87,In Stock
P0171,S016,1,21,In Stock
P0171,S019,1,72,In Stock
P0171,S020,1,57,In Stock
P0171,S021,2,77,In Stock
P0171,S023,1,77,In Stock
P0171,S024,3,94,In Stock
P0171,S025,1,30,In Stock
P0171,S026,1,99,In Stock
P0172,S001,2,69,In Stock
P0172,S002,0,85,Out of Stock
P0172,S003,0,43,Out of Stock
P0172,S004,2,46,In Stock
P0172,S006,4,59,In Stock
P0172,S008,7,30,In Stock
P0172,S009,1,96,In Stock
P0172,S010,1,41,In Stock
P0172,S012,1,67,In Stock
P0172,S013,1,109,In Stock
P0172,S014,1,73,In Stock
P0172,S015,0,21,Out of Stock
P0172,S016,5,92,In Stock
P0172,S018,1,114,In Stock
P0172,S019,4,20,In Stock
P0172,S020,1,106,In Stock
P0172,S024,3,61,In Stock
P0172,S025,1,70,In Stock
P0172,S026,2,71,In Stock
P0173,S001,1,219,In Stock
P0173,S003,1,237,In Stock
P0173,S004,1,199,In Stock
P0173,S005,1,114,In Stock
P0173,S006,1,102,In Stock
P0173,S008,1,254,In Stock
P0173,S010,1,96,In Stock
P0173,S011,1,87,In Stock
P0173,S012,1,173,In Stock
P0173,S014,1,204,In Stock
P0173,S015,1,260,In Stock
P0173,S018,1,197,In Stock
P0173,S019,1,88,In Stock
P0173,S021,1,145,In Stock
P0173,S024,1,143,In Stock
P0173,S025,1,179,In Stock
P0173,S026,1,211,In Stock
P0174,S001,2,15,In Stock
P0174,S002,2,11,In Stock
P0174,S003,1,8,In Stock
P0174,S004,1,12,In Stock
P0174,S005,1,11,In Stock
P0174,S006,3,18,In Stock
P0174,S007,1,18,In Stock
P0174,S008,4,21,In Stock
P0174,S009,1,41,In Stock
P0174,S010,1,43,In Stock
P0174,S011,1,18,In Stock
P0174,S012,1,43,In Stock
P0174,S013,1,11,In Stock
P0174,S014,1,38,In Stock
P0174,S015,2,20,In Stock
P0174,S016,2,29,In Stock
P0174,S017,1,43,In Stock
P0174,S018,1,36,In Stock
P0174,S019,6,42,In Stock
P0174,S020,1,13,In Stock
P0174,S021,2,25,In Stock
P0174,S022,1,16,In Stock
P0174,S023,1,42,In Stock
P0174,S024,0,20,Out of Stock
P0174,S025,1,36,In Stock
P0174,S026,1,21,In Stock
P0175,S001,1,86,In Stock
P0175,S003,2,16,In Stock
P0175,S004,1,65,In Stock
P0175,S006,1,88,In Stock
P0175,S007,1,35,In Stock
P0175,S008,1,114,In Stock
P0175,S009,1,76,In Stock
P0175,S010,1,118,In Stock
P0175,S013,1,82,In Stock
P0175,S014,1,37,In Stock
P0175,S015,1,21,In Stock
P0175,S020,1,19,In Stock
P0175,S021,1,109,In Stock
P0175,S022,1,28,In Stock
P0175,S024,1,90,In Stock
P0176,S001,2,40,In Stock
P0176,S002,2,31,In Stock
P0176,S003,2,43,In Stock
P0176,S004,1,12,In Stock
P0176,S005,1,27,In Stock
P0176,S006,1,33,In Stock
P0176,S007,3,21,In Stock
P0176,S008,3,25,In Stock
P0176,S009,1,37,In Stock
P0176,S010,1,8,In Stock
P0176,S011,4,21,In Stock
P0176,S012,3,43,In Stock
P0176,S013,2,45,In Stock
P0176,S014,2,13,In Stock
P0176,S015,3,27,In Stock
P0176,S016,4,11,In Stock
P0176,S017,1,45,In Stock
P0176,S018,1,38,In Stock
P0176,S019,1,28,In Stock
P0176,S020,2,14,In Stock
P0176,S021,1,30,In Stock
P0176,S022,1,20,In Stock
P0176,S023,1,45,In Stock
P0176,S024,2,15,In Stock
P0176,S025,1,14,In Stock
P0176,S026,1,29,In Stock
P0177,S001,1,92,In Stock
P0177,S002,1,45,In Stock
P0177,S003,1,22,In Stock
P0177,S005,1,39,In Stock
P0177,S007,1,101,In Stock
P0177,S008,1,66,In Stock
P0177,S009,1,84,In Stock
P0177,S010,1,116,In Stock
P0177,S012,1,102,In Stock
P0177,S013,1,24,In Stock
P0177,S015,1,24,In Stock
P0177,S017,1,87,In Stock
P0177,S018,1,77,In Stock
P0177,S019,1,69,In Stock
P0177,S020,1,91,In Stock
P0177,S022,1,73,In Stock
P0177,S023,1,40,In Stock
P0177,S024,1,82,In Stock
P0177,S026,0,18,Out of Stock
P0178,S001,1,15,In Stock
P0178,S002,2,18,In Stock
P0178,S003,0,8,Out of Stock
P0178,S004,1,11,In Stock
P0178,S005,1,4,In Stock
P0178,S006,1,18,In Stock
P0178,S007,0,2,Out of Stock
P0178,S008,1,20,In Stock
P0178,S009,1,9,In Stock
P0178,S010,0,5,Out of Stock
P0178,S011,0,18,Out of Stock
P0178,S012,0,16,Out of Stock
P0178,S013,0,1,Out of Stock
P0178,S014,0,20,Out of Stock
P0178,S015,1,14,In Stock
P0178,S016,1,16,In Stock
P0178,S017,0,16,Out of Stock
P0178,S018,1,7,In Stock
P0178,S019,1,10,In Stock
P0178,S020,1,10,In Stock
P0178,S021,0,8,Out of Stock
P0178,S022,0,5,Out of Stock
P0178,S023,1,10,In Stock
P0178,S024,0,15,Out of Stock
P0178,S025,0,13,Out of Stock
P0178,S026,0,16,Out of Stock
P0179,S001,1,77,In Stock
P0179,S002,1,34,In Stock
P0179,S003,1,113,In Stock
P0179,S005,1,37,In Stock
P0179,S006,1,16,In Stock
P0179,S007,1,99,In Stock
P0179,S008,2,44,In Stock
P0179,S009,1,58,In Stock
P0179,S010,1,17,In Stock
P0179,S011,1,25,In Stock
P0179,S013,1,17,In Stock
P0179,S014,1,74,In Stock
P0179,S015,1,27,In Stock
P0179,S016,1,47,In Stock
P0179,S018,1,35,In Stock
P0179,S019,1,115,In Stock
P0179,S020,1,114,In Stock
P0179,S021,1,105,In Stock
P0179,S022,1,38,In Stock
P0179,S024,1,40,In Stock
P0179,S026,1,110,In Stock
P0180,S001,1,108,In Stock
P0180,S006,1,74,In Stock
P0180,S008,1,101,In Stock
P0180,S009,1,67,In Stock
P0180,S010,1,70,In Stock
P0180,S011,0,77,Out of Stock
P0180,S013,1,117,In Stock
P0180,S015,1,92,In Stock
P0180,S017,1,47,In Stock
P0180,S018,1,33,In Stock
P0180,S019,1,91,In Stock
P0180,S020,1,43,In Stock
P0180,S024,1,37,In Stock
P0180,S025,1,45,In Stock
P0181,S001,1,61,In Stock
P0181,S002,1,79,In Stock
P0181,S004,0,18,Out of Stock
P0181,S005,1,81,In Stock
P0181,S006,1,44,In Stock
P0181,S008,1,40,In Stock
P0181,S010,1,54,In Stock
P0181,S012,1,85,In Stock
P0181,S013,1,114,In Stock
P0181,S014,1,37,In Stock
P0181,S016,1,105,In Stock
P0181,S019,1,70,In Stock
P0181,S022,1,62,In Stock
P0181,S023,1,90,In Stock
P0181,S024,1,42,In Stock
P0181,S026,1,90,In Stock
P0182,S001,1,74,In Stock
P0182,S002,1,24,In Stock
P0182,S004,1,99,In Stock
P0182,S005,1,116,In Stock
P0182,S008,1,47,In Stock
P0182,S009,1,94,In Stock
P0182,S010,1,79,In Stock
P0182,S011,1,55,In Stock
P0182,S012,1,60,In Stock
P0182,S016,1,83,In Stock
P0182,S018,1,81,In Stock
P0182,S019,1,55,In Stock
P0182,S022,1,83,In Stock
P0182,S024,1,72,In Stock
P0183,S001,1,15,In Stock
P0183,S002,1,19,In Stock
P0183,S003,1,19,In Stock
P0183,S004,0,2,Out of Stock
P0183,S005,2,2,In Stock
P0183,S006,3,10,In Stock
P0183,S007,0,19,Out of Stock
P0183,S008,0,13,Out of Stock
P0183,S009,4,4,In Stock
P0183,S010,1,12,In Stock
P0183,S011,1,15,In Stock
P0183,S012,1,9,In Stock
P0183,S013,2,15,In Stock
P0183,S014,0,12,Out of Stock
P0183,S015,1,11,In Stock
P0183,S016,0,14,Out of Stock
P0183,S017,1,16,In Stock
P0183,S018,2,16,In Stock
P0183,S019,0,13,Out of Stock
P0183,S020,3,10,In Stock
P0183,S021,1,17,In Stock
P0183,S022,0,5,Out of Stock
P0183,S023,0,14,Out of Stock
P0183,S024,2,2,In Stock
P0183,S025,0,16,Out of Stock
P0183,S026,0,19,Out of Stock
P0184,S001,1,80,In Stock
P0184,S002,0,82,Out of Stock
P0184,S005,1,82,In Stock
P0184,S006,1,56,In Stock
P0184,S008,1,49,In Stock
P0184,S009,1,59,In Stock
P0184,S010,1,23,In Stock
P0184,S013,1,77,In Stock
P0184,S014,1,89,In Stock
P0184,S015,1,90,In Stock
P0184,S016,1,61,In Stock
P0184,S017,1,63,In Stock
P0184,S018,1,36,In Stock
P0184,S019,3,68,In Stock
P0184,S020,1,63,In Stock
P0184,S021,1,117,In Stock
P0184,S023,1,68,In Stock
P0184,S024,1,27,In Stock
P0184,S025,1,80,In Stock
P0185,S001,1,25,In Stock
P0185,S002,6,20,In Stock
P0185,S003,0,33,Out of Stock
P0185,S004,1,29,In Stock
P0185,S005,2,7,In Stock
P0185,S006,1,11,In Stock
P0185,S007,1,28,In Stock
P0185,S008,1,45,In Stock
P0185,S009,0,7,Out of Stock
P0185,S010,1,44,In Stock
P0185,S011,1,44,In Stock
P0185,S012,1,10,In Stock
P0185,S013,4,45,In Stock
P0185,S014,1,30,In Stock
P0185,S015,1,34,In Stock
P0185,S016,1,28,In Stock
P0185,S017,1,11,In Stock
P0185,S018,1,32,In Stock
P0185,S019,2,5,In Stock
P0185,S020,1,16,In Stock
P0185,S021,1,11,In Stock
P0185,S022,1,32,In Stock
P0185,S023,1,25,In Stock
P0185,S024,1,14,In Stock
P0185,S025,1,43,In Stock
P0185,S026,1,40,In Stock
P0186,S001,135,338,In Stock
P0186,S002,59,450,In Stock
P0186,S003,67,495,In Stock
P0186,S005,108,392,In Stock
P0186,S006,143,512,In Stock
P0186,S008,104,373,In Stock
P0186,S009,141,332,In Stock
P0186,S010,122,244,In Stock
P0186,S011,77,450,In Stock
P0186,S012,109,269,In Stock
P0186,S013,77,285,In Stock
P0186,S014,137,295,In Stock
P0186,S015,56,190,In Stock
P0186,S016,38,427,In Stock
P0186,S017,145,234,In Stock
P0186,S019,55,197,In Stock
P0186,S020,35,226,In Stock
P0186,S023,47,227,In Stock
P0186,S026,82,259,In Stock
P0187,S001,0,1,Out of Stock
P0187,S002,0,9,Out of Stock
P0187,S003,0,2,Out of Stock
P0187,S004,0,2,Out of Stock
P0187,S005,0,5,Out of Stock
P0187,S006,0,1,Out of Stock
P0187,S007,0,18,Out of Stock
P0187,S008,0,19,Out of Stock
P0187,S009,0,20,Out of Stock
P0187,S010,0,13,Out of Stock
P0187,S011,0,11,Out of Stock
P0187,S012,0,2,Out of Stock
P0187,S013,0,3,Out of Stock
P0187,S014,0,5,Out of Stock
P0187,S015,0,1,Out of Stock
P0187,S016,0,4,Out of Stock
P0187,S017,0,2,Out of Stock
P0187,S018,0,13,Out of Stock
P0187,S019,0,14,Out of Stock
P0187,S020,0,18,Out of Stock
P0187,S021,0,9,Out of Stock
P0187,S022,0,6,Out of Stock
P0187,S023,0,1,Out of Stock
P0187,S024,0,18,Out of Stock
P0187,S025,0,13,Out of Stock
P0187,S026,0,1,Out of Stock
P0188,S001,1,41,In Stock
P0188,S002,1,35,In Stock
P0188,S003,1,81,In Stock
P0188,S005,1,82,In Stock
P0188,S006,1,87,In Stock
P0188,S008,1,81,In Stock
P0188,S009,1,33,In Stock
P0188,S010,1,74,In Stock
P0188,S011,1,68,In Stock
P0188,S012,1,35,In Stock
P0188,S013,1,95,In Stock
P0188,S016,1,45,In Stock
P0188,S017,1,65,In Stock
P0188,S019,1,26,In Stock
P0188,S020,1,85,In Stock
P0188,S021,1,96,In Stock
P0188,S022,1,72,In Stock
P0188,S024,1,107,In Stock
P0188,S025,1,49,In Stock
P0188,S026,1,24,In Stock
P0189,S001,78,490,In Stock
P0189,S002,63,390,In Stock
P0189,S005,121,292,In Stock
P0189,S006,84,349,In Stock
P0189,S007,70,273,In Stock
P0189,S009,83,533,In Stock
P0189,S010,110,515,In Stock
P0189,S011,108,247,In Stock
P0189,S013,41,416,In Stock
P0189,S015,124,282,In Stock
P0189,S016,52,258,In Stock
P0189,S017,116,429,In Stock
P0189,S020,126,267,In Stock
P0189,S021,91,476,In Stock
P0189,S022,61,405,In Stock
P0189,S024,44,464,In Stock
P0189,S025,91,367,In Stock
P0189,S026,124,447,In Stock
P0190,S001,1,54,In Stock
P0190,S002,1,19,In Stock
P0190,S005,1,104,In Stock
P0190,S006,1,120,In Stock
P0190,S008,1,40,In Stock
P0190,S009,1,21,In Stock
P0190,S011,1,97,In Stock
P0190,S012,1,76,In Stock
P0190,S013,1,73,In Stock
P0190,S015,1,111,In Stock
P0190,S016,2,113,In Stock
P0190,S017,1,18,In Stock
P0190,S018,1,80,In Stock
P0190,S019,1,54,In Stock
P0190,S021,1,109,In Stock
P0190,S023,1,38,In Stock
P0190,S024,1,47,In Stock
P0190,S025,1,49,In Stock
P0191,S001,1,24,In Stock
P0191,S002,0,106,Out of Stock
P0191,S004,1,32,In Stock
P0191,S005,1,120,In Stock
P0191,S006,1,34,In Stock
P0191,S008,1,72,In Stock
P0191,S009,1,45,In Stock
P0191,S011,1,63,In Stock
P0191,S012,1,116,In Stock
P0191,S013,2,26,In Stock
P0191,S015,1,47,In Stock
P0191,S016,1,69,In Stock
P0191,S017,1,91,In Stock
P0191,S018,1,65,In Stock
P0191,S019,1,36,In Stock
P0191,S020,1,113,In Stock
P0191,S021,1,71,In Stock
P0191,S022,1,37,In Stock
P0191,S023,1,34,In Stock
P0191,S024,1,48,In Stock
P0191,S025,1,72,In Stock
P0192,S001,2,95,In Stock
P0192,S004,1,30,In Stock
P0192,S005,1,88,In Stock
P0192,S007,1,75,In Stock
P0192,S008,1,66,In Stock
P0192,S009,1,62,In Stock
P0192,S010,2,51,In Stock
P0192,S012,1,103,In Stock
P0192,S013,1,74,In Stock
P0192,S014,3,106,In Stock
P0192,S015,1,29,In Stock
P0192,S016,1,45,In Stock
P0192,S018,1,113,In Stock
P0192,S019,1,26,In Stock
P0192,S020,1,31,In Stock
P0192,S021,1,85,In Stock
P0192,S022,1,118,In Stock
P0192,S024,1,24,In Stock
P0192,S025,1,74,In Stock
P0192,S026,1,114,In Stock
P0193,S001,0,19,Out of Stock
P0193,S002,0,4,Out of Stock
P0193,S003,0,5,Out of Stock
P0193,S004,0,20,Out of Stock
P0193,S005,0,19,Out of Stock
P0193,S006,0,1,Out of Stock
P0193,S007,0,8,Out of Stock
P0193,S008,0,9,Out of Stock
P0193,S009,0,13,Out of Stock
P0193,S010,0,7,Out of Stock
P0193,S011,0,6,Out of Stock
P0193,S012,0,4,Out of Stock
P0193,S013,0,14,Out of Stock
P0193,S014,0,10,Out of Stock
P0193,S015,0,5,Out of Stock
P0193,S016,0,18,Out of Stock
P0193,S017,0,18,Out of Stock
P0193,S018,0,2,Out of Stock
P0193,S019,0,9,Out of Stock
P0193,S020,0,3,Out of Stock
P0193,S021,0,12,Out of Stock
P0193,S022,0,8,Out of Stock
P0193,S023,0,12,Out of Stock
P0193,S024,0,9,Out of Stock
P0193,S025,0,1,Out of Stock
P0193,S026,0,16,Out of Stock
P0194,S001,1,32,In Stock
P0194,S002,1,43,In Stock
P0194,S003,1,96,In Stock
P0194,S005,1,93,In Stock
P0194,S006,1,60,In Stock
P0194,S007,1,36,In Stock
P0194,S008,1,105,In Stock
P0194,S009,1,38,In Stock
P0194,S010,2,57,In Stock
P0194,S011,1,118,In Stock
P0194,S012,1,94,In Stock
P0194,S013,1,56,In Stock
P0194,S014,1,89,In Stock
P0194,S015,1,21,In Stock
P0194,S017,1,102,In Stock
P0194,S018,1,85,In Stock
P0194,S019,1,102,In Stock
P0194,S020,1,112,In Stock
P0194,S021,1,21,In Stock
P0194,S026,1,102,In Stock
P0195,S001,1,149,In Stock
P0195,S002,1,79,In Stock
P0195,S008,1,202,In Stock
P0195,S012,1,137,In Stock
P0195,S013,1,159,In Stock
P0195,S015,1,64,In Stock
P0195,S016,1,148,In Stock
P0195,S018,1,147,In Stock
P0195,S019,1,151,In Stock
P0195,S020,1,61,In Stock
P0195,S021,1,244,In Stock
P0195,S024,1,264,In Stock
P0195,S026,1,196,In Stock
P0196,S001,1,220,In Stock
P0196,S003,1,213,In Stock
P0196,S004,1,198,In Stock
P0196,S005,1,141,In Stock
P0196,S006,1,125,In Stock
P0196,S008,1,84,In Stock
P0196,S009,1,95,In Stock
P0196,S010,1,193,In Stock
P0196,S013,1,179,In Stock
P0196,S014,1,116,In Stock
P0196,S015,1,175,In Stock
P0196,S019,1,92,In Stock
P0196,S020,1,270,In Stock
P0196,S022,1,167,In Stock
P0196,S024,1,182,In Stock
P0196,S026,1,224,In Stock
P0197,S001,3,43,In Stock
P0197,S002,3,58,In Stock
P0197,S004,1,96,In Stock
P0197,S006,1,68,In Stock
P0197,S008,9,116,In Stock
P0197,S009,4,37,In Stock
P0197,S010,2,112,In Stock
P0197,S011,2,119,In Stock
P0197,S013,1,74,In Stock
P0197,S014,2,45,In Stock
P0197,S015,1,93,In Stock
P0197,S016,1,52,In Stock
P0197,S017,1,20,In Stock
P0197,S019,3,74,In Stock
P0197,S023,1,17,In Stock
P0197,S024,1,39,In Stock
P0197,S026,1,35,In Stock
P0198,S001,1,64,In Stock
P0198,S003,1,119,In Stock
P0198,S005,1,63,In Stock
P0198,S008,1,95,In Stock
P0198,S009,1,108,In Stock
P0198,S011,1,20,In Stock
P0198,S014,2,38,In Stock
P0198,S015,1,69,In Stock
P0198,S016,1,69,In Stock
P0198,S018,1,104,In Stock
P0198,S019,4,106,In Stock
P0198,S020,1,19,In Stock
P0198,S021,1,63,In Stock
P0198,S023,1,76,In Stock
P0198,S025,1,53,In Stock
P0199,S001,1,261,In Stock
P0199,S002,1,133,In Stock
P0199,S003,1,270,In Stock
P0199,S004,1,187,In Stock
P0199,S005,1,223,In Stock
P0199,S007,1,171,In Stock
P0199,S008,1,127,In Stock
P0199,S010,1,239,In Stock
P0199,S011,1,176,In Stock
P0199,S013,1,212,In Stock
P0199,S014,1,156,In Stock
P0199,S015,1,265,In Stock
P0199,S016,1,212,In Stock
P0199,S017,1,267,In Stock
P0199,S018,1,87,In Stock
P0199,S019,1,153,In Stock
P0199,S020,1,267,In Stock
P0199,S022,1,261,In Stock
P0199,S023,1,202,In Stock
P0199,S024,1,71,In Stock
P0199,S025,1,120,In Stock
P0200,S001,1,41,In Stock
P0200,S003,1,49,In Stock
P0200,S005,1,34,In Stock
P0200,S006,1,101,In Stock
P0200,S007,1,70,In Stock
P0200,S008,3,92,In Stock
P0200,S009,1,119,In Stock
P0200,S011,1,36,In Stock
P0200,S013,1,74,In Stock
P0200,S014,1,115,In Stock
P0200,S015,1,47,In Stock
P0200,S016,1,82,In Stock
P0200,S019,2,56,In Stock
P0200,S020,1,42,In Stock
P0200,S021,1,53,In Stock
P0200,S023,1,19,In Stock
P0200,S025,1,105,In Stock
P0201,S001,1,96,In Stock
P0201,S002,1,103,In Stock
P0201,S003,1,120,In Stock
P0201,S004,1,116,In Stock
P0201,S006,1,21,In Stock
P0201,S008,1,41,In Stock
P0201,S009,1,19,In Stock
P0201,S010,2,102,In Stock
P0201,S011,1,87,In Stock
P0201,S013,1,78,In Stock
P0201,S015,1,90,In Stock
P0201,S016,1,119,In Stock
P0201,S019,1,116,In Stock
P0201,S020,1,116,In Stock
P0201,S021,1,78,In Stock
P0201,S025,1,119,In Stock
P0202,S001,2,57,In Stock
P0202,S002,1,106,In Stock
P0202,S004,1,54,In Stock
P0202,S005,1,55,In Stock
P0202,S007,1,62,In Stock
P0202,S008,1,23,In Stock
P0202,S009,1,78,In Stock
P0202,S010,1,96,In Stock
P0202,S011,1,34,In Stock
P0202,S012,1,106,In Stock
P0202,S013,1,77,In Stock
P0202,S015,1,112,In Stock
P0202,S016,1,99,In Stock
P0202,S019,2,107,In Stock
P0202,S020,1,103,In Stock
P0202,S023,1,29,In Stock
P0202,S024,1,83,In Stock
P0202,S026,1,99,In Stock
P0203,S001,7,39,In Stock
P0203,S002,3,113,In Stock
P0203,S004,3,30,In Stock
P0203,S005,0,21,Out of Stock
P0203,S007,1,15,In Stock
P0203,S008,7,20,In Stock
P0203,S009,2,38,In Stock
P0203,S011,4,63,In Stock
P0203,S012,1,24,In Stock
P0203,S013,3,38,In Stock
P0203,S014,2,48,In Stock
P0203,S016,1,106,In Stock
P0203,S018,1,41,In Stock
P0203,S020,2,97,In Stock
P0203,S021,5,109,In Stock
P0203,S023,4,92,In Stock
P0203,S024,1,65,In Stock
P0203,S025,1,66,In Stock
P0203,S026,2,113,In Stock
P0204,S001,1,61,In Stock
P0204,S002,1,82,In Stock
P0204,S003,1,102,In Stock
P0204,S004,1,93,In Stock
P0204,S006,1,65,In Stock
P0204,S007,1,88,In Stock
P0204,S008,2,25,In Stock
P0204,S009,1,60,In Stock
P0204,S010,3,38,In Stock
P0204,S011,1,118,In Stock
P0204,S012,1,102,In Stock
P0204,S013,1,28,In Stock
P0204,S015,0,50,Out of Stock
P0204,S016,1,94,In Stock
P0204,S019,3,43,In Stock
P0204,S020,1,77,In Stock
P0204,S022,1,55,In Stock
P0204,S023,1,90,In Stock
P0204,S024,1,112,In Stock
P0204,S026,1,87,In Stock
P0205,S001,1,21,In Stock
P0205,S003,1,111,In Stock
P0205,S004,1,57,In Stock
P0205,S005,1,88,In Stock
P0205,S006,1,48,In Stock
P0205,S007,1,80,In Stock
P0205,S008,1,88,In Stock
P0205,S011,1,39,In Stock
P0205,S012,0,73,Out of Stock
P0205,S013,1,98,In Stock
P0205,S014,2,21,In Stock
P0205,S015,1,92,In Stock
P0205,S016,1,87,In Stock
P0205,S017,1,21,In Stock
P0205,S018,1,108,In Stock
P0205,S019,2,17,In Stock
P0205,S021,1,35,In Stock
P0205,S022,1,24,In Stock
P0205,S024,1,32,In Stock
P0205,S025,1,102,In Stock
P0205,S026,1,58,In Stock
P0206,S001,0,2,Out of Stock
P0206,S002,1,3,In Stock
P0206,S003,0,2,Out of Stock
P0206,S004,0,13,Out of Stock
P0206,S005,0,1,Out of Stock
P0206,S006,0,6,Out of Stock
P0206,S007,0,6,Out of Stock
P0206,S008,0,1,Out of Stock
P0206,S009,0,17,Out of Stock
P0206,S010,0,17,Out of Stock
P0206,S011,0,11,Out of Stock
P0206,S012,0,1,Out of Stock
P0206,S013,0,1,Out of Stock
P0206,S014,1,8,In Stock
P0206,S015,0,4,Out of Stock
P0206,S016,0,18,Out of Stock
P0206,S017,0,17,Out of Stock
P0206,S018,0,11,Out of Stock
P0206,S019,0,1,Out of Stock
P0206,S020,0,17,Out of Stock
P0206,S021,0,4,Out of Stock
P0206,S022,0,2,Out of Stock
P0206,S023,0,6,Out of Stock
P0206,S024,0,19,Out of Stock
P0206,S025,0,13,Out of Stock
P0206,S026,0,11,Out of Stock
P0207,S001,0,16,Out of Stock
P0207,S002,0,10,Out of Stock
P0207,S003,0,1,Out of Stock
P0207,S004,0,18,Out of Stock
P0207,S005,0,11,Out of Stock
P0207,S006,0,8,Out of Stock
P0207,S007,0,10,Out of Stock
P0207,S008,1,12,In Stock
P0207,S009,0,9,Out of Stock
P0207,S010,1,4,In Stock
P0207,S011,0,20,Out of Stock
P0207,S012,0,18,Out of Stock
P0207,S013,1,16,In Stock
P0207,S014,0,15,Out of Stock
P0207,S015,0,12,Out of Stock
P0207,S016,0,19,Out of Stock
P0207,S017,0,2,Out of Stock
P0207,S018,0,13,Out of Stock
P0207,S019,2,16,In Stock
P0207,S020,0,20,Out of Stock
P0207,S021,0,12,Out of Stock
P0207,S022,0,11,Out of Stock
P0207,S023,0,1,Out of Stock
P0207,S024,0,10,Out of Stock
P0207,S025,0,11,Out of Stock
P0207,S026,0,1,Out of Stock
P0208,S001,66,467,In Stock
P0208,S003,86,204,In Stock
P0208,S004,32,536,In Stock
P0208,S007,75,536,In Stock
P0208,S008,148,334,In Stock
P0208,S010,107,180,In Stock
P0208,S012,43,372,In Stock
P0208,S013,122,387,In Stock
P0208,S014,121,454,In Stock
P0208,S015,120,412,In Stock
P0208,S017,82,212,In Stock
P0208,S018,60,287,In Stock
P0208,S019,68,402,In Stock
P0208,S020,74,357,In Stock
P0208,S021,31,211,In Stock
P0208,S022,52,308,In Stock
P0208,S025,144,329,In Stock
P0209,S001,2,17,In Stock
P0209,S002,1,29,In Stock
P0209,S003,1,37,In Stock
P0209,S004,1,31,In Stock
P0209,S005,1,25,In Stock
P0209,S006,1,19,In Stock
P0209,S007,1,34,In Stock
P0209,S008,2,7,In Stock
P0209,S009,1,9,In Stock
P0209,S010,1,11,In Stock
P0209,S011,4,36,In Stock
P0209,S012,2,25,In Stock
P0209,S013,3,38,In Stock
P0209,S014,1,36,In Stock
P0209,S015,2,43,In Stock
P0209,S016,1,13,In Stock
P0209,S017,1,26,In Stock
P0209,S018,1,18,In Stock
P0209,S019,1,40,In Stock
P0209,S020,3,15,In Stock
P0209,S021,2,7,In Stock
P0209,S022,2,24,In Stock
P0209,S023,1,14,In Stock
P0209,S024,1,6,In Stock
P0209,S025,1,45,In Stock
P0209,S026,2,42,In Stock
P0210,S001,8,25,In Stock
P0210,S002,5,18,In Stock
P0210,S003,6,36,In Stock
P0210,S004,2,16,In Stock
P0210,S005,1,44,In Stock
P0210,S006,1,5,In Stock
P0210,S007,7,44,In Stock
P0210,S008,9,14,In Stock
P0210,S009,6,39,In Stock
P0210,S010,0,23,Out of Stock
P0210,S011,5,28,In Stock
P0210,S012,2,11,In Stock
P0210,S013,4,18,In Stock
P0210,S014,5,20,In Stock
P0210,S015,5,18,In Stock
P0210,S016,1,21,In Stock
P0210,S017,3,29,In Stock
P0210,S018,5,14,In Stock
P0210,S019,8,19,In Stock
P0210,S020,2,14,In Stock
P0210,S021,2,29,In Stock
P0210,S022,1,38,In Stock
P0210,S023,0,10,Out of Stock
P0210,S024,8,26,In Stock
P0210,S025,1,18,In Stock
P0210,S026,8,12,In Stock
P0211,S001,2,100,In Stock
P0211,S002,1,51,In Stock
P0211,S003,1,71,In Stock
P0211,S004,1,68,In Stock
P0211,S005,1,78,In Stock
P0211,S006,0,74,Out of Stock
P0211,S007,2,76,In Stock
P0211,S008,1,61,In Stock
P0211,S009,0,20,Out of Stock
P0211,S010,1,81,In Stock
P0211,S011,2,118,In Stock
P0211,S013,2,28,In Stock
P0211,S014,3,81,In Stock
P0211,S015,1,69,In Stock
P0211,S016,1,114,In Stock
P0211,S019,1,88,In Stock
P0211,S020,2,34,In Stock
P0211,S021,1,67,In Stock
P0211,S022,1,70,In Stock
P0211,S023,0,19,Out of Stock
P0211,S024,1,69,In Stock
P0211,S025,2,80,In Stock
P0211,S026,1,95,In Stock
P0212,S001,2,112,In Stock
P0212,S002,1,75,In Stock
P0212,S003,3,56,In Stock
P0212,S004,2,86,In Stock
P0212,S005,1,56,In Stock
P0212,S006,1,84,In Stock
P0212,S008,3,16,In Stock
P0212,S009,2,107,In Stock
P0212,S010,2,110,In Stock
P0212,S011,1,78,In Stock
P0212,S013,2,57,In Stock
P0212,S014,1,46,In Stock
P0212,S015,4,116,In Stock
P0212,S017,1,116,In Stock
P0212,S019,0,66,Out of Stock
P0212,S020,2,101,In Stock
P0212,S021,4,67,In Stock
P0212,S024,1,33,In Stock
P0213,S001,111,289,In Stock
P0213,S002,145,309,In Stock
P0213,S005,101,194,In Stock
P0213,S006,74,394,In Stock
P0213,S007,121,215,In Stock
P0213,S008,111,422,In Stock
P0213,S009,78,339,In Stock
P0213,S012,61,451,In Stock
P0213,S013,142,499,In Stock
P0213,S014,149,452,In Stock
P0213,S016,123,488,In Stock
P0213,S018,137,377,In Stock
P0213,S020,68,487,In Stock
P0213,S022,126,191,In Stock
P0213,S023,119,392,In Stock
P0213,S024,100,200,In Stock
P0213,S025,52,376,In Stock
P0214,S001,130,512,In Stock
P0214,S002,74,242,In Stock
P0214,S003,142,500,In Stock
P0214,S005,70,259,In Stock
P0214,S006,107,401,In Stock
P0214,S008,111,233,In Stock
P0214,S010,87,438,In Stock
P0214,S011,68,252,In Stock
P0214,S012,79,376,In Stock
P0214,S013,41,346,In Stock
P0214,S014,145,304,In Stock
P0214,S015,71,477,In Stock
P0214,S016,32,503,In Stock
P0214,S017,33,354,In Stock
P0214,S020,121,502,In Stock
P0214,S022,97,449,In Stock
P0214,S023,52,398,In Stock
P0214,S025,88,345,In Stock
P0214,S026,45,407,In Stock
P0215,S001,2,17,In Stock
P0215,S002,1,75,In Stock
P0215,S003,1,108,In Stock
P0215,S006,1,98,In Stock
P0215,S007,2,62,In Stock
P0215,S008,3,18,In Stock
P0215,S009,1,80,In Stock
P0215,S010,1,85,In Stock
P0215,S012,1,72,In Stock
P0215,S013,1,27,In Stock
P0215,S015,4,73,In Stock
P0215,S019,1,80,In Stock
P0215,S020,1,42,In Stock
P0215,S023,1,112,In Stock
P0215,S024,2,94,In Stock
P0215,S025,1,108,In Stock
P0216,S001,1,44,In Stock
P0216,S002,1,70,In Stock
P0216,S003,1,66,In Stock
P0216,S005,1,28,In Stock
P0216,S007,1,24,In Stock
P0216,S008,1,27,In Stock
P0216,S010,1,74,In Stock
P0216,S013,1,34,In Stock
P0216,S014,1,73,In Stock
P0216,S016,1,115,In Stock
P0216,S017,1,115,In Stock
P0216,S019,1,110,In Stock
P0216,S020,1,119,In Stock
P0216,S022,1,73,In Stock
P0216,S024,1,101,In Stock
P0216,S025,1,117,In Stock
P0216,S026,1,112,In Stock
P0217,S001,1,40,In Stock
P0217,S004,1,25,In Stock
P0217,S005,1,50,In Stock
P0217,S006,1,70,In Stock
P0217,S007,1,59,In Stock
P0217,S008,1,70,In Stock
P0217,S009,1,22,In Stock
P0217,S010,2,66,In Stock
P0217,S011,1,76,In Stock
P0217,S012,1,63,In Stock
P0217,S013,1,56,In Stock
P0217,S014,0,94,Out of Stock
P0217,S015,1,61,In Stock
P0217,S018,1,33,In Stock
P0217,S019,1,15,In Stock
P0217,S020,1,118,In Stock
P0217,S022,1,30,In Stock
P0217,S024,1,58,In Stock
P0218,S001,0,15,Out of Stock
P0218,S002,0,5,Out of Stock
P0218,S003,0,19,Out of Stock
P0218,S004,0,5,Out of Stock
P0218,S005,0,5,Out of Stock
P0218,S006,0,13,Out of Stock
P0218,S007,0,16,Out of Stock
P0218,S008,0,15,Out of Stock
P0218,S009,0,12,Out of Stock
P0218,S010,0,11,Out of Stock
P0218,S011,0,17,Out of Stock
P0218,S012,0,6,Out of Stock
P0218,S013,0,15,Out of Stock
P0218,S014,0,9,Out of Stock
P0218,S015,0,1,Out of Stock
P0218,S016,0,10,Out of Stock
P0218,S017,0,14,Out of Stock
P0218,S018,0,8,Out of Stock
P0218,S019,0,19,Out of Stock
P0218,S020,0,15,Out of Stock
P0218,S021,0,3,Out of Stock
P0218,S022,0,11,Out of Stock
P0218,S023,0,10,Out of Stock
P0218,S024,0,5,Out of Stock
P0218,S025,0,18,Out of Stock
P0218,S026,0,16,Out of Stock
P0219,S001,0,39,Out of Stock
P0219,S002,1,113,In Stock
P0219,S003,1,82,In Stock
P0219,S004,1,16,In Stock
P0219,S005,1,29,In Stock
P0219,S007,1,69,In Stock
P0219,S009,2,40,In Stock
P0219,S010,1,89,In Stock
P0219,S011,1,54,In Stock
P0219,S012,1,61,In Stock
P0219,S013,1,43,In Stock
P0219,S014,1,108,In Stock
P0219,S015,1,20,In Stock
P0219,S019,1,106,In Stock
P0219,S020,2,30,In Stock
P0219,S025,1,60,In Stock
P0219,S026,1,41,In Stock
P0220,S001,0,15,Out of Stock
P0220,S002,0,14,Out of Stock
P0220,S003,0,7,Out of Stock
P0220,S004,0,9,Out of Stock
P0220,S005,0,20,Out of Stock
P0220,S006,0,11,Out of Stock
P0220,S007,0,13,Out of Stock
P0220,S008,0,11,Out of Stock
P0220,S009,0,5,Out of Stock
P0220,S010,0,6,Out of Stock
P0220,S011,0,18,Out of Stock
P0220,S012,0,9,Out of Stock
P0220,S013,0,17,Out of Stock
P0220,S014,1,17,In Stock
P0220,S015,0,16,Out of Stock
P0220,S016,0,10,Out of Stock
P0220,S017,0,10,Out of Stock
P0220,S018,0,2,Out of Stock
P0220,S019,0,4,Out of Stock
P0220,S020,0,7,Out of Stock
P0220,S021,0,15,Out of Stock
P0220,S022,0,9,Out of Stock
P0220,S023,0,13,Out of Stock
P0220,S024,0,9,Out of Stock
P0220,S025,0,10,Out of Stock
P0220,S026,0,16,Out of Stock
P0221,S001,1,26,In Stock
P0221,S002,1,17,In Stock
P0221,S003,1,28,In Stock
P0221,S004,1,9,In Stock
P0221,S005,5,26,In Stock
P0221,S006,2,23,In Stock
P0221,S007,4,15,In Stock
P0221,S008,9,30,In Stock
P0221,S009,2,18,In Stock
P0221,S010,2,29,In Stock
P0221,S011,1,41,In Stock
P0221,S012,1,41,In Stock
P0221,S013,10,34,In Stock
P0221,S014,1,26,In Stock
P0221,S015,1,40,In Stock
P0221,S016,4,40,In Stock
P0221,S017,1,44,In Stock
P0221,S018,1,26,In Stock
P0221,S019,4,23,In Stock
P0221,S020,1,20,In Stock
P0221,S021,3,16,In Stock
P0221,S022,1,14,In Stock
P0221,S023,2,6,In Stock
P0221,S024,4,32,In Stock
P0221,S025,1,8,In Stock
P0221,S026,1,11,In Stock
P0222,S001,3,69,In Stock
P0222,S003,1,15,In Stock
P0222,S004,1,31,In Stock
P0222,S005,2,115,In Stock
P0222,S006,4,100,In Stock
P0222,S007,1,26,In Stock
P0222,S008,1,104,In Stock
P0222,S009,1,36,In Stock
P0222,S011,2,36,In Stock
P0222,S012,1,49,In Stock
P0222,S013,2,31,In Stock
P0222,S014,2,79,In Stock
P0222,S015,1,47,In Stock
P0222,S016,2,40,In Stock
P0222,S018,1,86,In Stock
P0222,S019,2,42,In Stock
P0222,S022,1,47,In Stock
P0222,S024,1,74,In Stock
P0222,S025,1,52,In Stock
P0223,S001,1,36,In Stock
P0223,S002,2,38,In Stock
P0223,S003,1,44,In Stock
P0223,S004,0,20,Out of Stock
P0223,S005,1,11,In Stock
P0223,S006,4,8,In Stock
P0223,S007,3,42,In Stock
P0223,S008,2,38,In Stock
P0223,S009,1,21,In Stock
P0223,S010,3,42,In Stock
P0223,S011,4,22,In Stock
P0223,S012,1,9,In Stock
P0223,S013,3,33,In Stock
P0223,S014,1,15,In Stock
P0223,S015,0,33,Out of Stock
P0223,S016,2,11,In Stock
P0223,S017,2,27,In Stock
P0223,S018,1,44,In Stock
P0223,S019,1,20,In Stock
P0223,S020,1,20,In Stock
P0223,S021,1,17,In Stock
P0223,S022,2,13,In Stock
P0223,S023,2,18,In Stock
P0223,S024,3,11,In Stock
P0223,S025,2,11,In Stock
P0223,S026,1,34,In Stock
P0224,S001,1,32,In Stock
P0224,S002,1,40,In Stock
P0224,S003,1,42,In Stock
P0224,S004,1,26,In Stock
P0224,S005,1,7,In Stock
P0224,S006,0,16,Out of Stock
P0224,S007,1,17,In Stock
P0224,S008,1,36,In Stock
P0224,S009,2,35,In Stock
P0224,S010,1,21,In Stock
P0224,S011,1,35,In Stock
P0224,S012,1,39,In Stock
P0224,S013,3,35,In Stock
P0224,S014,1,8,In Stock
P0224,S015,1,9,In Stock
P0224,S016,1,21,In Stock
P0224,S017,1,24,In Stock
P0224,S018,1,38,In Stock
P0224,S019,3,29,In Stock
P0224,S020,2,7,In Stock
P0224,S021,1,27,In Stock
P0224,S022,1,5,In Stock
P0224,S023,1,40,In Stock
P0224,S024,1,31,In Stock
P0224,S025,1,16,In Stock
P0224,S026,1,18,In Stock
P0225,S001,1,34,In Stock
P0225,S002,1,99,In Stock
P0225,S003,1,95,In Stock
P0225,S006,1,97,In Stock
P0225,S007,1,73,In Stock
P0225,S008,1,114,In Stock
P0225,S011,1,120,In Stock
P0225,S013,3,80,In Stock
P0225,S014,1,110,In Stock
P0225,S015,1,75,In Stock
P0225,S019,3,73,In Stock
P0225,S020,1,81,In Stock
P0225,S021,1,39,In Stock
P0225,S024,1,30,In Stock
P0225,S025,1,23,In Stock
P0226,S001,1,95,In Stock
P0226,S003,1,35,In Stock
P0226,S004,1,78,In Stock
P0226,S005,3,93,In Stock
P0226,S006,1,28,In Stock
P0226,S007,1,57,In Stock
P0226,S008,2,107,In Stock
P0226,S009,1,120,In Stock
P0226,S011,1,31,In Stock
P0226,S013,1,81,In Stock
P0226,S014,1,103,In Stock
P0226,S015,1,41,In Stock
P0226,S017,1,107,In Stock
P0226,S019,2,51,In Stock
P0226,S020,1,96,In Stock
P0226,S022,1,112,In Stock
P0226,S025,1,34,In Stock
P0227,S001,0,16,Out of Stock
P0227,S002,0,1,Out of Stock
P0227,S003,0,16,Out of Stock
P0227,S004,0,3,Out of Stock
P0227,S005,0,2,Out of Stock
P0227,S006,0,17,Out of Stock
P0227,S007,0,3,Out of Stock
P0227,S008,2,4,In Stock
P0227,S009,0,9,Out of Stock
P0227,S010,1,2,In Stock
P0227,S011,0,20,Out of Stock
P0227,S012,0,12,Out of Stock
P0227,S013,1,2,In Stock
P0227,S014,0,9,Out of Stock
P0227,S015,0,19,Out of Stock
P0227,S016,0,11,Out of Stock
P0227,S017,0,20,Out of Stock
P0227,S018,0,5,Out of Stock
P0227,S019,1,18,In Stock
P0227,S020,0,9,Out of Stock
P0227,S021,0,14,Out of Stock
P0227,S022,0,20,Out of Stock
P0227,S023,0,5,Out of Stock
P0227,S024,0,10,Out of Stock
P0227,S025,0,3,Out of Stock
P0227,S026,0,13,Out of Stock
P0228,S001,5,17,In Stock
P0228,S002,7,36,In Stock
P0228,S003,7,17,In Stock
P0228,S004,1,34,In Stock
P0228,S005,5,25,In Stock
P0228,S006,4,21,In Stock
P0228,S007,1,37,In Stock
P0228,S008,17,39,In Stock
P0228,S009,11,13,In Stock
P0228,S010,1,7,In Stock
P0228,S011,3,14,In Stock
P0228,S012,3,39,In Stock
P0228,S013,15,8,In Stock
P0228,S014,5,25,In Stock
P0228,S015,13,28,In Stock
P0228,S016,7,11,In Stock
P0228,S017,2,24,In Stock
P0228,S018,2,13,In Stock
P0228,S019,3,18,In Stock
P0228,S020,3,42,In Stock
P0228,S021,2,23,In Stock
P0228,S022,4,7,In Stock
P0228,S023,1,27,In Stock
P0228,S024,4,16,In Stock
P0228,S025,2,33,In Stock
P0228,S026,3,42,In Stock
P0229,S001,2,88,In Stock
P0229,S003,1,27,In Stock
P0229,S004,1,53,In Stock
P0229,S005,2,15,In Stock
P0229,S006,1,117,In Stock
P0229,S008,1,73,In Stock
P0229,S009,1,58,In Stock
P0229,S010,1,95,In Stock
P0229,S011,1,38,In Stock
P0229,S013,1,43,In Stock
P0229,S015,1,34,In Stock
P0229,S017,1,18,In Stock
P0229,S018,1,80,In Stock
P0229,S019,1,38,In Stock
P0229,S021,1,120,In Stock
P0229,S024,1,15,In Stock
P0229,S026,1,62,In Stock
P0230,S001,1,115,In Stock
P0230,S003,1,96,In Stock
P0230,S004,1,105,In Stock
P0230,S005,1,82,In Stock
P0230,S006,1,90,In Stock
P0230,S008,1,118,In Stock
P0230,S009,0,117,Out of Stock
P0230,S010,1,42,In Stock
P0230,S011,1,92,In Stock
P0230,S012,1,113,In Stock
P0230,S014,1,75,In Stock
P0230,S016,1,93,In Stock
P0230,S018,1,82,In Stock
P0230,S021,1,63,In Stock
P0230,S022,0,88,Out of Stock
P0230,S023,1,58,In Stock
P0230,S024,1,38,In Stock
P0230,S025,1,27,In Stock
P0231,S001,47,258,In Stock
P0231,S002,33,347,In Stock
P0231,S004,106,422,In Stock
P0231,S005,41,530,In Stock
P0231,S006,148,215,In Stock
P0231,S007,78,269,In Stock
P0231,S008,114,191,In Stock
P0231,S009,112,288,In Stock
P0231,S010,122,363,In Stock
P0231,S011,118,487,In Stock
P0231,S012,132,511,In Stock
P0231,S013,80,286,In Stock
P0231,S015,136,214,In Stock
P0231,S016,54,284,In Stock
P0231,S019,97,407,In Stock
P0231,S020,53,498,In Stock
P0231,S021,76,180,In Stock
P0231,S022,143,379,In Stock
P0231,S026,38,359,In Stock
P0232,S001,48,333,In Stock
P0232,S002,45,480,In Stock
P0232,S005,112,378,In Stock
P0232,S006,136,327,In Stock
P0232,S007,61,435,In Stock
P0232,S008,147,268,In Stock
P0232,S009,42,208,In Stock
P0232,S012,33,232,In Stock
P0232,S013,108,536,In Stock
P0232,S014,79,216,In Stock
P0232,S016,146,429,In Stock
P0232,S017,101,328,In Stock
P0232,S018,144,429,In Stock
P0232,S019,50,326,In Stock
P0232,S022,79,290,In Stock
P0232,S024,83,281,In Stock
P0232,S025,66,446,In Stock
P0232,S026,128,455,In Stock
P0233,S001,1,39,In Stock
P0233,S002,1,38,In Stock
P0233,S004,1,95,In Stock
P0233,S005,1,38,In Stock
P0233,S006,1,64,In Stock
P0233,S008,1,60,In Stock
P0233,S009,1,54,In Stock
P0233,S011,1,17,In Stock
P0233,S013,1,75,In Stock
P0233,S014,1,93,In Stock
P0233,S015,1,44,In Stock
P0233,S016,1,43,In Stock
P0233,S019,1,94,In Stock
P0233,S020,1,105,In Stock
P0233,S021,1,45,In Stock
P0233,S024,1,105,In Stock
P0233,S025,1,66,In Stock
P0233,S026,1,90,In Stock
P0234,S001,6,103,In Stock
P0234,S002,1,15,In Stock
P0234,S003,3,64,In Stock
P0234,S005,4,97,In Stock
P0234,S007,1,39,In Stock
P0234,S008,5,100,In Stock
P0234,S009,2,30,In Stock
P0234,S011,2,96,In Stock
P0234,S012,1,21,In Stock
P0234,S013,3,96,In Stock
P0234,S015,2,67,In Stock
P0234,S016,1,73,In Stock
P0234,S017,2,18,In Stock
P0234,S020,1,67,In Stock
P0234,S021,1,90,In Stock
P0234,S024,2,54,In Stock
P0235,S001,1,23,In Stock
P0235,S002,1,97,In Stock
P0235,S005,2,41,In Stock
P0235,S006,1,106,In Stock
P0235,S008,1,38,In Stock
P0235,S011,1,50,In Stock
P0235,S013,1,16,In Stock
P0235,S014,1,57,In Stock
P0235,S016,1,120,In Stock
P0235,S018,1,48,In Stock
P0235,S019,1,110,In Stock
P0235,S020,2,30,In Stock
P0235,S021,1,47,In Stock
P0236,S001,1,85,In Stock
P0236,S006,1,120,In Stock
P0236,S008,1,47,In Stock
P0236,S009,1,54,In Stock
P0236,S010,1,53,In Stock
P0236,S011,1,42,In Stock
P0236,S012,1,90,In Stock
P0236,S013,1,20,In Stock
P0236,S014,1,48,In Stock
P0236,S016,1,40,In Stock
P0236,S018,1,103,In Stock
P0236,S019,1,64,In Stock
P0236,S020,1,71,In Stock
P0236,S021,1,117,In Stock
P0236,S022,1,42,In Stock
P0236,S023,1,102,In Stock
P0236,S024,1,117,In Stock
P0237,S001,2,29,In Stock
P0237,S002,2,74,In Stock
P0237,S003,2,48,In Stock
P0237,S004,2,62,In Stock
P0237,S005,1,46,In Stock
P0237,S006,1,58,In Stock
P0237,S007,1,33,In Stock
P0237,S009,2,105,In Stock
P0237,S010,3,81,In Stock
P0237,S011,3,92,In Stock
P0237,S012,1,17,In Stock
P0237,S013,12,85,In Stock
P0237,S014,0,23,Out of Stock
P0237,S015,8,108,In Stock
P0237,S016,1,57,In Stock
P0237,S018,3,17,In Stock
P0237,S019,5,73,In Stock
P0237,S021,3,34,In Stock
P0237,S024,3,60,In Stock
P0237,S025,0,34,Out of Stock
P0238,S001,0,6,Out of Stock
P0238,S002,0,10,Out of Stock
P0238,S003,0,17,Out of Stock
P0238,S004,0,4,Out of Stock
P0238,S005,0,13,Out of Stock
P0238,S006,0,1,Out of Stock
P0238,S007,0,16,Out of Stock
P0238,S008,0,1,Out of Stock
P0238,S009,0,3,Out of Stock
P0238,S010,0,18,Out of Stock
P0238,S011,0,14,Out of Stock
P0238,S012,0,2,Out of Stock
P0238,S013,0,4,Out of Stock
P0238,S014,0,4,Out of Stock
P0238,S015,0,2,Out of Stock
P0238,S016,0,19,Out of Stock
P0238,S017,0,5,Out of Stock
P0238,S018,0,4,Out of Stock
P0238,S019,0,18,Out of Stock
P0238,S020,0,10,Out of Stock
P0238,S021,0,5,Out of Stock
P0238,S022,0,5,Out of Stock
P0238,S023,0,19,Out of Stock
P0238,S024,0,13,Out of Stock
P0238,S025,1,1,In Stock
P0238,S026,0,12,Out of Stock
P0239,S001,1,109,In Stock
P0239,S002,1,40,In Stock
P0239,S003,1,71,In Stock
P0239,S004,1,68,In Stock
P0239,S005,1,86,In Stock
P0239,S006,1,19,In Stock
P0239,S008,1,81,In Stock
P0239,S010,1,37,In Stock
P0239,S011,1,46,In Stock
P0239,S012,1,113,In Stock
P0239,S013,3,17,In Stock
P0239,S014,1,19,In Stock
P0239,S017,1,70,In Stock
P0239,S019,1,97,In Stock
P0239,S021,1,68,In Stock
P0239,S022,1,27,In Stock
P0239,S023,1,44,In Stock
P0239,S024,1,77,In Stock
P0240,S001,2,81,In Stock
P0240,S002,1,76,In Stock
P0240,S005,1,116,In Stock
P0240,S008,1,112,In Stock
P0240,S009,1,81,In Stock
P0240,S010,0,89,Out of Stock
P0240,S012,1,98,In Stock
P0240,S013,1,59,In Stock
P0240,S014,1,88,In Stock
P0240,S015,1,78,In Stock
P0240,S016,1,81,In Stock
P0240,S019,1,56,In Stock
P0240,S020,1,40,In Stock
P0240,S021,1,63,In Stock
P0240,S023,1,82,In Stock
P0240,S024,1,58,In Stock
P0240,S026,1,108,In Stock
P0241,S001,4,28,In Stock
P0241,S002,1,7,In Stock
P0241,S003,3,17,In Stock
P0241,S004,2,9,In Stock
P0241,S005,1,21,In Stock
P0241,S006,1,33,In Stock
P0241,S007,1,37,In Stock
P0241,S008,1,29,In Stock
P0241,S009,1,39,In Stock
P0241,S010,3,26,In Stock
P0241,S011,5,41,In Stock
P0241,S012,2,12,In Stock
P0241,S013,1,9,In Stock
P0241,S014,0,8,Out of Stock
P0241,S015,2,9,In Stock
P0241,S016,1,8,In Stock
P0241,S017,1,26,In Stock
P0241,S018,1,17,In Stock
P0241,S019,1,15,In Stock
P0241,S020,1,34,In Stock
P0241,S021,1,21,In Stock
P0241,S022,1,14,In Stock
P0241,S023,1,17,In Stock
P0241,S024,1,27,In Stock
P0241,S025,1,10,In Stock
P0241,S026,1,45,In Stock
P0242,S001,1,104,In Stock
P0242,S003,1,56,In Stock
P0242,S004,1,64,In Stock
P0242,S005,1,103,In Stock
P0242,S006,1,41,In Stock
P0242,S007,1,74,In Stock
P0242,S008,1,67,In Stock
P0242,S010,1,65,In Stock
P0242,S011,1,48,In Stock
P0242,S012,1,31,In Stock
P0242,S013,4,18,In Stock
P0242,S014,1,87,In Stock
P0242,S015,0,109,Out of Stock
P0242,S016,2,33,In Stock
P0242,S019,1,65,In Stock
P0242,S021,1,65,In Stock
P0242,S023,1,51,In Stock
P0242,S024,1,111,In Stock
P0243,S001,2,89,In Stock
P0243,S002,0,90,Out of Stock
P0243,S005,1,84,In Stock
P0243,S006,1,27,In Stock
P0243,S008,1,29,In Stock
P0243,S010,1,98,In Stock
P0243,S011,1,21,In Stock
P0243,S012,1,32,In Stock
P0243,S013,1,54,In Stock
P0243,S017,1,104,In Stock
P0243,S018,1,105,In Stock
P0243,S019,2,27,In Stock
P0243,S020,2,86,In Stock
P0243,S024,1,72,In Stock
P0243,S025,1,105,In Stock
P0244,S001,8,22,In Stock
P0244,S002,3,113,In Stock
P0244,S005,2,70,In Stock
P0244,S006,3,117,In Stock
P0244,S007,1,95,In Stock
P0244,S008,5,116,In Stock
P0244,S011,1,79,In Stock
P0244,S012,1,52,In Stock
P0244,S013,5,32,In Stock
P0244,S014,2,79,In Stock
P0244,S015,1,67,In Stock
P0244,S018,1,35,In Stock
P0244,S019,2,58,In Stock
P0244,S021,3,100,In Stock
P0244,S022,1,53,In Stock
P0244,S023,1,82,In Stock
P0244,S024,1,28,In Stock
P0244,S026,1,50,In Stock
P0245,S001,1,52,In Stock
P0245,S002,1,68,In Stock
P0245,S005,1,20,In Stock
P0245,S007,1,96,In Stock
P0245,S008,1,45,In Stock
P0245,S009,2,78,In Stock
P0245,S012,1,77,In Stock
P0245,S013,1,95,In Stock
P0245,S014,1,65,In Stock
P0245,S015,1,36,In Stock
P0245,S017,1,44,In Stock
P0245,S018,1,83,In Stock
P0245,S019,1,72,In Stock
P0245,S020,1,75,In Stock
P0245,S022,1,84,In Stock
P0245,S023,1,70,In Stock
P0245,S024,1,117,In Stock
P0246,S001,2,92,In Stock
P0246,S002,1,24,In Stock
P0246,S003,1,23,In Stock
P0246,S004,1,114,In Stock
P0246,S005,2,29,In Stock
P0246,S008,1,23,In Stock
P0246,S010,1,100,In Stock
P0246,S013,1,69,In Stock
P0246,S014,1,89,In Stock
P0246,S016,1,64,In Stock
P0246,S019,2,92,In Stock
P0246,S021,1,16,In Stock
P0246,S022,1,97,In Stock
P0246,S023,1,58,In Stock
P0246,S026,1,55,In Stock
P0247,S001,1,91,In Stock
P0247,S002,2,16,In Stock
P0247,S003,1,89,In Stock
P0247,S005,1,78,In Stock
P0247,S006,2,20,In Stock
P0247,S007,1,26,In Stock
P0247,S008,1,67,In Stock
P0247,S010,1,16,In Stock
P0247,S011,1,28,In Stock
P0247,S012,1,79,In Stock
P0247,S013,3,41,In Stock
P0247,S014,1,101,In Stock
P0247,S015,2,48,In Stock
P0247,S016,1,109,In Stock
P0247,S018,1,93,In Stock
P0247,S019,2,18,In Stock
P0247,S020,1,85,In Stock
P0247,S021,1,76,In Stock
P0247,S022,2,106,In Stock
P0247,S024,1,66,In Stock
P0247,S025,2,63,In Stock
P0247,S026,1,63,In Stock
P0248,S001,1,103,In Stock
P0248,S002,1,69,In Stock
P0248,S003,1,68,In Stock
P0248,S004,1,109,In Stock
P0248,S006,1,34,In Stock
P0248,S008,1,16,In Stock
P0248,S009,1,43,In Stock
P0248,S010,1,39,In Stock
P0248,S013,1,24,In Stock
P0248,S014,1,74,In Stock
P0248,S016,1,48,In Stock
P0248,S017,1,94,In Stock
P0248,S018,1,50,In Stock
P0248,S019,1,35,In Stock
P0248,S020,1,47,In Stock
P0248,S021,1,89,In Stock
P0248,S022,1,111,In Stock
P0248,S024,1,63,In Stock
P0248,S026,1,82,In Stock
P0249,S001,0,10,Out of Stock
P0249,S002,0,3,Out of Stock
P0249,S003,1,15,In Stock
P0249,S004,0,16,Out of Stock
P0249,S005,1,6,In Stock
P0249,S006,2,20,In Stock
P0249,S007,0,13,Out of Stock
P0249,S008,0,2,Out of Stock
P0249,S009,0,18,Out of Stock
P0249,S010,0,9,Out of Stock
P0249,S011,0,16,Out of Stock
P0249,S012,0,5,Out of Stock
P0249,S013,2,18,In Stock
P0249,S014,0,15,Out of Stock
P0249,S015,1,17,In Stock
P0249,S016,0,3,Out of Stock
P0249,S017,0,16,Out of Stock
P0249,S018,1,16,In Stock
P0249,S019,0,10,Out of Stock
P0249,S020,0,14,Out of Stock
P0249,S021,0,5,Out of Stock
P0249,S022,0,17,Out of Stock
P0249,S023,0,9,Out of Stock
P0249,S024,0,19,Out of Stock
P0249,S025,0,11,Out of Stock
P0249,S026,0,6,Out of Stock
P0250,S001,103,346,In Stock
P0250,S002,110,231,In Stock
P0250,S006,118,268,In Stock
P0250,S008,141,447,In Stock
P0250,S010,132,481,In Stock
P0250,S011,142,294,In Stock
P0250,S012,56,254,In Stock
P0250,S013,97,200,In Stock
P0250,S015,121,213,In Stock
P0250,S017,74,343,In Stock
P0250,S018,131,483,In Stock
P0250,S019,95,402,In Stock
P0250,S020,92,327,In Stock
P0250,S021,93,461,In Stock
P0250,S024,53,514,In Stock
P0250,S025,105,334,In Stock
P0250,S026,54,512,In Stock
P0251,S001,1,96,In Stock
P0251,S003,1,112,In Stock
P0251,S008,1,20,In Stock
P0251,S009,1,63,In Stock
P0251,S010,1,34,In Stock
P0251,S011,1,114,In Stock
P0251,S013,1,65,In Stock
P0251,S015,1,74,In Stock
P0251,S016,1,120,In Stock
P0251,S017,1,92,In Stock
P0251,S019,2,20,In Stock
P0251,S020,1,101,In Stock
P0251,S024,1,55,In Stock
P0251,S025,1,72,In Stock
P0252,S001,1,5,In Stock
P0252,S002,1,15,In Stock
P0252,S003,0,31,Out of Stock
P0252,S004,1,9,In Stock
P0252,S005,1,42,In Stock
P0252,S006,1,44,In Stock
P0252,S007,1,34,In Stock
P0252,S008,1,25,In Stock
P0252,S009,1,15,In Stock
P0252,S010,1,25,In Stock
P0252,S011,0,27,Out of Stock
P0252,S012,1,18,In Stock
P0252,S013,1,10,In Stock
P0252,S014,1,39,In Stock
P0252,S015,1,40,In Stock
P0252,S016,1,32,In Stock
P0252,S017,1,8,In Stock
P0252,S018,1,40,In Stock
P0252,S019,1,25,In Stock
P0252,S020,1,32,In Stock
P0252,S021,1,38,In Stock
P0252,S022,1,24,In Stock
P0252,S023,1,30,In Stock
P0252,S024,0,44,Out of Stock
P0252,S025,1,14,In Stock
P0252,S026,1,18,In Stock
P0253,S001,3,113,In Stock
P0253,S002,1,27,In Stock
P0253,S003,1,118,In Stock
P0253,S004,1,31,In Stock
P0253,S005,2,64,In Stock
P0253,S006,3,47,In Stock
P0253,S008,1,51,In Stock
P0253,S009,2,99,In Stock
P0253,S010,1,73,In Stock
P0253,S011,2,16,In Stock
P0253,S013,8,24,In Stock
P0253,S014,2,92,In Stock
P0253,S015,1,82,In Stock
P0253,S017,1,72,In Stock
P0253,S018,2,78,In Stock
P0253,S019,4,68,In Stock
P0253,S020,0,119,Out of Stock
P0253,S021,1,43,In Stock
P0253,S024,1,84,In Stock
P0254,S001,43,235,In Stock
P0254,S002,55,315,In Stock
P0254,S003,94,327,In Stock
P0254,S004,105,439,In Stock
P0254,S006,53,358,In Stock
P0254,S008,74,199,In Stock
P0254,S009,122,198,In Stock
P0254,S010,88,225,In Stock
P0254,S011,131,251,In Stock
P0254,S012,76,326,In Stock
P0254,S013,73,524,In Stock
P0254,S016,99,334,In Stock
P0254,S017,70,463,In Stock
P0254,S019,79,362,In Stock
P0254,S020,150,479,In Stock
P0254,S021,75,226,In Stock
P0254,S022,147,467,In Stock
P0254,S023,44,486,In Stock
P0254,S024,72,399,In Stock
P0254,S025,94,210,In Stock
P0254,S026,58,199,In Stock
P0255,S001,79,297,In Stock
P0255,S005,104,403,In Stock
P0255,S006,77,317,In Stock
P0255,S008,144,536,In Stock
P0255,S009,127,347,In Stock
P0255,S010,127,437,In Stock
P0255,S011,104,242,In Stock
P0255,S012,88,269,In Stock
P0255,S013,86,494,In Stock
P0255,S014,53,223,In Stock
P0255,S015,102,450,In Stock
P0255,S016,125,204,In Stock
P0255,S018,113,327,In Stock
P0255,S020,137,309,In Stock
P0255,S021,83,338,In Stock
P0255,S022,38,367,In Stock
P0255,S023,96,456,In Stock
P0255,S024,64,285,In Stock
P0255,S026,40,347,In Stock
P0256,S001,132,413,In Stock
P0256,S002,46,270,In Stock
P0256,S003,145,479,In Stock
P0256,S005,52,418,In Stock
P0256,S006,56,418,In Stock
P0256,S008,79,306,In Stock
P0256,S009,150,522,In Stock
P0256,S010,77,411,In Stock
P0256,S013,96,393,In Stock
P0256,S014,135,190,In Stock
P0256,S015,76,208,In Stock
P0256,S016,106,223,In Stock
P0256,S018,39,530,In Stock
P0256,S019,133,465,In Stock
P0256,S020,85,190,In Stock
P0256,S021,129,398,In Stock
P0256,S024,55,417,In Stock
P0256,S025,32,243,In Stock
P0256,S026,87,229,In Stock
P0257,S001,2,91,In Stock
P0257,S002,1,52,In Stock
P0257,S003,1,80,In Stock
P0257,S004,1,72,In Stock
P0257,S005,1,102,In Stock
P0257,S006,1,85,In Stock
P0257,S007,1,111,In Stock
P0257,S008,1,98,In Stock
P0257,S009,1,52,In Stock
P0257,S010,1,68,In Stock
P0257,S011,1,45,In Stock
P0257,S012,1,48,In Stock
P0257,S013,1,43,In Stock
P0257,S014,1,100,In Stock
P0257,S015,1,45,In Stock
P0257,S016,1,27,In Stock
P0257,S017,1,69,In Stock
P0257,S018,1,19,In Stock
P0257,S019,1,73,In Stock
P0257,S020,1,116,In Stock
P0257,S021,1,60,In Stock
P0257,S023,1,55,In Stock
P0257,S024,1,84,In Stock
P0257,S025,1,90,In Stock
P0257,S026,1,24,In Stock
P0258,S001,1,26,In Stock
P0258,S002,1,33,In Stock
P0258,S003,1,23,In Stock
P0258,S004,1,98,In Stock
P0258,S005,1,50,In Stock
P0258,S006,1,78,In Stock
P0258,S007,1,116,In Stock
P0258,S008,1,16,In Stock
P0258,S010,1,111,In Stock
P0258,S011,1,84,In Stock
P0258,S013,1,85,In Stock
P0258,S014,1,54,In Stock
P0258,S015,1,18,In Stock
P0258,S016,1,58,In Stock
P0258,S017,1,70,In Stock
P0258,S019,1,116,In Stock
P0258,S022,1,101,In Stock
P0258,S026,1,23,In Stock
P0259,S002,1,19,In Stock
P0259,S003,1,64,In Stock
P0259,S007,1,62,In Stock
P0259,S008,1,58,In Stock
P0259,S009,1,104,In Stock
P0259,S010,1,64,In Stock
P0259,S013,1,37,In Stock
P0259,S014,1,118,In Stock
P0259,S015,1,79,In Stock
P0259,S016,1,56,In Stock
P0259,S019,2,60,In Stock
P0259,S020,1,69,In Stock
P0259,S023,1,97,In Stock
P0259,S024,1,107,In Stock
P0259,S025,1,44,In Stock
P0259,S026,0,112,Out of Stock
P0260,S001,2,43,In Stock
P0260,S002,1,101,In Stock
P0260,S003,4,94,In Stock
P0260,S005,1,98,In Stock
P0260,S007,3,38,In Stock
P0260,S008,7,86,In Stock
P0260,S009,1,52,In Stock
P0260,S010,1,43,In Stock
P0260,S011,2,35,In Stock
P0260,S012,1,59,In Stock
P0260,S013,9,107,In Stock
P0260,S014,0,59,Out of Stock
P0260,S015,1,64,In Stock
P0260,S017,1,61,In Stock
P0260,S019,6,116,In Stock
P0260,S022,2,18,In Stock
P0260,S024,2,47,In Stock
P0260,S025,1,15,In Stock
P0261,S001,4,83,In Stock
P0261,S002,1,59,In Stock
P0261,S004,1,74,In Stock
P0261,S006,1,17,In Stock
P0261,S007,0,52,Out of Stock
P0261,S008,1,47,In Stock
P0261,S009,1,40,In Stock
P0261,S011,1,58,In Stock
P0261,S012,1,103,In Stock
P0261,S013,1,92,In Stock
P0261,S015,1,96,In Stock
P0261,S017,2,114,In Stock
P0261,S019,1,58,In Stock
P0261,S020,1,61,In Stock
P0261,S021,1,26,In Stock
P0261,S023,1,46,In Stock
P0261,S024,1,29,In Stock
P0261,S026,1,91,In Stock
P0262,S001,1,47,In Stock
P0262,S002,1,33,In Stock
P0262,S003,1,19,In Stock
P0262,S005,1,81,In Stock
P0262,S006,1,84,In Stock
P0262,S008,1,69,In Stock
P0262,S009,1,112,In Stock
P0262,S010,1,24,In Stock
P0262,S011,1,21,In Stock
P0262,S013,1,46,In Stock
P0262,S015,1,119,In Stock
P0262,S016,1,36,In Stock
P0262,S017,1,84,In Stock
P0262,S018,1,77,In Stock
P0262,S019,2,93,In Stock
P0262,S020,1,87,In Stock
P0262,S021,1,24,In Stock
P0262,S025,1,60,In Stock
P0263,S001,2,84,In Stock
P0263,S002,1,75,In Stock
P0263,S003,1,45,In Stock
P0263,S005,1,63,In Stock
P0263,S006,1,106,In Stock
P0263,S008,2,62,In Stock
P0263,S010,2,59,In Stock
P0263,S011,1,55,In Stock
P0263,S012,2,30,In Stock
P0263,S013,1,31,In Stock
P0263,S014,1,80,In Stock
P0263,S015,1,60,In Stock
P0263,S016,2,76,In Stock
P0263,S019,1,30,In Stock
P0263,S020,1,80,In Stock
P0263,S022,1,59,In Stock
P0263,S024,1,20,In Stock
P0263,S025,1,65,In Stock
P0263,S026,1,58,In Stock
P0264,S001,82,245,In Stock
P0264,S002,143,191,In Stock
P0264,S004,120,494,In Stock
P0264,S005,69,501,In Stock
P0264,S006,112,267,In Stock
P0264,S009,142,431,In Stock
P0264,S010,130,195,In Stock
P0264,S011,110,242,In Stock
P0264,S013,40,469,In Stock
P0264,S015,31,408,In Stock
P0264,S017,85,393,In Stock
P0264,S019,55,215,In Stock
P0264,S020,60,317,In Stock
P0264,S021,77,238,In Stock
P0264,S023,88,418,In Stock
P0264,S025,42,296,In Stock
P0264,S026,114,301,In Stock
P0265,S001,3,94,In Stock
P0265,S002,1,87,In Stock
P0265,S003,1,98,In Stock
P0265,S006,1,29,In Stock
P0265,S008,1,67,In Stock
P0265,S009,2,48,In Stock
P0265,S010,1,99,In Stock
P0265,S011,1,106,In Stock
P0265,S012,1,35,In Stock
P0265,S013,3,36,In Stock
P0265,S014,1,37,In Stock
P0265,S015,1,62,In Stock
P0265,S016,1,62,In Stock
P0265,S018,2,21,In Stock
P0265,S019,2,97,In Stock
P0265,S020,1,21,In Stock
P0265,S022,1,23,In Stock
P0265,S023,1,119,In Stock
P0265,S024,1,66,In Stock
P0265,S025,1,108,In Stock
P0265,S026,1,34,In Stock
P0266,S001,10,21,In Stock
P0266,S002,3,34,In Stock
P0266,S003,1,24,In Stock
P0266,S004,1,34,In Stock
P0266,S005,2,30,In Stock
P0266,S006,2,22,In Stock
P0266,S007,1,35,In Stock
P0266,S008,3,45,In Stock
P0266,S009,1,45,In Stock
P0266,S010,4,42,In Stock
P0266,S011,1,7,In Stock
P0266,S012,2,43,In Stock
P0266,S013,1,14,In Stock
P0266,S014,3,21,In Stock
P0266,S015,1,10,In Stock
P0266,S016,1,17,In Stock
P0266,S017,2,19,In Stock
P0266,S018,1,20,In Stock
P0266,S019,5,15,In Stock
P0266,S020,4,45,In Stock
P0266,S021,1,24,In Stock
P0266,S022,1,15,In Stock
P0266,S023,3,5,In Stock
P0266,S024,2,17,In Stock
P0266,S025,1,18,In Stock
P0266,S026,1,40,In Stock
P0267,S001,1,88,In Stock
P0267,S002,1,117,In Stock
P0267,S003,1,80,In Stock
P0267,S006,1,113,In Stock
P0267,S008,1,75,In Stock
P0267,S009,1,81,In Stock
P0267,S010,1,39,In Stock
P0267,S011,1,70,In Stock
P0267,S013,3,89,In Stock
P0267,S016,1,67,In Stock
P0267,S017,1,85,In Stock
P0267,S018,1,117,In Stock
P0267,S019,2,94,In Stock
P0267,S020,1,41,In Stock
P0267,S021,1,35,In Stock
P0267,S022,1,75,In Stock
P0267,S023,1,22,In Stock
P0267,S024,2,25,In Stock
P0267,S025,1,101,In Stock
P0268,S001,1,84,In Stock
P0268,S003,1,147,In Stock
P0268,S006,1,130,In Stock
P0268,S008,1,220,In Stock
P0268,S009,1,236,In Stock
P0268,S014,1,82,In Stock
P0268,S015,1,254,In Stock
P0268,S017,1,198,In Stock
P0268,S018,1,182,In Stock
P0268,S019,3,218,In Stock
P0268,S020,1,202,In Stock
P0268,S021,1,122,In Stock
P0268,S023,1,228,In Stock
P0268,S024,1,137,In Stock
P0268,S026,1,206,In Stock
P0269,S001,1,247,In Stock
P0269,S002,1,235,In Stock
P0269,S003,1,90,In Stock
P0269,S005,1,75,In Stock
P0269,S006,1,181,In Stock
P0269,S007,1,256,In Stock
P0269,S008,1,255,In Stock
P0269,S009,1,245,In Stock
P0269,S013,1,114,In Stock
P0269,S014,1,217,In Stock
P0269,S015,1,156,In Stock
P0269,S016,1,157,In Stock
P0269,S018,1,153,In Stock
P0269,S019,1,108,In Stock
P0269,S020,1,100,In Stock
P0269,S024,1,203,In Stock
P0270,S001,1,119,In Stock
P0270,S002,1,117,In Stock
P0270,S005,1,69,In Stock
P0270,S006,1,98,In Stock
P0270,S008,1,67,In Stock
P0270,S009,1,40,In Stock
P0270,S010,1,63,In Stock
P0270,S011,1,111,In Stock
P0270,S013,1,53,In Stock
P0270,S014,1,53,In Stock
P0270,S016,1,104,In Stock
P0270,S018,1,92,In Stock
P0270,S019,2,35,In Stock
P0270,S020,1,75,In Stock
P0271,S001,111,259,In Stock
P0271,S002,43,346,In Stock
P0271,S004,35,359,In Stock
P0271,S007,147,505,In Stock
P0271,S010,116,479,In Stock
P0271,S012,64,278,In Stock
P0271,S013,121,389,In Stock
P0271,S014,119,301,In Stock
P0271,S015,138,315,In Stock
P0271,S019,134,496,In Stock
P0271,S020,143,345,In Stock
P0271,S021,114,181,In Stock
P0271,S023,93,252,In Stock
P0271,S025,37,252,In Stock
P0271,S026,81,506,In Stock
P0272,S001,1,161,In Stock
P0272,S002,1,64,In Stock
P0272,S003,1,70,In Stock
P0272,S005,1,153,In Stock
P0272,S006,1,147,In Stock
P0272,S007,1,78,In Stock
P0272,S008,1,64,In Stock
P0272,S009,1,245,In Stock
P0272,S012,1,107,In Stock
P0272,S013,1,198,In Stock
P0272,S019,1,83,In Stock
P0272,S020,1,160,In Stock
P0272,S021,1,225,In Stock
P0272,S022,1,199,In Stock
P0272,S023,1,200,In Stock
P0272,S024,1,143,In Stock
P0272,S025,1,69,In Stock
P0273,S001,146,383,In Stock
P0273,S003,59,225,In Stock
P0273,S004,105,194,In Stock
P0273,S005,34,189,In Stock
P0273,S006,69,362,In Stock
P0273,S007,107,443,In Stock
P0273,S008,56,492,In Stock
P0273,S009,45,388,In Stock
P0273,S012,89,531,In Stock
P0273,S013,92,366,In Stock
P0273,S014,122,242,In Stock
P0273,S015,52,215,In Stock
P0273,S016,55,530,In Stock
P0273,S020,54,423,In Stock
P0273,S021,136,221,In Stock
P0273,S023,66,278,In Stock
P0273,S024,76,250,In Stock
P0274,S001,1,116,In Stock
P0274,S003,1,216,In Stock
P0274,S004,1,198,In Stock
P0274,S005,1,112,In Stock
P0274,S008,1,230,In Stock
P0274,S009,1,190,In Stock
P0274,S010,1,104,In Stock
P0274,S011,1,124,In Stock
P0274,S012,1,242,In Stock
P0274,S013,1,246,In Stock
P0274,S014,1,70,In Stock
P0274,S016,1,109,In Stock
P0274,S017,1,257,In Stock
P0274,S019,1,255,In Stock
P0274,S020,1,230,In Stock
P0274,S022,0,183,Out of Stock
P0274,S024,1,98,In Stock
P0275,S001,1,87,In Stock
P0275,S002,1,26,In Stock
P0275,S003,1,76,In Stock
P0275,S004,1,44,In Stock
P0275,S005,1,90,In Stock
P0275,S006,1,22,In Stock
P0275,S008,1,95,In Stock
P0275,S011,1,40,In Stock
P0275,S012,1,78,In Stock
P0275,S013,1,64,In Stock
P0275,S014,1,108,In Stock
P0275,S019,2,84,In Stock
P0275,S020,1,71,In Stock
P0275,S021,1,48,In Stock
P0275,S023,1,102,In Stock
P0276,S001,1,256,In Stock
P0276,S002,1,164,In Stock
P0276,S003,1,259,In Stock
P0276,S005,1,232,In Stock
P0276,S006,1,125,In Stock
P0276,S007,1,96,In Stock
P0276,S008,1,107,In Stock
P0276,S009,1,261,In Stock
P0276,S011,1,145,In Stock
P0276,S013,1,110,In Stock
P0276,S014,1,129,In Stock
P0276,S016,1,78,In Stock
P0276,S017,1,79,In Stock
P0276,S018,1,140,In Stock
P0276,S019,1,227,In Stock
P0276,S020,1,84,In Stock
P0276,S022,1,221,In Stock
P0276,S023,1,248,In Stock
P0276,S024,1,170,In Stock
P0276,S025,1,220,In Stock
P0276,S026,1,213,In Stock
P0277,S001,1,30,In Stock
P0277,S002,1,115,In Stock
P0277,S003,1,25,In Stock
P0277,S005,1,34,In Stock
P0277,S006,1,108,In Stock
P0277,S008,1,98,In Stock
P0277,S009,1,46,In Stock
P0277,S012,2,37,In Stock
P0277,S013,1,39,In Stock
P0277,S014,1,33,In Stock
P0277,S015,1,99,In Stock
P0277,S019,3,90,In Stock
P0277,S020,1,85,In Stock
P0277,S023,1,23,In Stock
P0277,S024,1,94,In Stock
P0278,S001,7,118,In Stock
P0278,S002,5,55,In Stock
P0278,S003,3,72,In Stock
P0278,S005,1,104,In Stock
P0278,S006,4,59,In Stock
P0278,S007,1,17,In Stock
P0278,S009,4,72,In Stock
P0278,S010,2,96,In Stock
P0278,S011,2,72,In Stock
P0278,S012,1,111,In Stock
P0278,S013,11,90,In Stock
P0278,S016,1,47,In Stock
P0278,S019,6,71,In Stock
P0278,S020,1,113,In Stock
P0278,S024,1,45,In Stock
P0278,S026,1,50,In Stock
P0279,S001,1,91,In Stock
P0279,S002,1,42,In Stock
P0279,S005,1,98,In Stock
P0279,S006,1,39,In Stock
P0279,S007,1,65,In Stock
P0279,S008,1,112,In Stock
P0279,S009,1,64,In Stock
P0279,S013,1,112,In Stock
P0279,S014,1,45,In Stock
P0279,S015,1,16,In Stock
P0279,S016,1,93,In Stock
P0279,S017,1,15,In Stock
P0279,S019,1,35,In Stock
P0279,S020,1,65,In Stock
P0279,S021,1,38,In Stock
P0279,S022,1,97,In Stock
P0279,S023,1,88,In Stock
P0279,S025,1,117,In Stock
P0280,S001,1,46,In Stock
P0280,S004,1,60,In Stock
P0280,S005,1,29,In Stock
P0280,S007,1,85,In Stock
P0280,S008,1,19,In Stock
P0280,S009,1,112,In Stock
P0280,S010,1,27,In Stock
P0280,S011,1,43,In Stock
P0280,S012,1,108,In Stock
P0280,S013,1,39,In Stock
P0280,S015,1,74,In Stock
P0280,S017,1,103,In Stock
P0280,S019,1,20,In Stock
P0280,S021,1,117,In Stock
P0280,S024,1,38,In Stock
P0280,S026,1,89,In Stock
P0281,S003,1,80,In Stock
P0281,S005,1,99,In Stock
P0281,S006,1,139,In Stock
P0281,S007,0,124,Out of Stock
P0281,S008,1,229,In Stock
P0281,S009,1,191,In Stock
P0281,S010,1,218,In Stock
P0281,S011,1,184,In Stock
P0281,S013,1,191,In Stock
P0281,S014,1,67,In Stock
P0281,S015,1,247,In Stock
P0281,S016,1,93,In Stock
P0281,S018,1,220,In Stock
P0281,S019,1,128,In Stock
P0281,S020,1,234,In Stock
P0281,S023,1,142,In Stock
P0281,S024,1,159,In Stock
P0281,S025,0,195,Out of Stock
P0281,S026,1,73,In Stock
P0282,S001,1,21,In Stock
P0282,S002,1,23,In Stock
P0282,S005,1,117,In Stock
P0282,S006,1,41,In Stock
P0282,S008,2,88,In Stock
P0282,S009,1,18,In Stock
P0282,S010,1,120,In Stock
P0282,S011,1,95,In Stock
P0282,S012,1,16,In Stock
P0282,S013,1,76,In Stock
P0282,S014,1,71,In Stock
P0282,S015,1,99,In Stock
P0282,S016,1,83,In Stock
P0282,S017,1,54,In Stock
P0282,S019,1,97,In Stock
P0282,S020,1,88,In Stock
P0282,S022,1,34,In Stock
P0282,S025,1,98,In Stock
P0283,S001,1,176,In Stock
P0283,S002,1,224,In Stock
P0283,S003,1,256,In Stock
P0283,S004,1,225,In Stock
P0283,S005,1,91,In Stock
P0283,S007,1,65,In Stock
P0283,S008,1,123,In Stock
P0283,S009,1,232,In Stock
P0283,S010,1,182,In Stock
P0283,S012,1,256,In Stock
P0283,S013,1,94,In Stock
P0283,S014,1,234,In Stock
P0283,S016,1,130,In Stock
P0283,S017,1,238,In Stock
P0283,S018,1,135,In Stock
P0283,S019,2,75,In Stock
P0283,S020,1,106,In Stock
P0283,S021,1,213,In Stock
P0283,S022,1,112,In Stock
P0283,S023,1,204,In Stock
P0283,S024,1,173,In Stock
P0283,S025,1,229,In Stock
P0283,S026,1,193,In Stock
P0284,S001,1,40,In Stock
P0284,S002,1,102,In Stock
P0284,S003,1,74,In Stock
P0284,S005,1,90,In Stock
P0284,S006,1,114,In Stock
P0284,S007,1,56,In Stock
P0284,S008,1,31,In Stock
P0284,S009,1,53,In Stock
P0284,S011,1,79,In Stock
P0284,S013,1,58,In Stock
P0284,S014,1,95,In Stock
P0284,S018,1,17,In Stock
P0284,S019,1,48,In Stock
P0284,S024,1,116,In Stock
P0284,S026,2,88,In Stock
P0285,S001,1,65,In Stock
P0285,S002,1,71,In Stock
P0285,S003,1,32,In Stock
P0285,S005,2,47,In Stock
P0285,S006,7,43,In Stock
P0285,S007,3,88,In Stock
P0285,S008,2,114,In Stock
P0285,S009,1,100,In Stock
P0285,S010,1,102,In Stock
P0285,S011,1,55,In Stock
P0285,S013,2,116,In Stock
P0285,S015,1,79,In Stock
P0285,S016,1,91,In Stock
P0285,S017,1,91,In Stock
P0285,S019,4,119,In Stock
P0285,S020,1,23,In Stock
P0285,S022,1,16,In Stock
P0285,S026,1,31,In Stock
P0286,S001,0,7,Out of Stock
P0286,S002,0,6,Out of Stock
P0286,S003,1,6,In Stock
P0286,S004,0,15,Out of Stock
P0286,S005,0,7,Out of Stock
P0286,S006,0,9,Out of Stock
P0286,S007,0,10,Out of Stock
P0286,S008,0,2,Out of Stock
P0286,S009,0,1,Out of Stock
P0286,S010,1,10,In Stock
P0286,S011,0,4,Out of Stock
P0286,S012,0,10,Out of Stock
P0286,S013,0,13,Out of Stock
P0286,S014,0,2,Out of Stock
P0286,S015,1,15,In Stock
P0286,S016,1,10,In Stock
P0286,S017,0,6,Out of Stock
P0286,S018,0,17,Out of Stock
P0286,S019,0,7,Out of Stock
P0286,S020,0,15,Out of Stock
P0286,S021,0,13,Out of Stock
P0286,S022,0,1,Out of Stock
P0286,S023,0,10,Out of Stock
P0286,S024,1,10,In Stock
P0286,S025,0,17,Out of Stock
P0286,S026,1,3,In Stock
P0287,S001,1,64,In Stock
P0287,S003,1,175,In Stock
P0287,S006,1,146,In Stock
P0287,S008,1,76,In Stock
P0287,S009,1,133,In Stock
P0287,S010,1,239,In Stock
P0287,S011,1,167,In Stock
P0287,S012,1,207,In Stock
P0287,S013,1,74,In Stock
P0287,S014,1,240,In Stock
P0287,S015,1,251,In Stock
P0287,S016,1,236,In Stock
P0287,S018,1,70,In Stock
P0287,S019,1,251,In Stock
P0287,S020,1,181,In Stock
P0287,S023,1,137,In Stock
P0287,S024,1,184,In Stock
P0287,S026,1,107,In Stock
P0288,S001,1,72,In Stock
P0288,S003,2,87,In Stock
P0288,S004,1,52,In Stock
P0288,S005,1,65,In Stock
P0288,S006,1,112,In Stock
P0288,S008,3,24,In Stock
P0288,S010,1,70,In Stock
P0288,S011,2,38,In Stock
P0288,S012,1,93,In Stock
P0288,S015,1,40,In Stock
P0288,S016,1,120,In Stock
P0288,S017,0,31,Out of Stock
P0288,S018,1,60,In Stock
P0288,S019,5,69,In Stock
P0288,S024,2,18,In Stock
P0288,S025,1,120,In Stock
P0288,S026,2,100,In Stock
P0289,S001,1,57,In Stock
P0289,S002,1,88,In Stock
P0289,S003,4,87,In Stock
P0289,S004,2,119,In Stock
P0289,S005,1,95,In Stock
P0289,S006,1,95,In Stock
P0289,S008,2,26,In Stock
P0289,S009,2,69,In Stock
P0289,S010,1,84,In Stock
P0289,S011,1,80,In Stock
P0289,S013,4,40,In Stock
P0289,S017,2,58,In Stock
P0289,S019,3,42,In Stock
P0289,S020,3,49,In Stock
P0289,S022,2,106,In Stock
P0289,S023,1,95,In Stock
P0289,S024,1,43,In Stock
P0290,S002,1,68,In Stock
P0290,S003,1,55,In Stock
P0290,S004,1,48,In Stock
P0290,S005,1,120,In Stock
P0290,S006,1,30,In Stock
P0290,S008,1,62,In Stock
P0290,S009,1,51,In Stock
P0290,S010,1,103,In Stock
P0290,S012,1,70,In Stock
P0290,S013,1,83,In Stock
P0290,S014,1,77,In Stock
P0290,S015,1,16,In Stock
P0290,S018,1,57,In Stock
P0290,S019,1,117,In Stock
P0290,S020,1,56,In Stock
P0290,S021,1,91,In Stock
P0290,S024,1,74,In Stock
P0290,S026,1,105,In Stock
P0291,S001,0,33,Out of Stock
P0291,S002,1,99,In Stock
P0291,S003,1,88,In Stock
P0291,S004,1,53,In Stock
P0291,S005,1,77,In Stock
P0291,S006,1,81,In Stock
P0291,S007,1,70,In Stock
P0291,S008,1,79,In Stock
P0291,S009,1,83,In Stock
P0291,S010,1,51,In Stock
P0291,S011,1,37,In Stock
P0291,S013,1,112,In Stock
P0291,S014,1,102,In Stock
P0291,S017,1,52,In Stock
P0291,S019,1,86,In Stock
P0291,S020,1,90,In Stock
P0291,S024,1,25,In Stock
P0291,S026,1,107,In Stock
P0292,S001,1,81,In Stock
P0292,S003,1,86,In Stock
P0292,S004,1,62,In Stock
P0292,S006,1,84,In Stock
P0292,S007,1,35,In Stock
P0292,S009,1,22,In Stock
P0292,S010,1,60,In Stock
P0292,S011,1,84,In Stock
P0292,S012,1,41,In Stock
P0292,S013,1,32,In Stock
P0292,S015,1,45,In Stock
P0292,S016,1,71,In Stock
P0292,S017,1,66,In Stock
P0292,S018,1,48,In Stock
P0292,S019,1,60,In Stock
P0292,S020,1,117,In Stock
P0292,S023,1,99,In Stock
P0292,S024,1,65,In Stock
P0293,S001,61,295,In Stock
P0293,S002,109,514,In Stock
P0293,S003,148,334,In Stock
P0293,S006,87,332,In Stock
P0293,S008,105,304,In Stock
P0293,S009,113,477,In Stock
P0293,S010,128,424,In Stock
P0293,S011,46,194,In Stock
P0293,S012,104,381,In Stock
P0293,S015,140,470,In Stock
P0293,S016,76,216,In Stock
P0293,S019,98,224,In Stock
P0293,S020,131,539,In Stock
P0293,S023,112,310,In Stock
P0293,S025,91,240,In Stock
P0293,S026,100,272,In Stock
P0294,S001,1,47,In Stock
P0294,S002,2,112,In Stock
P0294,S003,1,69,In Stock
P0294,S004,1,84,In Stock
P0294,S005,5,60,In Stock
P0294,S006,1,107,In Stock
P0294,S007,1,68,In Stock
P0294,S008,4,92,In Stock
P0294,S010,1,86,In Stock
P0294,S011,1,25,In Stock
P0294,S012,2,117,In Stock
P0294,S013,0,32,Out of Stock
P0294,S014,1,39,In Stock
P0294,S015,1,95,In Stock
P0294,S016,1,90,In Stock
P0294,S017,1,108,In Stock
P0294,S018,1,81,In Stock
P0294,S019,2,97,In Stock
P0294,S021,1,71,In Stock
P0294,S022,1,113,In Stock
P0294,S023,1,67,In Stock
P0294,S024,1,114,In Stock
P0294,S025,1,111,In Stock
P0294,S026,1,48,In Stock
P0295,S001,1,141,In Stock
P0295,S002,1,147,In Stock
P0295,S003,1,236,In Stock
P0295,S006,1,74,In Stock
P0295,S007,1,136,In Stock
P0295,S008,1,221,In Stock
P0295,S009,1,87,In Stock
P0295,S010,1,195,In Stock
P0295,S011,1,109,In Stock
P0295,S013,1,199,In Stock
P0295,S014,1,243,In Stock
P0295,S015,1,236,In Stock
P0295,S016,1,215,In Stock
P0295,S019,1,192,In Stock
P0295,S022,1,171,In Stock
P0295,S024,1,150,In Stock
P0296,S001,1,85,In Stock
P0296,S002,1,32,In Stock
P0296,S003,1,101,In Stock
P0296,S005,2,51,In Stock
P0296,S006,1,105,In Stock
P0296,S007,1,30,In Stock
P0296,S008,1,18,In Stock
P0296,S009,1,17,In Stock
P0296,S011,1,88,In Stock
P0296,S012,1,89,In Stock
P0296,S013,1,28,In Stock
P0296,S014,1,47,In Stock
P0296,S016,2,64,In Stock
P0296,S020,1,102,In Stock
P0296,S023,1,98,In Stock
P0296,S024,1,43,In Stock
P0297,S001,1,205,In Stock
P0297,S002,1,202,In Stock
P0297,S003,1,108,In Stock
P0297,S004,1,217,In Stock
P0297,S005,1,74,In Stock
P0297,S006,1,113,In Stock
P0297,S007,1,114,In Stock
P0297,S008,1,123,In Stock
P0297,S009,1,127,In Stock
P0297,S013,1,199,In Stock
P0297,S014,1,98,In Stock
P0297,S016,1,135,In Stock
P0297,S018,1,173,In Stock
P0297,S019,1,268,In Stock
P0297,S026,1,167,In Stock
P0298,S001,1,83,In Stock
P0298,S002,1,62,In Stock
P0298,S003,1,119,In Stock
P0298,S004,1,83,In Stock
P0298,S005,1,112,In Stock
P0298,S006,1,111,In Stock
P0298,S007,1,87,In Stock
P0298,S008,1,96,In Stock
P0298,S009,1,67,In Stock
P0298,S010,1,120,In Stock
P0298,S011,1,86,In Stock
P0298,S012,1,71,In Stock
P0298,S013,1,66,In Stock
P0298,S014,1,19,In Stock
P0298,S016,1,76,In Stock
P0298,S017,1,71,In Stock
P0298,S019,1,58,In Stock
P0298,S024,1,85,In Stock
P0299,S001,1,115,In Stock
P0299,S002,1,104,In Stock
P0299,S005,1,64,In Stock
P0299,S006,1,18,In Stock
P0299,S007,1,71,In Stock
P0299,S008,1,67,In Stock
P0299,S009,1,20,In Stock
P0299,S010,1,88,In Stock
P0299,S012,1,34,In Stock
P0299,S013,1,67,In Stock
P0299,S014,1,18,In Stock
P0299,S016,1,85,In Stock
P0299,S017,1,38,In Stock
P0299,S019,2,102,In Stock
P0299,S020,1,64,In Stock
P0299,S021,1,38,In Stock
P0299,S025,1,113,In Stock
P0300,S001,0,2,Out of Stock
P0300,S002,0,8,Out of Stock
P0300,S003,0,16,Out of Stock
P0300,S004,0,10,Out of Stock
P0300,S005,0,6,Out of Stock
P0300,S006,1,16,In Stock
P0300,S007,0,11,Out of Stock
P0300,S008,2,9,In Stock
P0300,S009,0,8,Out of Stock
P0300,S010,0,20,Out of Stock
P0300,S011,0,2,Out of Stock
P0300,S012,0,17,Out of Stock
P0300,S013,0,10,Out of Stock
P0300,S014,1,2,In Stock
P0300,S015,0,3,Out of Stock
P0300,S016,0,4,Out of Stock
P0300,S017,0,12,Out of Stock
P0300,S018,0,11,Out of Stock
P0300,S019,1,10,In Stock
P0300,S020,0,3,Out of Stock
P0300,S021,0,4,Out of Stock
P0300,S022,1,2,In Stock
P0300,S023,0,17,Out of Stock
P0300,S024,0,18,Out of Stock
P0300,S025,0,11,Out of Stock
P0300,S026,0,20,Out of Stock
P0301,S001,1,117,In Stock
P0301,S002,1,22,In Stock
P0301,S003,1,115,In Stock
P0301,S005,1,35,In Stock
P0301,S006,1,106,In Stock
P0301,S008,1,86,In Stock
P0301,S009,1,32,In Stock
P0301,S011,1,117,In Stock
P0301,S013,1,88,In Stock
P0301,S014,1,76,In Stock
P0301,S015,1,27,In Stock
P0301,S016,1,25,In Stock
P0301,S017,1,63,In Stock
P0301,S019,1,113,In Stock
P0301,S020,1,103,In Stock
P0301,S023,1,78,In Stock
P0301,S025,0,53,Out of Stock
P0302,S001,1,36,In Stock
P0302,S002,2,110,In Stock
P0302,S003,1,45,In Stock
P0302,S004,1,112,In Stock
P0302,S005,1,105,In Stock
P0302,S006,1,62,In Stock
P0302,S008,1,65,In Stock
P0302,S010,1,118,In Stock
P0302,S011,1,95,In Stock
P0302,S013,2,93,In Stock
P0302,S014,0,86,Out of Stock
P0302,S016,1,87,In Stock
P0302,S019,2,87,In Stock
P0302,S020,1,101,In Stock
P0302,S022,1,77,In Stock
P0302,S023,1,70,In Stock
P0303,S001,6,118,In Stock
P0303,S002,1,89,In Stock
P0303,S003,3,35,In Stock
P0303,S005,1,85,In Stock
P0303,S006,1,69,In Stock
P0303,S007,2,55,In Stock
P0303,S008,8,45,In Stock
P0303,S009,3,91,In Stock
P0303,S010,3,23,In Stock
P0303,S011,1,95,In Stock
P0303,S012,2,70,In Stock
P0303,S013,8,53,In Stock
P0303,S014,2,47,In Stock
P0303,S015,2,84,In Stock
P0303,S016,0,87,Out of Stock
P0303,S019,5,105,In Stock
P0303,S020,7,102,In Stock
P0303,S021,4,15,In Stock
P0303,S023,4,115,In Stock
P0303,S024,3,107,In Stock
P0303,S026,1,105,In Stock
P0304,S001,7,24,In Stock
P0304,S002,2,33,In Stock
P0304,S003,2,86,In Stock
P0304,S005,2,115,In Stock
P0304,S006,2,95,In Stock
P0304,S007,1,76,In Stock
P0304,S008,1,83,In Stock
P0304,S009,1,25,In Stock
P0304,S010,3,115,In Stock
P0304,S011,1,99,In Stock
P0304,S012,1,55,In Stock
P0304,S013,3,98,In Stock
P0304,S014,2,46,In Stock
P0304,S016,1,92,In Stock
P0304,S019,1,70,In Stock
P0304,S023,1,90,In Stock
P0305,S001,0,4,Out of Stock
P0305,S002,0,15,Out of Stock
P0305,S003,1,18,In Stock
P0305,S004,0,8,Out of Stock
P0305,S005,0,12,Out of Stock
P0305,S006,0,5,Out of Stock
P0305,S007,0,17,Out of Stock
P0305,S008,0,4,Out of Stock
P0305,S009,0,20,Out of Stock
P0305,S010,0,14,Out of Stock
P0305,S011,0,2,Out of Stock
P0305,S012,0,7,Out of Stock
P0305,S013,0,4,Out of Stock
P0305,S014,0,3,Out of Stock
P0305,S015,1,3,In Stock
P0305,S016,0,2,Out of Stock
P0305,S017,0,11,Out of Stock
P0305,S018,0,1,Out of Stock
P0305,S019,0,7,Out of Stock
P0305,S020,0,11,Out of Stock
P0305,S021,0,19,Out of Stock
P0305,S022,0,2,Out of Stock
P0305,S023,0,3,Out of Stock
P0305,S024,0,17,Out of Stock
P0305,S025,0,1,Out of Stock
P0305,S026,0,18,Out of Stock
P0306,S001,1,60,In Stock
P0306,S002,1,49,In Stock
P0306,S004,1,68,In Stock
P0306,S005,1,111,In Stock
P0306,S006,1,101,In Stock
P0306,S007,1,120,In Stock
P0306,S008,1,55,In Stock
P0306,S009,1,66,In Stock
P0306,S010,1,27,In Stock
P0306,S011,1,113,In Stock
P0306,S012,1,113,In Stock
P0306,S013,3,98,In Stock
P0306,S016,2,19,In Stock
P0306,S019,0,112,Out of Stock
P0306,S020,2,66,In Stock
P0306,S021,1,81,In Stock
P0306,S022,1,115,In Stock
P0306,S023,1,81,In Stock
P0306,S024,1,101,In Stock
P0306,S025,1,111,In Stock
P0306,S026,1,26,In Stock
P0307,S001,75,452,In Stock
P0307,S002,135,460,In Stock
P0307,S003,74,191,In Stock
P0307,S005,93,342,In Stock
P0307,S007,48,358,In Stock
P0307,S008,56,359,In Stock
P0307,S009,96,470,In Stock
P0307,S010,74,474,In Stock
P0307,S011,77,435,In Stock
P0307,S013,86,420,In Stock
P0307,S014,35,244,In Stock
P0307,S015,60,263,In Stock
P0307,S019,71,221,In Stock
P0307,S020,74,306,In Stock
P0307,S023,30,258,In Stock
P0307,S024,84,379,In Stock
P0307,S025,70,312,In Stock
P0308,S001,1,53,In Stock
P0308,S003,1,31,In Stock
P0308,S004,2,120,In Stock
P0308,S005,1,97,In Stock
P0308,S007,1,25,In Stock
P0308,S008,1,88,In Stock
P0308,S009,1,82,In Stock
P0308,S010,2,66,In Stock
P0308,S011,0,111,Out of Stock
P0308,S013,2,118,In Stock
P0308,S016,1,87,In Stock
P0308,S017,1,47,In Stock
P0308,S018,1,92,In Stock
P0308,S019,3,16,In Stock
P0308,S020,2,28,In Stock
P0308,S022,1,24,In Stock
P0308,S025,2,32,In Stock
P0308,S026,1,23,In Stock
P0309,S001,1,51,In Stock
P0309,S002,1,40,In Stock
P0309,S003,1,87,In Stock
P0309,S005,1,58,In Stock
P0309,S006,1,20,In Stock
P0309,S008,1,30,In Stock
P0309,S010,1,108,In Stock
P0309,S011,1,83,In Stock
P0309,S012,1,35,In Stock
P0309,S013,2,115,In Stock
P0309,S015,2,40,In Stock
P0309,S018,1,28,In Stock
P0309,S019,1,93,In Stock
P0309,S022,1,118,In Stock
P0309,S024,1,86,In Stock
P0309,S025,1,90,In Stock
P0309,S026,1,72,In Stock
P0310,S001,1,38,In Stock
P0310,S002,1,27,In Stock
P0310,S003,1,80,In Stock
P0310,S005,1,120,In Stock
P0310,S006,1,17,In Stock
P0310,S008,1,63,In Stock
P0310,S009,1,109,In Stock
P0310,S010,1,82,In Stock
P0310,S011,1,82,In Stock
P0310,S013,1,45,In Stock
P0310,S014,1,61,In Stock
P0310,S015,1,50,In Stock
P0310,S016,1,83,In Stock
P0310,S017,1,48,In Stock
P0310,S019,1,46,In Stock
P0310,S020,1,28,In Stock
P0310,S022,1,36,In Stock
P0310,S023,1,96,In Stock
P0310,S026,1,106,In Stock
P0311,S001,1,69,In Stock
P0311,S002,1,67,In Stock
P0311,S005,1,117,In Stock
P0311,S006,3,51,In Stock
P0311,S008,7,19,In Stock
P0311,S009,2,115,In Stock
P0311,S011,2,64,In Stock
P0311,S013,7,87,In Stock
P0311,S020,2,115,In Stock
P0311,S021,1,93,In Stock
P0311,S022,1,82,In Stock
P0311,S023,1,39,In Stock
P0312,S001,1,50,In Stock
P0312,S002,1,50,In Stock
P0312,S003,1,70,In Stock
P0312,S004,1,26,In Stock
P0312,S005,1,84,In Stock
P0312,S009,1,74,In Stock
P0312,S011,1,30,In Stock
P0312,S012,1,15,In Stock
P0312,S013,1,84,In Stock
P0312,S014,1,48,In Stock
P0312,S015,1,83,In Stock
P0312,S017,1,51,In Stock
P0312,S018,1,81,In Stock
P0312,S019,1,88,In Stock
P0312,S020,1,89,In Stock
P0312,S022,1,91,In Stock
P0312,S023,1,93,In Stock
P0312,S024,1,29,In Stock
P0313,S001,1,15,In Stock
P0313,S002,1,97,In Stock
P0313,S003,1,107,In Stock
P0313,S006,1,50,In Stock
P0313,S008,1,63,In Stock
P0313,S009,1,92,In Stock
P0313,S010,1,49,In Stock
P0313,S011,1,15,In Stock
P0313,S012,1,53,In Stock
P0313,S013,1,66,In Stock
P0313,S014,1,95,In Stock
P0313,S015,1,34,In Stock
P0313,S016,1,106,In Stock
P0313,S017,1,92,In Stock
P0313,S018,2,88,In Stock
P0313,S019,5,25,In Stock
P0313,S020,1,97,In Stock
P0313,S022,1,31,In Stock
P0313,S023,1,23,In Stock
P0313,S024,1,87,In Stock
P0313,S025,1,36,In Stock
P0313,S026,3,90,In Stock
P0314,S001,1,59,In Stock
P0314,S004,1,55,In Stock
P0314,S005,1,28,In Stock
P0314,S008,1,22,In Stock
P0314,S009,1,46,In Stock
P0314,S010,1,60,In Stock
P0314,S011,1,83,In Stock
P0314,S012,1,111,In Stock
P0314,S013,1,93,In Stock
P0314,S015,1,54,In Stock
P0314,S016,1,54,In Stock
P0314,S019,1,69,In Stock
P0314,S020,1,82,In Stock
P0314,S022,1,48,In Stock
P0314,S023,1,109,In Stock
P0314,S024,1,117,In Stock
P0315,S001,1,110,In Stock
P0315,S003,1,116,In Stock
P0315,S004,1,77,In Stock
P0315,S005,1,62,In Stock
P0315,S006,1,20,In Stock
P0315,S008,1,120,In Stock
P0315,S009,1,55,In Stock
P0315,S010,1,103,In Stock
P0315,S011,1,76,In Stock
P0315,S013,1,110,In Stock
P0315,S014,1,88,In Stock
P0315,S015,2,87,In Stock
P0315,S016,1,105,In Stock
P0315,S017,1,22,In Stock
P0315,S018,1,110,In Stock
P0315,S019,1,26,In Stock
P0315,S020,1,65,In Stock
P0315,S021,1,115,In Stock
P0315,S022,1,65,In Stock
P0315,S023,1,66,In Stock
P0315,S024,1,22,In Stock
P0315,S026,1,32,In Stock
P0316,S003,1,32,In Stock
P0316,S005,3,92,In Stock
P0316,S006,2,37,In Stock
P0316,S008,1,118,In Stock
P0316,S010,2,111,In Stock
P0316,S011,1,84,In Stock
P0316,S013,1,57,In Stock
P0316,S014,1,29,In Stock
P0316,S015,1,101,In Stock
P0316,S016,1,93,In Stock
P0316,S017,1,40,In Stock
P0316,S019,2,82,In Stock
P0316,S020,1,57,In Stock
P0316,S021,1,24,In Stock
P0316,S022,1,24,In Stock
P0316,S024,1,63,In Stock
P0316,S025,1,47,In Stock
P0317,S001,0,15,Out of Stock
P0317,S002,0,15,Out of Stock
P0317,S003,0,17,Out of Stock
P0317,S004,0,18,Out of Stock
P0317,S005,1,11,In Stock
P0317,S006,0,19,Out of Stock
P0317,S007,0,14,Out of Stock
P0317,S008,0,20,Out of Stock
P0317,S009,0,2,Out of Stock
P0317,S010,0,2,Out of Stock
P0317,S011,0,11,Out of Stock
P0317,S012,0,15,Out of Stock
P0317,S013,0,4,Out of Stock
P0317,S014,0,19,Out of Stock
P0317,S015,1,2,In Stock
P0317,S016,0,2,Out of Stock
P0317,S017,0,10,Out of Stock
P0317,S018,0,14,Out of Stock
P0317,S019,0,20,Out of Stock
P0317,S020,0,16,Out of Stock
P0317,S021,0,1,Out of Stock
P0317,S022,0,11,Out of Stock
P0317,S023,0,17,Out of Stock
P0317,S024,0,4,Out of Stock
P0317,S025,0,6,Out of Stock
P0317,S026,0,17,Out of Stock
P0318,S001,1,229,In Stock
P0318,S002,1,143,In Stock
P0318,S003,1,255,In Stock
P0318,S004,1,73,In Stock
P0318,S005,1,98,In Stock
P0318,S006,1,197,In Stock
P0318,S008,1,236,In Stock
P0318,S009,1,246,In Stock
P0318,S010,1,189,In Stock
P0318,S011,1,63,In Stock
P0318,S012,1,101,In Stock
P0318,S014,1,118,In Stock
P0318,S015,1,143,In Stock
P0318,S019,1,252,In Stock
P0318,S020,0,118,Out of Stock
P0318,S022,1,133,In Stock
P0318,S023,1,230,In Stock
P0318,S024,1,106,In Stock
P0318,S026,1,95,In Stock
P0319,S001,3,21,In Stock
P0319,S003,1,120,In Stock
P0319,S005,1,101,In Stock
P0319,S006,1,68,In Stock
P0319,S008,1,76,In Stock
P0319,S009,1,42,In Stock
P0319,S010,3,97,In Stock
P0319,S012,1,72,In Stock
P0319,S013,1,69,In Stock
P0319,S014,1,95,In Stock
P0319,S015,1,70,In Stock
P0319,S016,2,84,In Stock
P0319,S017,1,39,In Stock
P0319,S018,1,77,In Stock
P0319,S020,1,119,In Stock
P0319,S022,0,87,Out of Stock
P0319,S023,1,117,In Stock
P0319,S024,1,82,In Stock
P0319,S025,1,71,In Stock
P0320,S001,2,42,In Stock
P0320,S002,1,79,In Stock
P0320,S004,1,113,In Stock
P0320,S005,1,82,In Stock
P0320,S007,1,63,In Stock
P0320,S008,3,78,In Stock
P0320,S009,0,40,Out of Stock
P0320,S011,1,37,In Stock
P0320,S012,1,26,In Stock
P0320,S013,3,89,In Stock
P0320,S014,2,56,In Stock
P0320,S016,1,56,In Stock
P0320,S019,5,18,In Stock
P0320,S022,2,34,In Stock
P0320,S024,1,67,In Stock
P0320,S026,1,69,In Stock
P0321,S001,1,34,In Stock
P0321,S002,1,36,In Stock
P0321,S003,1,5,In Stock
P0321,S004,2,15,In Stock
P0321,S005,1,41,In Stock
P0321,S006,1,30,In Stock
P0321,S007,1,21,In Stock
P0321,S008,1,15,In Stock
P0321,S009,1,44,In Stock
P0321,S010,1,15,In Stock
P0321,S011,1,17,In Stock
P0321,S012,1,9,In Stock
P0321,S013,1,44,In Stock
P0321,S014,2,15,In Stock
P0321,S015,0,11,Out of Stock
P0321,S016,1,32,In Stock
P0321,S017,1,12,In Stock
P0321,S018,2,17,In Stock
P0321,S019,2,45,In Stock
P0321,S020,1,26,In Stock
P0321,S021,1,45,In Stock
P0321,S022,1,10,In Stock
P0321,S023,3,13,In Stock
P0321,S024,1,39,In Stock
P0321,S025,1,24,In Stock
P0321,S026,1,9,In Stock
P0322,S001,2,24,In Stock
P0322,S003,6,98,In Stock
P0322,S005,2,48,In Stock
P0322,S007,2,67,In Stock
P0322,S008,1,96,In Stock
P0322,S009,1,52,In Stock
P0322,S010,1,31,In Stock
P0322,S011,1,55,In Stock
P0322,S012,3,15,In Stock
P0322,S013,1,21,In Stock
P0322,S014,1,109,In Stock
P0322,S015,4,31,In Stock
P0322,S016,2,104,In Stock
P0322,S019,5,116,In Stock
P0322,S020,1,28,In Stock
P0322,S021,1,53,In Stock
P0322,S024,2,33,In Stock
P0322,S025,1,77,In Stock
P0322,S026,3,112,In Stock
P0323,S001,1,206,In Stock
P0323,S002,0,71,Out of Stock
P0323,S003,1,130,In Stock
P0323,S005,1,212,In Stock
P0323,S007,1,142,In Stock
P0323,S008,2,141,In Stock
P0323,S009,1,204,In Stock
P0323,S012,1,61,In Stock
P0323,S013,1,205,In Stock
P0323,S015,1,225,In Stock
P0323,S016,1,125,In Stock
P0323,S017,1,251,In Stock
P0323,S018,1,124,In Stock
P0323,S019,1,192,In Stock
P0323,S021,1,178,In Stock
P0323,S025,1,265,In Stock
P0323,S026,1,186,In Stock
P0324,S001,2,23,In Stock
P0324,S002,4,17,In Stock
P0324,S003,5,9,In Stock
P0324,S004,1,27,In Stock
P0324,S005,4,5,In Stock
P0324,S006,2,6,In Stock
P0324,S007,1,25,In Stock
P0324,S008,7,7,In Stock
P0324,S009,10,15,In Stock
P0324,S010,7,36,In Stock
P0324,S011,6,37,In Stock
P0324,S012,1,17,In Stock
P0324,S013,5,29,In Stock
P0324,S014,6,28,In Stock
P0324,S015,4,44,In Stock
P0324,S016,5,20,In Stock
P0324,S017,5,34,In Stock
P0324,S018,1,13,In Stock
P0324,S019,4,31,In Stock
P0324,S020,2,8,In Stock
P0324,S021,1,19,In Stock
P0324,S022,1,20,In Stock
P0324,S023,3,12,In Stock
P0324,S024,3,15,In Stock
P0324,S025,3,35,In Stock
P0324,S026,1,42,In Stock
P0325,S001,0,12,Out of Stock
P0325,S002,0,3,Out of Stock
P0325,S003,0,5,Out of Stock
P0325,S004,0,5,Out of Stock
P0325,S005,0,2,Out of Stock
P0325,S006,0,2,Out of Stock
P0325,S007,0,5,Out of Stock
P0325,S008,0,7,Out of Stock
P0325,S009,0,2,Out of Stock
P0325,S010,0,15,Out of Stock
P0325,S011,0,1,Out of Stock
P0325,S012,0,2,Out of Stock
P0325,S013,0,16,Out of Stock
P0325,S014,0,12,Out of Stock
P0325,S015,0,4,Out of Stock
P0325,S016,0,4,Out of Stock
P0325,S017,0,16,Out of Stock
P0325,S018,0,14,Out of Stock
P0325,S019,0,8,Out of Stock
P0325,S020,0,1,Out of Stock
P0325,S021,0,19,Out of Stock
P0325,S022,0,18,Out of Stock
P0325,S023,0,12,Out of Stock
P0325,S024,0,1,Out of Stock
P0325,S025,0,2,Out of Stock
P0325,S026,0,17,Out of Stock
P0326,S001,0,3,Out of Stock
P0326,S002,2,17,In Stock
P0326,S003,0,4,Out of Stock
P0326,S004,0,1,Out of Stock
P0326,S005,0,5,Out of Stock
P0326,S006,0,18,Out of Stock
P0326,S007,0,8,Out of Stock
P0326,S008,0,5,Out of Stock
P0326,S009,0,2,Out of Stock
P0326,S010,0,2,Out of Stock
P0326,S011,0,19,Out of Stock
P0326,S012,1,1,In Stock
P0326,S013,0,12,Out of Stock
P0326,S014,1,7,In Stock
P0326,S015,2,11,In Stock
P0326,S016,0,19,Out of Stock
P0326,S017,0,11,Out of Stock
P0326,S018,0,18,Out of Stock
P0326,S019,0,3,Out of Stock
P0326,S020,0,14,Out of Stock
P0326,S021,0,14,Out of Stock
P0326,S022,0,8,Out of Stock
P0326,S023,0,6,Out of Stock
P0326,S024,0,19,Out of Stock
P0326,S025,1,14,In Stock
P0326,S026,0,10,Out of Stock
P0327,S001,1,39,In Stock
P0327,S002,1,92,In Stock
P0327,S003,1,85,In Stock
P0327,S005,1,98,In Stock
P0327,S006,1,34,In Stock
P0327,S008,2,46,In Stock
P0327,S010,1,108,In Stock
P0327,S011,1,84,In Stock
P0327,S013,2,43,In Stock
P0327,S014,1,106,In Stock
P0327,S015,1,115,In Stock
P0327,S018,1,65,In Stock
P0327,S019,3,22,In Stock
P0327,S020,1,60,In Stock
P0327,S022,1,38,In Stock
P0327,S024,1,94,In Stock
P0328,S001,1,250,In Stock
P0328,S002,0,203,Out of Stock
P0328,S004,1,180,In Stock
P0328,S005,1,89,In Stock
P0328,S007,1,211,In Stock
P0328,S008,1,260,In Stock
P0328,S009,1,107,In Stock
P0328,S010,1,227,In Stock
P0328,S012,1,81,In Stock
P0328,S013,2,228,In Stock
P0328,S014,1,211,In Stock
P0328,S015,1,96,In Stock
P0328,S016,1,123,In Stock
P0328,S018,1,206,In Stock
P0328,S019,1,93,In Stock
P0328,S020,1,80,In Stock
P0328,S021,1,80,In Stock
P0328,S026,1,256,In Stock
P0329,S001,1,83,In Stock
P0329,S003,1,42,In Stock
P0329,S004,1,32,In Stock
P0329,S007,1,102,In Stock
P0329,S008,2,47,In Stock
P0329,S010,2,88,In Stock
P0329,S011,2,50,In Stock
P0329,S012,1,80,In Stock
P0329,S013,2,18,In Stock
P0329,S016,1,46,In Stock
P0329,S018,1,18,In Stock
P0329,S019,1,30,In Stock
P0329,S020,1,34,In Stock
P0329,S023,1,61,In Stock
P0329,S024,1,57,In Stock
P0329,S026,1,117,In Stock
P0330,S001,1,25,In Stock
P0330,S002,1,110,In Stock
P0330,S003,1,16,In Stock
P0330,S005,1,109,In Stock
P0330,S007,1,93,In Stock
P0330,S008,5,120,In Stock
P0330,S010,1,54,In Stock
P0330,S013,1,51,In Stock
P0330,S014,1,30,In Stock
P0330,S015,1,78,In Stock
P0330,S016,1,22,In Stock
P0330,S018,1,108,In Stock
P0330,S019,0,53,Out of Stock
P0330,S020,1,55,In Stock
P0330,S024,1,48,In Stock
P0330,S025,1,56,In Stock
P0331,S001,1,113,In Stock
P0331,S004,1,61,In Stock
P0331,S006,1,70,In Stock
P0331,S007,1,248,In Stock
P0331,S008,1,166,In Stock
P0331,S009,1,185,In Stock
P0331,S010,1,185,In Stock
P0331,S011,1,270,In Stock
P0331,S013,1,154,In Stock
P0331,S014,1,85,In Stock
P0331,S015,1,266,In Stock
P0331,S016,1,154,In Stock
P0331,S017,1,231,In Stock
P0331,S019,1,144,In Stock
P0331,S020,1,165,In Stock
P0331,S023,1,182,In Stock
P0331,S024,1,80,In Stock
P0331,S025,0,206,Out of Stock
P0331,S026,1,113,In Stock
P0332,S001,5,94,In Stock
P0332,S002,2,102,In Stock
P0332,S004,1,15,In Stock
P0332,S005,1,92,In Stock
P0332,S006,1,51,In Stock
P0332,S008,1,101,In Stock
P0332,S009,1,76,In Stock
P0332,S010,1,17,In Stock
P0332,S011,1,19,In Stock
P0332,S012,1,27,In Stock
P0332,S013,1,75,In Stock
P0332,S015,1,56,In Stock
P0332,S016,1,92,In Stock
P0332,S019,3,102,In Stock
P0332,S020,1,104,In Stock
P0332,S025,1,79,In Stock
P0333,S001,1,81,In Stock
P0333,S002,1,16,In Stock
P0333,S006,1,86,In Stock
P0333,S008,1,27,In Stock
P0333,S009,1,99,In Stock
P0333,S010,1,61,In Stock
P0333,S011,1,44,In Stock
P0333,S012,1,70,In Stock
P0333,S013,1,79,In Stock
P0333,S014,1,50,In Stock
P0333,S017,1,52,In Stock
P0333,S020,1,30,In Stock
P0333,S022,1,74,In Stock
P0333,S023,1,103,In Stock
P0333,S024,1,19,In Stock
P0333,S025,1,62,In Stock
P0333,S026,1,79,In Stock
P0334,S001,1,23,In Stock
P0334,S002,1,29,In Stock
P0334,S004,1,54,In Stock
P0334,S005,1,69,In Stock
P0334,S007,1,41,In Stock
P0334,S008,1,68,In Stock
P0334,S010,1,75,In Stock
P0334,S011,1,113,In Stock
P0334,S013,1,90,In Stock
P0334,S014,1,107,In Stock
P0334,S015,1,45,In Stock
P0334,S016,3,16,In Stock
P0334,S017,1,100,In Stock
P0334,S018,1,16,In Stock
P0334,S019,1,72,In Stock
P0334,S020,1,77,In Stock
P0334,S024,1,24,In Stock
P0334,S025,1,87,In Stock
P0334,S026,1,52,In Stock
P0335,S001,1,110,In Stock
P0335,S002,1,22,In Stock
P0335,S003,1,33,In Stock
P0335,S004,1,97,In Stock
P0335,S005,1,73,In Stock
P0335,S006,1,115,In Stock
P0335,S008,1,22,In Stock
P0335,S009,2,98,In Stock
P0335,S010,2,104,In Stock
P0335,S011,1,105,In Stock
P0335,S012,1,16,In Stock
P0335,S014,1,46,In Stock
P0335,S015,1,55,In Stock
P0335,S016,2,95,In Stock
P0335,S017,1,27,In Stock
P0335,S018,1,23,In Stock
P0335,S019,2,91,In Stock
P0335,S020,1,57,In Stock
P0335,S021,1,100,In Stock
P0335,S023,1,99,In Stock
P0335,S024,1,101,In Stock
P0335,S026,0,15,Out of Stock
P0336,S001,1,244,In Stock
P0336,S002,1,92,In Stock
P0336,S003,2,143,In Stock
P0336,S004,1,162,In Stock
P0336,S005,1,66,In Stock
P0336,S006,1,125,In Stock
P0336,S007,1,222,In Stock
P0336,S008,1,111,In Stock
P0336,S011,1,184,In Stock
P0336,S013,1,122,In Stock
P0336,S014,1,250,In Stock
P0336,S016,1,120,In Stock
P0336,S017,1,93,In Stock
P0336,S018,1,146,In Stock
P0336,S019,1,83,In Stock
P0336,S020,1,223,In Stock
P0336,S022,1,153,In Stock
P0336,S024,1,92,In Stock
P0336,S026,1,121,In Stock
P0337,S001,1,24,In Stock
P0337,S002,1,103,In Stock
P0337,S004,1,81,In Stock
P0337,S006,1,18,In Stock
P0337,S008,1,93,In Stock
P0337,S009,1,69,In Stock
P0337,S010,1,102,In Stock
P0337,S011,1,56,In Stock
P0337,S012,0,47,Out of Stock
P0337,S013,1,70,In Stock
P0337,S014,1,57,In Stock
P0337,S015,2,92,In Stock
P0337,S016,1,52,In Stock
P0337,S017,1,66,In Stock
P0337,S018,0,100,Out of Stock
P0337,S019,1,66,In Stock
P0337,S025,1,30,In Stock
P0337,S026,1,119,In Stock
P0338,S001,4,93,In Stock
P0338,S002,1,88,In Stock
P0338,S003,2,106,In Stock
P0338,S005,5,47,In Stock
P0338,S006,1,108,In Stock
P0338,S008,1,119,In Stock
P0338,S009,1,93,In Stock
P0338,S010,1,88,In Stock
P0338,S011,1,19,In Stock
P0338,S012,1,108,In Stock
P0338,S013,2,31,In Stock
P0338,S014,1,117,In Stock
P0338,S015,3,73,In Stock
P0338,S016,1,101,In Stock
P0338,S019,2,43,In Stock
P0338,S022,1,45,In Stock
P0338,S023,1,117,In Stock
P0338,S024,2,87,In Stock
P0338,S025,1,72,In Stock
P0338,S026,1,62,In Stock
P0339,S001,125,233,In Stock
P0339,S002,91,194,In Stock
P0339,S003,130,527,In Stock
P0339,S005,145,521,In Stock
P0339,S006,146,441,In Stock
P0339,S008,150,191,In Stock
P0339,S009,76,182,In Stock
P0339,S011,42,457,In Stock
P0339,S013,38,330,In Stock
P0339,S014,39,456,In Stock
P0339,S015,140,303,In Stock
P0339,S016,51,524,In Stock
P0339,S018,37,302,In Stock
P0339,S019,97,387,In Stock
P0339,S020,127,232,In Stock
P0339,S021,112,537,In Stock
P0339,S022,128,461,In Stock
P0339,S023,50,327,In Stock
P0339,S024,32,493,In Stock
P0339,S026,88,313,In Stock
P0340,S001,1,80,In Stock
P0340,S002,1,119,In Stock
P0340,S006,1,84,In Stock
P0340,S007,1,79,In Stock
P0340,S008,1,103,In Stock
P0340,S010,1,71,In Stock
P0340,S013,1,58,In Stock
P0340,S016,1,27,In Stock
P0340,S018,1,113,In Stock
P0340,S019,2,31,In Stock
P0340,S020,1,36,In Stock
P0340,S021,1,79,In Stock
P0340,S023,1,47,In Stock
P0340,S024,1,49,In Stock
P0341,S003,1,16,In Stock
P0341,S004,1,49,In Stock
P0341,S005,1,74,In Stock
P0341,S008,1,55,In Stock
P0341,S009,1,30,In Stock
P0341,S010,1,120,In Stock
P0341,S012,1,86,In Stock
P0341,S013,1,70,In Stock
P0341,S015,2,44,In Stock
P0341,S017,1,68,In Stock
P0341,S020,1,102,In Stock
P0341,S022,1,71,In Stock
P0341,S026,1,36,In Stock
P0342,S001,0,12,Out of Stock
P0342,S002,0,14,Out of Stock
P0342,S003,0,19,Out of Stock
P0342,S004,0,13,Out of Stock
P0342,S005,0,19,Out of Stock
P0342,S006,0,17,Out of Stock
P0342,S007,0,10,Out of Stock
P0342,S008,0,19,Out of Stock
P0342,S009,0,18,Out of Stock
P0342,S010,0,9,Out of Stock
P0342,S011,0,19,Out of Stock
P0342,S012,1,8,In Stock
P0342,S013,2,20,In Stock
P0342,S014,0,4,Out of Stock
P0342,S015,0,3,Out of Stock
P0342,S016,0,11,Out of Stock
P0342,S017,0,17,Out of Stock
P0342,S018,0,6,Out of Stock
P0342,S019,0,1,Out of Stock
P0342,S020,0,4,Out of Stock
P0342,S021,0,2,Out of Stock
P0342,S022,0,8,Out of Stock
P0342,S023,0,3,Out of Stock
P0342,S024,0,14,Out of Stock
P0342,S025,0,12,Out of Stock
P0342,S026,0,9,Out of Stock
P0343,S001,1,235,In Stock
P0343,S002,1,193,In Stock
P0343,S003,0,84,Out of Stock
P0343,S004,1,182,In Stock
P0343,S005,1,270,In Stock
P0343,S006,1,151,In Stock
P0343,S008,1,143,In Stock
P0343,S010,1,263,In Stock
P0343,S011,1,201,In Stock
P0343,S013,1,251,In Stock
P0343,S014,1,154,In Stock
P0343,S016,1,168,In Stock
P0343,S018,1,153,In Stock
P0343,S019,1,185,In Stock
P0343,S022,1,118,In Stock
P0343,S023,1,263,In Stock
P0343,S026,1,100,In Stock
P0344,S001,1,85,In Stock
P0344,S002,1,66,In Stock
P0344,S003,2,35,In Stock
P0344,S005,1,26,In Stock
P0344,S007,1,23,In Stock
P0344,S008,1,23,In Stock
P0344,S009,1,78,In Stock
P0344,S012,1,78,In Stock
P0344,S013,4,86,In Stock
P0344,S014,1,63,In Stock
P0344,S015,2,112,In Stock
P0344,S016,1,108,In Stock
P0344,S020,1,80,In Stock
P0344,S021,1,20,In Stock
P0344,S024,1,71,In Stock
P0344,S025,1,64,In Stock
P0344,S026,1,47,In Stock
P0345,S001,1,103,In Stock
P0345,S002,1,29,In Stock
P0345,S003,1,110,In Stock
P0345,S005,1,40,In Stock
P0345,S006,1,50,In Stock
P0345,S007,1,59,In Stock
P0345,S008,1,113,In Stock
P0345,S009,1,88,In Stock
P0345,S010,1,86,In Stock
P0345,S011,1,54,In Stock
P0345,S012,1,35,In Stock
P0345,S013,1,73,In Stock
P0345,S014,1,78,In Stock
P0345,S015,1,97,In Stock
P0345,S016,1,33,In Stock
P0345,S018,1,70,In Stock
P0345,S019,1,90,In Stock
P0345,S020,2,58,In Stock
P0345,S026,1,113,In Stock
P0346,S001,2,42,In Stock
P0346,S002,1,10,In Stock
P0346,S003,1,19,In Stock
P0346,S004,1,23,In Stock
P0346,S005,1,21,In Stock
P0346,S006,1,26,In Stock
P0346,S007,1,11,In Stock
P0346,S008,2,10,In Stock
P0346,S009,1,17,In Stock
P0346,S010,1,8,In Stock
P0346,S011,1,13,In Stock
P0346,S012,1,12,In Stock
P0346,S013,1,22,In Stock
P0346,S014,1,18,In Stock
P0346,S015,1,40,In Stock
P0346,S016,1,15,In Stock
P0346,S017,1,26,In Stock
P0346,S018,0,39,Out of Stock
P0346,S019,2,33,In Stock
P0346,S020,1,16,In Stock
P0346,S021,1,12,In Stock
P0346,S022,1,39,In Stock
P0346,S023,0,34,Out of Stock
P0346,S024,1,32,In Stock
P0346,S025,2,36,In Stock
P0346,S026,1,27,In Stock
P0347,S001,1,99,In Stock
P0347,S002,1,27,In Stock
P0347,S005,1,21,In Stock
P0347,S006,1,91,In Stock
P0347,S007,3,50,In Stock
P0347,S008,1,72,In Stock
P0347,S010,0,63,Out of Stock
P0347,S013,1,55,In Stock
P0347,S015,1,54,In Stock
P0347,S016,1,37,In Stock
P0347,S017,1,41,In Stock
P0347,S018,1,73,In Stock
P0347,S019,1,88,In Stock
P0347,S023,1,42,In Stock
P0347,S026,1,57,In Stock
P0348,S001,1,25,In Stock
P0348,S002,0,86,Out of Stock
P0348,S003,1,108,In Stock
P0348,S005,2,24,In Stock
P0348,S006,1,26,In Stock
P0348,S008,1,78,In Stock
P0348,S009,1,29,In Stock
P0348,S010,1,64,In Stock
P0348,S011,1,55,In Stock
P0348,S013,1,28,In Stock
P0348,S014,1,76,In Stock
P0348,S015,1,42,In Stock
P0348,S019,1,54,In Stock
P0348,S020,1,25,In Stock
P0348,S022,1,88,In Stock
P0348,S023,1,76,In Stock
P0348,S025,1,86,In Stock
P0349,S001,1,25,In Stock
P0349,S002,1,77,In Stock
P0349,S003,3,88,In Stock
P0349,S004,1,32,In Stock
P0349,S005,1,90,In Stock
P0349,S006,1,105,In Stock
P0349,S007,2,47,In Stock
P0349,S008,1,34,In Stock
P0349,S009,1,28,In Stock
P0349,S010,3,47,In Stock
P0349,S011,1,47,In Stock
P0349,S012,3,95,In Stock
P0349,S013,2,113,In Stock
P0349,S015,4,97,In Stock
P0349,S016,2,31,In Stock
P0349,S017,1,43,In Stock
P0349,S018,2,117,In Stock
P0349,S019,2,79,In Stock
P0349,S021,1,50,In Stock
P0349,S026,2,27,In Stock
P0350,S001,2,91,In Stock
P0350,S005,1,47,In Stock
P0350,S006,1,59,In Stock
P0350,S007,2,61,In Stock
P0350,S008,1,20,In Stock
P0350,S009,1,53,In Stock
P0350,S010,1,91,In Stock
P0350,S011,2,34,In Stock
P0350,S013,3,30,In Stock
P0350,S016,1,112,In Stock
P0350,S018,1,58,In Stock
P0350,S019,1,46,In Stock
P0350,S020,1,35,In Stock
P0350,S022,1,97,In Stock
P0350,S023,1,56,In Stock
P0350,S026,0,112,Out of Stock
P0351,S001,1,86,In Stock
P0351,S002,1,62,In Stock
P0351,S005,1,184,In Stock
P0351,S006,1,157,In Stock
P0351,S008,1,158,In Stock
P0351,S009,1,194,In Stock
P0351,S010,1,193,In Stock
P0351,S011,1,121,In Stock
P0351,S012,1,122,In Stock
P0351,S013,1,68,In Stock
P0351,S014,1,251,In Stock
P0351,S015,1,222,In Stock
P0351,S016,1,194,In Stock
P0351,S017,1,233,In Stock
P0351,S019,1,122,In Stock
P0351,S021,1,221,In Stock
P0351,S022,1,179,In Stock
P0351,S023,1,232,In Stock
P0351,S024,1,227,In Stock
P0352,S001,41,286,In Stock
P0352,S002,144,263,In Stock
P0352,S003,43,388,In Stock
P0352,S004,49,242,In Stock
P0352,S005,137,385,In Stock
P0352,S007,31,350,In Stock
P0352,S008,69,214,In Stock
P0352,S009,62,494,In Stock
P0352,S010,74,352,In Stock
P0352,S011,67,194,In Stock
P0352,S013,96,471,In Stock
P0352,S014,146,413,In Stock
P0352,S016,74,540,In Stock
P0352,S017,115,195,In Stock
P0352,S018,103,528,In Stock
P0352,S019,111,220,In Stock
P0352,S020,61,255,In Stock
P0352,S024,98,213,In Stock
P0352,S025,91,352,In Stock
P0352,S026,99,451,In Stock
P0353,S001,1,61,In Stock
P0353,S002,4,79,In Stock
P0353,S003,1,115,In Stock
P0353,S004,0,34,Out of Stock
P0353,S005,1,33,In Stock
P0353,S008,2,108,In Stock
P0353,S009,1,52,In Stock
P0353,S010,2,33,In Stock
P0353,S013,3,47,In Stock
P0353,S014,4,53,In Stock
P0353,S015,2,40,In Stock
P0353,S018,1,61,In Stock
P0353,S019,5,21,In Stock
P0353,S021,3,31,In Stock
P0353,S022,1,104,In Stock
P0353,S023,1,34,In Stock
P0353,S024,1,80,In Stock
P0353,S026,2,108,In Stock
P0354,S001,8,60,In Stock
P0354,S002,1,89,In Stock
P0354,S003,2,81,In Stock
P0354,S005,1,35,In Stock
P0354,S006,3,97,In Stock
P0354,S008,4,78,In Stock
P0354,S009,1,66,In Stock
P0354,S011,1,61,In Stock
P0354,S012,2,75,In Stock
P0354,S013,5,84,In Stock
P0354,S014,2,15,In Stock
P0354,S015,1,67,In Stock
P0354,S016,1,101,In Stock
P0354,S017,1,65,In Stock
P0354,S018,1,70,In Stock
P0354,S019,2,81,In Stock
P0354,S024,1,101,In Stock
P0354,S026,1,40,In Stock
P0355,S001,1,141,In Stock
P0355,S002,1,190,In Stock
P0355,S005,1,197,In Stock
P0355,S006,1,260,In Stock
P0355,S008,3,145,In Stock
P0355,S009,1,197,In Stock
P0355,S011,1,82,In Stock
P0355,S012,1,172,In Stock
P0355,S013,1,181,In Stock
P0355,S017,1,111,In Stock
P0355,S018,1,109,In Stock
P0355,S019,1,189,In Stock
P0355,S021,1,148,In Stock
P0355,S022,1,239,In Stock
P0355,S024,1,95,In Stock
P0356,S001,1,85,In Stock
P0356,S002,2,67,In Stock
P0356,S003,1,226,In Stock
P0356,S005,1,259,In Stock
P0356,S008,1,114,In Stock
P0356,S010,1,234,In Stock
P0356,S011,1,216,In Stock
P0356,S012,1,175,In Stock
P0356,S013,1,100,In Stock
P0356,S014,1,200,In Stock
P0356,S015,1,117,In Stock
P0356,S016,1,150,In Stock
P0356,S018,1,129,In Stock
P0356,S019,0,236,Out of Stock
P0356,S021,1,257,In Stock
P0356,S024,1,193,In Stock
P0356,S025,0,159,Out of Stock
P0357,S001,1,63,In Stock
P0357,S002,1,78,In Stock
P0357,S003,1,33,In Stock
P0357,S005,1,46,In Stock
P0357,S006,1,99,In Stock
P0357,S007,1,60,In Stock
P0357,S008,1,53,In Stock
P0357,S009,1,45,In Stock
P0357,S011,1,81,In Stock
P0357,S013,1,118,In Stock
P0357,S014,1,45,In Stock
P0357,S015,1,93,In Stock
P0357,S016,1,23,In Stock
P0357,S017,1,46,In Stock
P0357,S019,1,90,In Stock
P0357,S020,1,64,In Stock
P0357,S022,1,63,In Stock
P0357,S026,1,39,In Stock
P0358,S001,1,23,In Stock
P0358,S002,1,60,In Stock
P0358,S003,1,43,In Stock
P0358,S006,1,62,In Stock
P0358,S007,1,93,In Stock
P0358,S008,1,27,In Stock
P0358,S009,0,84,Out of Stock
P0358,S010,1,20,In Stock
P0358,S011,1,98,In Stock
P0358,S012,1,47,In Stock
P0358,S013,1,113,In Stock
P0358,S015,1,113,In Stock
P0358,S016,1,53,In Stock
P0358,S017,1,30,In Stock
P0358,S018,1,115,In Stock
P0358,S019,1,49,In Stock
P0358,S020,1,94,In Stock
P0358,S021,1,50,In Stock
P0358,S024,1,33,In Stock
P0359,S001,4,107,In Stock
P0359,S002,3,54,In Stock
P0359,S003,4,87,In Stock
P0359,S004,1,30,In Stock
P0359,S005,4,89,In Stock
P0359,S006,0,86,Out of Stock
P0359,S008,9,93,In Stock
P0359,S010,6,115,In Stock
P0359,S013,8,41,In Stock
P0359,S015,4,73,In Stock
P0359,S016,1,80,In Stock
P0359,S019,12,79,In Stock
P0359,S020,2,78,In Stock
P0359,S021,1,94,In Stock
P0359,S024,2,68,In Stock
P0359,S025,2,115,In Stock
P0360,S001,1,163,In Stock
P0360,S002,1,103,In Stock
P0360,S003,1,106,In Stock
P0360,S004,1,71,In Stock
P0360,S006,1,113,In Stock
P0360,S007,1,260,In Stock
P0360,S008,2,184,In Stock
P0360,S010,1,151,In Stock
P0360,S011,1,196,In Stock
P0360,S012,1,101,In Stock
P0360,S013,1,104,In Stock
P0360,S014,1,153,In Stock
P0360,S015,1,115,In Stock
P0360,S016,1,225,In Stock
P0360,S017,1,98,In Stock
P0360,S018,1,76,In Stock
P0360,S019,1,68,In Stock
P0360,S022,1,185,In Stock
P0360,S024,1,99,In Stock
P0361,S001,1,48,In Stock
P0361,S004,1,101,In Stock
P0361,S005,1,26,In Stock
P0361,S006,1,37,In Stock
P0361,S007,1,74,In Stock
P0361,S008,1,105,In Stock
P0361,S009,1,62,In Stock
P0361,S010,1,88,In Stock
P0361,S012,3,38,In Stock
P0361,S013,1,16,In Stock
P0361,S015,1,109,In Stock
P0361,S018,1,71,In Stock
P0361,S019,1,66,In Stock
P0361,S021,1,19,In Stock
P0361,S024,1,70,In Stock
P0361,S025,1,46,In Stock
P0361,S026,1,82,In Stock
P0362,S001,2,21,In Stock
P0362,S002,1,9,In Stock
P0362,S003,2,36,In Stock
P0362,S004,1,43,In Stock
P0362,S005,2,24,In Stock
P0362,S006,1,35,In Stock
P0362,S007,0,23,Out of Stock
P0362,S008,1,9,In Stock
P0362,S009,2,7,In Stock
P0362,S010,3,31,In Stock
P0362,S011,1,15,In Stock
P0362,S012,1,44,In Stock
P0362,S013,3,9,In Stock
P0362,S014,1,32,In Stock
P0362,S015,2,10,In Stock
P0362,S016,3,16,In Stock
P0362,S017,1,17,In Stock
P0362,S018,1,21,In Stock
P0362,S019,1,22,In Stock
P0362,S020,1,17,In Stock
P0362,S021,1,45,In Stock
P0362,S022,1,38,In Stock
P0362,S023,1,14,In Stock
P0362,S024,1,15,In Stock
P0362,S025,1,20,In Stock
P0362,S026,1,37,In Stock
P0363,S001,1,16,In Stock
P0363,S002,0,10,Out of Stock
P0363,S003,0,13,Out of Stock
P0363,S004,0,14,Out of Stock
P0363,S005,0,17,Out of Stock
P0363,S006,1,18,In Stock
P0363,S007,0,6,Out of Stock
P0363,S008,0,5,Out of Stock
P0363,S009,0,7,Out of Stock
P0363,S010,0,1,Out of Stock
P0363,S011,0,17,Out of Stock
P0363,S012,0,5,Out of Stock
P0363,S013,0,9,Out of Stock
P0363,S014,0,16,Out of Stock
P0363,S015,0,13,Out of Stock
P0363,S016,0,2,Out of Stock
P0363,S017,0,10,Out of Stock
P0363,S018,0,8,Out of Stock
P0363,S019,0,17,Out of Stock
P0363,S020,0,10,Out of Stock
P0363,S021,0,6,Out of Stock
P0363,S022,0,17,Out of Stock
P0363,S023,0,14,Out of Stock
P0363,S024,0,4,Out of Stock
P0363,S025,0,5,Out of Stock
P0363,S026,0,9,Out of Stock
P0364,S001,109,321,In Stock
P0364,S002,133,329,In Stock
P0364,S003,40,312,In Stock
P0364,S006,113,539,In Stock
P0364,S007,128,373,In Stock
P0364,S008,73,478,In Stock
P0364,S009,43,387,In Stock
P0364,S013,72,292,In Stock
P0364,S014,131,390,In Stock
P0364,S015,147,490,In Stock
P0364,S016,90,513,In Stock
P0364,S017,46,406,In Stock
P0364,S019,44,533,In Stock
P0364,S021,98,188,In Stock
P0364,S023,55,494,In Stock
P0364,S024,51,289,In Stock
P0364,S026,146,184,In Stock
P0365,S001,40,236,In Stock
P0365,S002,85,513,In Stock
P0365,S003,116,407,In Stock
P0365,S004,38,393,In Stock
P0365,S005,136,210,In Stock
P0365,S007,60,451,In Stock
P0365,S008,61,515,In Stock
P0365,S009,61,430,In Stock
P0365,S010,107,531,In Stock
P0365,S012,145,525,In Stock
P0365,S013,31,400,In Stock
P0365,S014,121,428,In Stock
P0365,S015,32,327,In Stock
P0365,S016,141,209,In Stock
P0365,S018,84,459,In Stock
P0365,S019,97,482,In Stock
P0365,S021,55,452,In Stock
P0365,S022,51,465,In Stock
P0365,S023,135,437,In Stock
P0365,S025,32,252,In Stock
P0366,S001,1,158,In Stock
P0366,S002,1,142,In Stock
P0366,S003,1,97,In Stock
P0366,S005,1,121,In Stock
P0366,S006,1,121,In Stock
P0366,S007,1,132,In Stock
P0366,S008,1,144,In Stock
P0366,S009,1,269,In Stock
P0366,S011,1,215,In Stock
P0366,S012,1,194,In Stock
P0366,S013,1,201,In Stock
P0366,S014,1,216,In Stock
P0366,S015,1,61,In Stock
P0366,S016,1,82,In Stock
P0366,S017,1,192,In Stock
P0366,S018,1,149,In Stock
P0366,S019,1,264,In Stock
P0366,S020,1,254,In Stock
P0366,S024,1,147,In Stock
P0366,S025,1,207,In Stock
P0367,S001,1,77,In Stock
P0367,S003,1,93,In Stock
P0367,S005,1,63,In Stock
P0367,S006,1,33,In Stock
P0367,S008,1,17,In Stock
P0367,S009,1,57,In Stock
P0367,S010,1,78,In Stock
P0367,S011,1,61,In Stock
P0367,S012,1,114,In Stock
P0367,S013,1,61,In Stock
P0367,S014,0,91,Out of Stock
P0367,S015,1,39,In Stock
P0367,S016,1,89,In Stock
P0367,S019,1,117,In Stock
P0367,S020,1,35,In Stock
P0367,S022,1,26,In Stock
P0367,S024,1,15,In Stock
P0367,S025,1,29,In Stock
P0367,S026,1,29,In Stock
P0368,S001,1,263,In Stock
P0368,S003,1,168,In Stock
P0368,S004,1,257,In Stock
P0368,S005,1,68,In Stock
P0368,S007,1,254,In Stock
P0368,S008,1,250,In Stock
P0368,S009,1,267,In Stock
P0368,S010,1,60,In Stock
P0368,S011,1,158,In Stock
P0368,S012,1,100,In Stock
P0368,S013,1,176,In Stock
P0368,S014,1,134,In Stock
P0368,S015,0,219,Out of Stock
P0368,S016,1,101,In Stock
P0368,S017,0,188,Out of Stock
P0368,S018,1,195,In Stock
P0368,S019,1,200,In Stock
P0368,S021,1,108,In Stock
P0368,S024,1,200,In Stock
P0368,S026,1,117,In Stock
P0369,S001,1,102,In Stock
P0369,S003,1,254,In Stock
P0369,S004,1,257,In Stock
P0369,S005,1,205,In Stock
P0369,S006,1,73,In Stock
P0369,S007,1,102,In Stock
P0369,S008,1,108,In Stock
P0369,S010,1,164,In Stock
P0369,S011,1,67,In Stock
P0369,S013,1,69,In Stock
P0369,S015,1,121,In Stock
P0369,S017,1,221,In Stock
P0369,S018,1,258,In Stock
P0369,S019,1,86,In Stock
P0369,S022,1,118,In Stock
P0369,S024,1,248,In Stock
P0369,S025,1,136,In Stock
P0370,S002,1,67,In Stock
P0370,S003,1,68,In Stock
P0370,S005,1,33,In Stock
P0370,S006,1,79,In Stock
P0370,S007,1,33,In Stock
P0370,S008,1,65,In Stock
P0370,S009,1,111,In Stock
P0370,S010,1,23,In Stock
P0370,S011,1,75,In Stock
P0370,S012,1,30,In Stock
P0370,S013,1,24,In Stock
P0370,S014,1,37,In Stock
P0370,S015,1,45,In Stock
P0370,S018,1,73,In Stock
P0370,S019,1,65,In Stock
P0370,S020,1,113,In Stock
P0370,S021,1,21,In Stock
P0370,S024,1,36,In Stock
P0370,S025,1,59,In Stock
P0371,S001,3,29,In Stock
P0371,S002,1,42,In Stock
P0371,S003,1,16,In Stock
P0371,S004,2,10,In Stock
P0371,S005,2,44,In Stock
P0371,S006,1,39,In Stock
P0371,S007,1,21,In Stock
P0371,S008,2,14,In Stock
P0371,S009,1,28,In Stock
P0371,S010,0,6,Out of Stock
P0371,S011,1,42,In Stock
P0371,S012,1,34,In Stock
P0371,S013,3,20,In Stock
P0371,S014,1,41,In Stock
P0371,S015,1,22,In Stock
P0371,S016,0,25,Out of Stock
P0371,S017,3,23,In Stock
P0371,S018,1,12,In Stock
P0371,S019,1,17,In Stock
P0371,S020,3,33,In Stock
P0371,S021,1,16,In Stock
P0371,S022,1,21,In Stock
P0371,S023,1,35,In Stock
P0371,S024,1,14,In Stock
P0371,S025,1,28,In Stock
P0371,S026,1,16,In Stock
P0372,S001,1,197,In Stock
P0372,S003,1,147,In Stock
P0372,S005,1,267,In Stock
P0372,S006,1,172,In Stock
P0372,S007,1,178,In Stock
P0372,S008,1,97,In Stock
P0372,S009,1,266,In Stock
P0372,S012,1,269,In Stock
P0372,S013,1,95,In Stock
P0372,S014,1,162,In Stock
P0372,S015,1,145,In Stock
P0372,S016,1,69,In Stock
P0372,S019,1,106,In Stock
P0372,S020,1,140,In Stock
P0372,S021,1,87,In Stock
P0372,S023,1,193,In Stock
P0372,S024,1,187,In Stock
P0372,S026,1,250,In Stock
P0373,S001,2,32,In Stock
P0373,S002,1,45,In Stock
P0373,S003,1,34,In Stock
P0373,S004,1,21,In Stock
P0373,S005,2,23,In Stock
P0373,S006,1,19,In Stock
P0373,S007,1,9,In Stock
P0373,S008,1,22,In Stock
P0373,S009,2,33,In Stock
P0373,S010,2,43,In Stock
P0373,S011,3,26,In Stock
P0373,S012,4,19,In Stock
P0373,S013,2,27,In Stock
P0373,S014,3,20,In Stock
P0373,S015,1,36,In Stock
P0373,S016,3,15,In Stock
P0373,S017,1,18,In Stock
P0373,S018,1,7,In Stock
P0373,S019,4,19,In Stock
P0373,S020,1,40,In Stock
P0373,S021,1,42,In Stock
P0373,S022,1,32,In Stock
P0373,S023,1,9,In Stock
P0373,S024,3,22,In Stock
P0373,S025,1,35,In Stock
P0373,S026,1,36,In Stock
P0374,S001,2,47,In Stock
P0374,S002,1,29,In Stock
P0374,S003,1,21,In Stock
P0374,S005,1,97,In Stock
P0374,S006,1,52,In Stock
P0374,S008,1,37,In Stock
P0374,S010,1,53,In Stock
P0374,S011,1,108,In Stock
P0374,S013,1,105,In Stock
P0374,S014,1,109,In Stock
P0374,S016,1,78,In Stock
P0374,S019,1,120,In Stock
P0374,S020,1,40,In Stock
P0374,S021,1,38,In Stock
P0374,S023,1,68,In Stock
P0374,S024,1,17,In Stock
P0375,S001,4,23,In Stock
P0375,S002,1,47,In Stock
P0375,S003,1,31,In Stock
P0375,S004,0,88,Out of Stock
P0375,S005,1,95,In Stock
P0375,S007,1,53,In Stock
P0375,S008,1,20,In Stock
P0375,S009,1,71,In Stock
P0375,S013,2,45,In Stock
P0375,S014,1,57,In Stock
P0375,S018,1,16,In Stock
P0375,S019,2,55,In Stock
P0375,S020,1,116,In Stock
P0375,S021,1,104,In Stock
P0375,S024,1,45,In Stock
P0375,S025,1,21,In Stock
P0375,S026,1,59,In Stock
P0376,S001,1,77,In Stock
P0376,S002,1,80,In Stock
P0376,S003,1,28,In Stock
P0376,S004,1,88,In Stock
P0376,S008,1,94,In Stock
P0376,S010,1,69,In Stock
P0376,S011,1,68,In Stock
P0376,S013,1,29,In Stock
P0376,S014,1,51,In Stock
P0376,S019,1,38,In Stock
P0376,S022,1,95,In Stock
P0376,S024,1,98,In Stock
P0376,S025,1,107,In Stock
P0377,S001,1,63,In Stock
P0377,S002,2,19,In Stock
P0377,S005,1,78,In Stock
P0377,S007,1,91,In Stock
P0377,S008,1,99,In Stock
P0377,S009,1,91,In Stock
P0377,S011,1,41,In Stock
P0377,S012,1,36,In Stock
P0377,S013,1,68,In Stock
P0377,S015,1,92,In Stock
P0377,S017,1,20,In Stock
P0377,S019,0,62,Out of Stock
P0377,S021,1,114,In Stock
P0377,S023,1,74,In Stock
P0377,S024,1,108,In Stock
P0377,S025,1,28,In Stock
P0378,S001,1,120,In Stock
P0378,S002,3,102,In Stock
P0378,S004,1,90,In Stock
P0378,S006,1,40,In Stock
P0378,S007,1,67,In Stock
P0378,S008,0,98,Out of Stock
P0378,S009,1,105,In Stock
P0378,S010,1,91,In Stock
P0378,S011,0,86,Out of Stock
P0378,S012,1,28,In Stock
P0378,S013,1,26,In Stock
P0378,S014,1,69,In Stock
P0378,S016,3,108,In Stock
P0378,S019,2,105,In Stock
P0378,S020,1,67,In Stock
P0379,S001,2,19,In Stock
P0379,S003,2,108,In Stock
P0379,S005,3,34,In Stock
P0379,S007,1,61,In Stock
P0379,S008,2,39,In Stock
P0379,S009,4,17,In Stock
P0379,S010,4,70,In Stock
P0379,S011,1,62,In Stock
P0379,S013,4,33,In Stock
P0379,S014,1,73,In Stock
P0379,S015,1,60,In Stock
P0379,S016,2,79,In Stock
P0379,S017,1,76,In Stock
P0379,S019,2,56,In Stock
P0379,S022,1,111,In Stock
P0379,S024,1,102,In Stock
P0379,S025,1,100,In Stock
P0380,S001,101,311,In Stock
P0380,S003,75,281,In Stock
P0380,S004,100,363,In Stock
P0380,S008,102,398,In Stock
P0380,S009,98,188,In Stock
P0380,S010,150,440,In Stock
P0380,S011,145,306,In Stock
P0380,S012,104,398,In Stock
P0380,S013,111,190,In Stock
P0380,S015,127,274,In Stock
P0380,S017,109,373,In Stock
P0380,S019,109,391,In Stock
P0380,S020,68,500,In Stock
P0380,S021,121,416,In Stock
P0380,S024,69,428,In Stock
P0380,S026,30,215,In Stock
P0381,S001,1,45,In Stock
P0381,S003,2,80,In Stock
P0381,S004,0,93,Out of Stock
P0381,S005,3,88,In Stock
P0381,S006,1,98,In Stock
P0381,S007,1,37,In Stock
P0381,S008,1,65,In Stock
P0381,S010,1,59,In Stock
P0381,S013,1,101,In Stock
P0381,S016,1,22,In Stock
P0381,S018,1,104,In Stock
P0381,S019,2,84,In Stock
P0381,S020,1,20,In Stock
P0381,S021,2,53,In Stock
P0381,S022,1,85,In Stock
P0381,S024,1,56,In Stock
P0381,S025,1,41,In Stock
P0382,S001,3,81,In Stock
P0382,S002,1,44,In Stock
P0382,S003,1,119,In Stock
P0382,S004,1,43,In Stock
P0382,S006,1,118,In Stock
P0382,S007,1,48,In Stock
P0382,S008,2,92,In Stock
P0382,S009,1,64,In Stock
P0382,S010,1,44,In Stock
P0382,S011,2,104,In Stock
P0382,S013,1,22,In Stock
P0382,S014,1,70,In Stock
P0382,S015,1,15,In Stock
P0382,S016,0,81,Out of Stock
P0382,S017,1,105,In Stock
P0382,S019,6,51,In Stock
P0382,S020,2,69,In Stock
P0382,S021,2,25,In Stock
P0382,S023,1,86,In Stock
P0382,S024,2,37,In Stock
P0383,S001,106,270,In Stock
P0383,S002,133,230,In Stock
P0383,S006,60,432,In Stock
P0383,S008,103,393,In Stock
P0383,S009,117,329,In Stock
P0383,S010,49,526,In Stock
P0383,S011,146,536,In Stock
P0383,S012,108,182,In Stock
P0383,S013,34,420,In Stock
P0383,S016,68,534,In Stock
P0383,S019,47,191,In Stock
P0383,S020,34,292,In Stock
P0383,S021,123,254,In Stock
P0383,S022,149,358,In Stock
P0383,S024,32,493,In Stock
P0383,S025,95,250,In Stock
P0384,S001,7,93,In Stock
P0384,S002,1,19,In Stock
P0384,S003,2,93,In Stock
P0384,S004,1,59,In Stock
P0384,S005,2,61,In Stock
P0384,S006,3,49,In Stock
P0384,S007,2,50,In Stock
P0384,S008,2,50,In Stock
P0384,S009,4,89,In Stock
P0384,S011,1,29,In Stock
P0384,S013,1,94,In Stock
P0384,S014,1,27,In Stock
P0384,S016,1,25,In Stock
P0384,S017,3,119,In Stock
P0384,S019,2,66,In Stock
P0384,S020,1,85,In Stock
P0384,S021,0,65,Out of Stock
P0384,S023,1,100,In Stock
P0384,S024,4,58,In Stock
P0384,S025,1,65,In Stock
P0384,S026,1,110,In Stock
P0385,S001,1,115,In Stock
P0385,S003,1,98,In Stock
P0385,S004,1,77,In Stock
P0385,S005,1,109,In Stock
P0385,S006,2,17,In Stock
P0385,S008,1,47,In Stock
P0385,S009,2,90,In Stock
P0385,S010,1,90,In Stock
P0385,S011,1,36,In Stock
P0385,S012,1,106,In Stock
P0385,S013,1,42,In Stock
P0385,S014,1,106,In Stock
P0385,S015,1,116,In Stock
P0385,S016,1,52,In Stock
P0385,S017,1,25,In Stock
P0385,S019,1,83,In Stock
P0385,S021,1,30,In Stock
P0385,S022,1,20,In Stock
P0385,S023,1,115,In Stock
P0385,S026,1,22,In Stock
P0386,S001,71,342,In Stock
P0386,S002,72,204,In Stock
P0386,S003,69,201,In Stock
P0386,S004,135,381,In Stock
P0386,S005,53,189,In Stock
P0386,S006,30,293,In Stock
P0386,S008,59,229,In Stock
P0386,S009,49,281,In Stock
P0386,S010,148,311,In Stock
P0386,S011,69,243,In Stock
P0386,S013,115,440,In Stock
P0386,S015,90,357,In Stock
P0386,S016,111,298,In Stock
P0386,S018,84,194,In Stock
P0386,S019,97,435,In Stock
P0386,S020,122,218,In Stock
P0386,S021,130,208,In Stock
P0386,S022,131,288,In Stock
P0386,S023,135,334,In Stock
P0387,S001,9,28,In Stock
P0387,S002,7,6,In Stock
P0387,S003,3,14,In Stock
P0387,S004,1,27,In Stock
P0387,S005,2,43,In Stock
P0387,S006,1,17,In Stock
P0387,S007,1,26,In Stock
P0387,S008,12,9,In Stock
P0387,S009,5,35,In Stock
P0387,S010,5,45,In Stock
P0387,S011,1,29,In Stock
P0387,S012,3,45,In Stock
P0387,S013,6,24,In Stock
P0387,S014,6,39,In Stock
P0387,S015,2,22,In Stock
P0387,S016,6,5,In Stock
P0387,S017,1,30,In Stock
P0387,S018,1,17,In Stock
P0387,S019,11,31,In Stock
P0387,S020,6,10,In Stock
P0387,S021,2,39,In Stock
P0387,S022,2,16,In Stock
P0387,S023,2,30,In Stock
P0387,S024,5,33,In Stock
P0387,S025,3,13,In Stock
P0387,S026,5,38,In Stock
P0388,S001,1,115,In Stock
P0388,S002,1,25,In Stock
P0388,S003,1,103,In Stock
P0388,S005,1,98,In Stock
P0388,S006,1,105,In Stock
P0388,S007,1,99,In Stock
P0388,S008,0,78,Out of Stock
P0388,S009,1,108,In Stock
P0388,S010,1,59,In Stock
P0388,S013,4,79,In Stock
P0388,S015,1,57,In Stock
P0388,S018,1,33,In Stock
P0388,S019,0,113,Out of Stock
P0388,S020,2,78,In Stock
P0388,S021,1,48,In Stock
P0388,S022,1,116,In Stock
P0388,S024,1,56,In Stock
P0388,S026,1,45,In Stock
P0389,S001,1,79,In Stock
P0389,S002,1,16,In Stock
P0389,S004,1,48,In Stock
P0389,S005,1,88,In Stock
P0389,S006,1,65,In Stock
P0389,S007,1,113,In Stock
P0389,S008,1,86,In Stock
P0389,S009,1,61,In Stock
P0389,S010,1,45,In Stock
P0389,S012,1,62,In Stock
P0389,S013,1,117,In Stock
P0389,S014,1,118,In Stock
P0389,S015,1,107,In Stock
P0389,S017,1,18,In Stock
P0389,S019,1,31,In Stock
P0389,S020,1,18,In Stock
P0389,S021,1,103,In Stock
P0389,S022,1,58,In Stock
P0389,S023,1,56,In Stock
P0389,S024,1,22,In Stock
P0389,S025,1,50,In Stock
P0389,S026,1,50,In Stock
P0390,S003,1,91,In Stock
P0390,S004,1,101,In Stock
P0390,S006,1,128,In Stock
P0390,S008,1,163,In Stock
P0390,S010,1,207,In Stock
P0390,S011,1,211,In Stock
P0390,S013,1,199,In Stock
P0390,S015,1,249,In Stock
P0390,S017,1,111,In Stock
P0390,S018,1,127,In Stock
P0390,S019,1,170,In Stock
P0390,S020,1,63,In Stock
P0390,S021,1,162,In Stock
P0390,S026,1,188,In Stock
P0391,S001,1,95,In Stock
P0391,S002,1,78,In Stock
P0391,S003,1,103,In Stock
P0391,S005,1,39,In Stock
P0391,S007,1,38,In Stock
P0391,S008,3,86,In Stock
P0391,S009,1,66,In Stock
P0391,S010,1,116,In Stock
P0391,S011,2,77,In Stock
P0391,S013,1,56,In Stock
P0391,S017,1,43,In Stock
P0391,S018,1,20,In Stock
P0391,S019,2,75,In Stock
P0391,S020,1,98,In Stock
P0391,S021,0,105,Out of Stock
P0391,S024,3,54,In Stock
P0391,S025,1,56,In Stock
P0391,S026,1,82,In Stock
P0392,S001,1,37,In Stock
P0392,S003,1,87,In Stock
P0392,S004,1,97,In Stock
P0392,S005,1,95,In Stock
P0392,S007,1,77,In Stock
P0392,S008,1,72,In Stock
P0392,S009,1,59,In Stock
P0392,S010,1,108,In Stock
P0392,S011,1,88,In Stock
P0392,S013,1,93,In Stock
P0392,S014,1,88,In Stock
P0392,S016,1,119,In Stock
P0392,S017,1,87,In Stock
P0392,S019,0,50,Out of Stock
P0392,S020,1,91,In Stock
P0392,S026,1,24,In Stock
P0393,S001,131,211,In Stock
P0393,S002,140,275,In Stock
P0393,S006,89,327,In Stock
P0393,S008,30,440,In Stock
P0393,S010,98,455,In Stock
P0393,S011,61,441,In Stock
P0393,S014,111,421,In Stock
P0393,S015,113,322,In Stock
P0393,S017,32,267,In Stock
P0393,S019,125,243,In Stock
P0393,S020,72,332,In Stock
P0393,S022,91,318,In Stock
P0393,S023,100,294,In Stock
P0393,S024,77,401,In Stock
P0394,S001,3,105,In Stock
P0394,S002,1,16,In Stock
P0394,S003,2,65,In Stock
P0394,S004,1,53,In Stock
P0394,S005,1,75,In Stock
P0394,S006,1,67,In Stock
P0394,S008,6,68,In Stock
P0394,S011,1,57,In Stock
P0394,S013,1,15,In Stock
P0394,S014,1,38,In Stock
P0394,S015,1,117,In Stock
P0394,S016,1,104,In Stock
P0394,S018,1,37,In Stock
P0394,S019,4,113,In Stock
P0394,S020,1,34,In Stock
P0394,S021,1,65,In Stock
P0394,S022,1,116,In Stock
P0394,S023,1,68,In Stock
P0394,S024,1,83,In Stock
P0394,S025,1,38,In Stock
P0395,S001,1,15,In Stock
P0395,S002,1,68,In Stock
P0395,S003,0,59,Out of Stock
P0395,S005,1,37,In Stock
P0395,S007,1,66,In Stock
P0395,S008,1,29,In Stock
P0395,S009,1,51,In Stock
P0395,S010,1,27,In Stock
P0395,S011,1,107,In Stock
P0395,S013,1,35,In Stock
P0395,S017,1,112,In Stock
P0395,S018,1,19,In Stock
P0395,S019,1,23,In Stock
P0395,S023,1,70,In Stock
P0395,S024,1,102,In Stock
P0395,S026,1,37,In Stock
P0396,S001,5,15,In Stock
P0396,S003,1,104,In Stock
P0396,S004,1,86,In Stock
P0396,S005,2,19,In Stock
P0396,S006,1,27,In Stock
P0396,S007,1,79,In Stock
P0396,S008,1,30,In Stock
P0396,S011,1,69,In Stock
P0396,S013,3,119,In Stock
P0396,S014,1,20,In Stock
P0396,S015,5,86,In Stock
P0396,S018,2,36,In Stock
P0396,S019,1,96,In Stock
P0396,S020,1,111,In Stock
P0396,S021,1,73,In Stock
P0396,S024,3,43,In Stock
P0397,S001,1,52,In Stock
P0397,S002,1,76,In Stock
P0397,S003,1,111,In Stock
P0397,S004,1,44,In Stock
P0397,S008,1,98,In Stock
P0397,S011,1,56,In Stock
P0397,S013,1,66,In Stock
P0397,S015,1,49,In Stock
P0397,S016,1,51,In Stock
P0397,S018,1,49,In Stock
P0397,S019,1,46,In Stock
P0397,S023,1,109,In Stock
P0397,S024,1,29,In Stock
P0397,S025,1,103,In Stock
P0397,S026,1,114,In Stock
P0398,S001,1,107,In Stock
P0398,S004,1,62,In Stock
P0398,S005,1,47,In Stock
P0398,S006,1,75,In Stock
P0398,S008,1,98,In Stock
P0398,S009,1,110,In Stock
P0398,S010,1,33,In Stock
P0398,S011,1,118,In Stock
P0398,S013,1,24,In Stock
P0398,S014,1,86,In Stock
P0398,S015,1,60,In Stock
P0398,S016,1,57,In Stock
P0398,S018,1,93,In Stock
P0398,S019,3,42,In Stock
P0398,S021,1,64,In Stock
P0398,S022,1,35,In Stock
P0398,S024,1,119,In Stock
P0398,S025,1,40,In Stock
P0399,S001,1,19,In Stock
P0399,S003,5,36,In Stock
P0399,S005,6,79,In Stock
P0399,S006,2,115,In Stock
P0399,S007,1,38,In Stock
P0399,S008,3,82,In Stock
P0399,S009,2,54,In Stock
P0399,S010,1,97,In Stock
P0399,S013,3,97,In Stock
P0399,S014,0,114,Out of Stock
P0399,S016,1,71,In Stock
P0399,S017,2,35,In Stock
P0399,S020,4,89,In Stock
P0399,S024,3,107,In Stock
P0400,S001,9,40,In Stock
P0400,S002,4,15,In Stock
P0400,S003,2,17,In Stock
P0400,S004,1,9,In Stock
P0400,S005,1,23,In Stock
P0400,S006,3,26,In Stock
P0400,S007,2,9,In Stock
P0400,S008,0,31,Out of Stock
P0400,S009,2,13,In Stock
P0400,S010,2,11,In Stock
P0400,S011,5,42,In Stock
P0400,S012,2,16,In Stock
P0400,S013,5,37,In Stock
P0400,S014,1,21,In Stock
P0400,S015,2,22,In Stock
P0400,S016,2,11,In Stock
P0400,S017,1,35,In Stock
P0400,S018,1,37,In Stock
P0400,S019,2,17,In Stock
P0400,S020,3,14,In Stock
P0400,S021,2,28,In Stock
P0400,S022,2,8,In Stock
P0400,S023,1,5,In Stock
P0400,S024,2,28,In Stock
P0400,S025,1,20,In Stock
P0400,S026,1,34,In Stock
P0401,S001,1,22,In Stock
P0401,S005,1,54,In Stock
P0401,S006,1,25,In Stock
P0401,S007,1,72,In Stock
P0401,S008,0,67,Out of Stock
P0401,S009,1,92,In Stock
P0401,S011,1,94,In Stock
P0401,S013,1,57,In Stock
P0401,S015,1,113,In Stock
P0401,S016,1,74,In Stock
P0401,S017,1,119,In Stock
P0401,S018,1,112,In Stock
P0401,S019,1,69,In Stock
P0401,S020,1,80,In Stock
P0401,S021,1,69,In Stock
P0401,S022,1,35,In Stock
P0401,S024,1,69,In Stock
P0401,S025,1,34,In Stock
P0402,S001,1,80,In Stock
P0402,S003,1,18,In Stock
P0402,S006,1,67,In Stock
P0402,S007,1,102,In Stock
P0402,S008,1,55,In Stock
P0402,S010,1,70,In Stock
P0402,S011,2,63,In Stock
P0402,S012,1,112,In Stock
P0402,S013,1,46,In Stock
P0402,S014,1,119,In Stock
P0402,S015,1,85,In Stock
P0402,S016,2,88,In Stock
P0402,S019,1,97,In Stock
P0402,S024,1,28,In Stock
P0402,S026,1,49,In Stock
P0403,S001,1,110,In Stock
P0403,S002,1,68,In Stock
P0403,S003,1,102,In Stock
P0403,S004,1,42,In Stock
P0403,S006,1,18,In Stock
P0403,S007,1,96,In Stock
P0403,S008,1,70,In Stock
P0403,S009,1,80,In Stock
P0403,S010,1,100,In Stock
P0403,S012,1,57,In Stock
P0403,S013,1,86,In Stock
P0403,S014,1,104,In Stock
P0403,S015,1,82,In Stock
P0403,S016,1,38,In Stock
P0403,S018,1,89,In Stock
P0403,S019,1,50,In Stock
P0403,S020,1,47,In Stock
P0403,S021,1,119,In Stock
P0403,S022,1,95,In Stock
P0403,S023,1,93,In Stock
P0404,S001,1,26,In Stock
P0404,S002,1,30,In Stock
P0404,S003,1,19,In Stock
P0404,S004,1,18,In Stock
P0404,S005,3,36,In Stock
P0404,S006,1,13,In Stock
P0404,S007,1,21,In Stock
P0404,S008,1,40,In Stock
P0404,S009,1,11,In Stock
P0404,S010,1,29,In Stock
P0404,S011,1,36,In Stock
P0404,S012,1,12,In Stock
P0404,S013,1,26,In Stock
P0404,S014,1,5,In Stock
P0404,S015,1,25,In Stock
P0404,S016,2,28,In Stock
P0404,S017,1,37,In Stock
P0404,S018,0,5,Out of Stock
P0404,S019,1,20,In Stock
P0404,S020,1,18,In Stock
P0404,S021,1,8,In Stock
P0404,S022,2,6,In Stock
P0404,S023,1,33,In Stock
P0404,S024,1,11,In Stock
P0404,S025,1,12,In Stock
P0404,S026,1,40,In Stock
P0405,S001,1,80,In Stock
P0405,S002,1,17,In Stock
P0405,S004,1,68,In Stock
P0405,S005,1,31,In Stock
P0405,S006,1,66,In Stock
P0405,S007,1,51,In Stock
P0405,S008,2,42,In Stock
P0405,S011,2,33,In Stock
P0405,S012,1,95,In Stock
P0405,S013,2,105,In Stock
P0405,S015,2,39,In Stock
P0405,S017,1,20,In Stock
P0405,S018,1,35,In Stock
P0405,S019,1,78,In Stock
P0405,S020,0,27,Out of Stock
P0405,S022,1,15,In Stock
P0405,S023,1,93,In Stock
P0405,S024,1,96,In Stock
P0406,S001,1,66,In Stock
P0406,S002,1,48,In Stock
P0406,S003,1,109,In Stock
P0406,S005,1,66,In Stock
P0406,S006,1,72,In Stock
P0406,S007,1,63,In Stock
P0406,S008,1,117,In Stock
P0406,S009,1,62,In Stock
P0406,S010,1,73,In Stock
P0406,S011,1,69,In Stock
P0406,S012,1,76,In Stock
P0406,S013,1,56,In Stock
P0406,S014,1,40,In Stock
P0406,S015,2,83,In Stock
P0406,S016,1,94,In Stock
P0406,S018,1,18,In Stock
P0406,S019,1,53,In Stock
P0406,S021,1,116,In Stock
P0406,S024,1,50,In Stock
P0406,S025,1,32,In Stock
P0406,S026,1,59,In Stock
P0407,S001,1,32,In Stock
P0407,S002,1,32,In Stock
P0407,S003,2,18,In Stock
P0407,S005,1,85,In Stock
P0407,S006,1,116,In Stock
P0407,S008,1,64,In Stock
P0407,S009,1,42,In Stock
P0407,S011,1,48,In Stock
P0407,S013,1,82,In Stock
P0407,S014,3,26,In Stock
P0407,S017,1,98,In Stock
P0407,S019,1,80,In Stock
P0407,S020,1,37,In Stock
P0407,S023,2,68,In Stock
P0407,S025,1,78,In Stock
P0407,S026,1,20,In Stock
P0408,S001,1,113,In Stock
P0408,S003,1,51,In Stock
P0408,S005,1,103,In Stock
P0408,S006,1,120,In Stock
P0408,S007,1,114,In Stock
P0408,S008,1,27,In Stock
P0408,S010,1,76,In Stock
P0408,S013,1,78,In Stock
P0408,S014,1,114,In Stock
P0408,S015,1,89,In Stock
P0408,S016,1,61,In Stock
P0408,S017,1,71,In Stock
P0408,S019,1,38,In Stock
P0408,S020,1,30,In Stock
P0408,S021,1,107,In Stock
P0408,S022,1,72,In Stock
P0408,S023,1,66,In Stock
P0408,S025,1,93,In Stock
P0408,S026,1,24,In Stock
P0409,S001,1,48,In Stock
P0409,S002,1,16,In Stock
P0409,S003,1,49,In Stock
P0409,S004,1,100,In Stock
P0409,S005,1,79,In Stock
P0409,S006,1,85,In Stock
P0409,S007,1,48,In Stock
P0409,S008,2,108,In Stock
P0409,S009,1,49,In Stock
P0409,S010,1,50,In Stock
P0409,S011,1,96,In Stock
P0409,S012,1,63,In Stock
P0409,S013,1,91,In Stock
P0409,S014,2,35,In Stock
P0409,S016,1,44,In Stock
P0409,S017,1,58,In Stock
P0409,S018,1,105,In Stock
P0409,S019,1,41,In Stock
P0409,S020,1,69,In Stock
P0409,S023,1,116,In Stock
P0409,S025,1,33,In Stock
P0409,S026,1,90,In Stock
P0410,S001,1,142,In Stock
P0410,S002,1,186,In Stock
P0410,S003,1,128,In Stock
P0410,S006,1,209,In Stock
P0410,S008,1,187,In Stock
P0410,S009,1,190,In Stock
P0410,S010,1,241,In Stock
P0410,S011,1,270,In Stock
P0410,S012,1,77,In Stock
P0410,S013,1,171,In Stock
P0410,S014,1,180,In Stock
P0410,S015,1,222,In Stock
P0410,S016,1,91,In Stock
P0410,S017,1,96,In Stock
P0410,S019,1,266,In Stock
P0410,S021,1,253,In Stock
P0410,S022,1,166,In Stock
P0410,S024,1,196,In Stock
P0410,S026,1,194,In Stock
P0411,S001,1,96,In Stock
P0411,S002,1,60,In Stock
P0411,S003,1,94,In Stock
P0411,S004,1,16,In Stock
P0411,S005,1,38,In Stock
P0411,S006,1,74,In Stock
P0411,S007,1,55,In Stock
P0411,S008,4,52,In Stock
P0411,S009,1,25,In Stock
P0411,S010,1,104,In Stock
P0411,S011,1,48,In Stock
P0411,S012,1,53,In Stock
P0411,S013,1,117,In Stock
P0411,S014,1,80,In Stock
P0411,S015,1,117,In Stock
P0411,S017,1,86,In Stock
P0411,S019,2,91,In Stock
P0411,S020,1,109,In Stock
P0411,S021,1,54,In Stock
P0411,S022,1,92,In Stock
P0411,S025,1,91,In Stock
P0411,S026,1,15,In Stock
P0412,S001,83,540,In Stock
P0412,S002,64,292,In Stock
P0412,S003,67,236,In Stock
P0412,S004,94,264,In Stock
P0412,S005,136,375,In Stock
P0412,S008,148,209,In Stock
P0412,S010,120,532,In Stock
P0412,S011,59,339,In Stock
P0412,S012,103,507,In Stock
P0412,S013,124,471,In Stock
P0412,S016,131,224,In Stock
P0412,S019,122,535,In Stock
P0412,S020,99,511,In Stock
P0412,S021,149,293,In Stock
P0412,S024,69,253,In Stock
P0412,S025,72,310,In Stock
P0413,S001,1,100,In Stock
P0413,S003,1,67,In Stock
P0413,S004,1,40,In Stock
P0413,S005,1,90,In Stock
P0413,S006,1,40,In Stock
P0413,S007,1,24,In Stock
P0413,S008,1,25,In Stock
P0413,S009,1,48,In Stock
P0413,S010,1,119,In Stock
P0413,S011,1,93,In Stock
P0413,S012,1,109,In Stock
P0413,S014,1,90,In Stock
P0413,S015,1,53,In Stock
P0413,S016,1,32,In Stock
P0413,S019,1,67,In Stock
P0413,S024,1,46,In Stock
P0413,S026,1,117,In Stock
P0414,S001,1,40,In Stock
P0414,S004,1,21,In Stock
P0414,S006,1,43,In Stock
P0414,S007,1,19,In Stock
P0414,S008,1,61,In Stock
P0414,S009,1,110,In Stock
P0414,S011,1,55,In Stock
P0414,S012,1,50,In Stock
P0414,S013,1,21,In Stock
P0414,S015,1,59,In Stock
P0414,S016,1,50,In Stock
P0414,S019,0,80,Out of Stock
P0414,S020,1,42,In Stock
P0414,S022,1,55,In Stock
P0414,S024,1,109,In Stock
P0414,S026,1,61,In Stock
P0415,S001,1,73,In Stock
P0415,S002,1,18,In Stock
P0415,S003,1,39,In Stock
P0415,S008,1,48,In Stock
P0415,S009,1,110,In Stock
P0415,S010,1,16,In Stock
P0415,S011,1,76,In Stock
P0415,S013,1,63,In Stock
P0415,S014,1,65,In Stock
P0415,S015,1,67,In Stock
P0415,S016,1,94,In Stock
P0415,S017,1,25,In Stock
P0415,S019,1,19,In Stock
P0415,S022,1,59,In Stock
P0415,S024,1,43,In Stock
P0416,S001,2,109,In Stock
P0416,S002,1,26,In Stock
P0416,S005,1,46,In Stock
P0416,S006,1,81,In Stock
P0416,S007,1,105,In Stock
P0416,S008,2,86,In Stock
P0416,S010,1,105,In Stock
P0416,S013,5,88,In Stock
P0416,S014,1,98,In Stock
P0416,S015,1,70,In Stock
P0416,S016,1,86,In Stock
P0416,S017,1,69,In Stock
P0416,S018,1,88,In Stock
P0416,S019,1,28,In Stock
P0416,S020,2,36,In Stock
P0416,S021,1,80,In Stock
P0416,S022,1,27,In Stock
P0416,S024,1,53,In Stock
P0416,S026,1,51,In Stock
P0417,S001,5,16,In Stock
P0417,S002,3,6,In Stock
P0417,S003,2,43,In Stock
P0417,S004,1,16,In Stock
P0417,S005,1,31,In Stock
P0417,S006,1,44,In Stock
P0417,S007,1,44,In Stock
P0417,S008,1,18,In Stock
P0417,S009,1,42,In Stock
P0417,S010,0,35,Out of Stock
P0417,S011,3,28,In Stock
P0417,S012,1,25,In Stock
P0417,S013,1,18,In Stock
P0417,S014,2,7,In Stock
P0417,S015,1,34,In Stock
P0417,S016,1,43,In Stock
P0417,S017,1,38,In Stock
P0417,S018,1,5,In Stock
P0417,S019,8,44,In Stock
P0417,S020,2,39,In Stock
P0417,S021,0,26,Out of Stock
P0417,S022,1,33,In Stock
P0417,S023,2,42,In Stock
P0417,S024,2,27,In Stock
P0417,S025,1,27,In Stock
P0417,S026,2,43,In Stock
P0418,S002,110,199,In Stock
P0418,S003,145,394,In Stock
P0418,S004,87,459,In Stock
P0418,S005,123,206,In Stock
P0418,S006,33,205,In Stock
P0418,S007,102,429,In Stock
P0418,S008,108,366,In Stock
P0418,S009,69,494,In Stock
P0418,S010,146,440,In Stock
P0418,S011,117,296,In Stock
P0418,S013,97,510,In Stock
P0418,S014,44,386,In Stock
P0418,S016,147,529,In Stock
P0418,S017,129,461,In Stock
P0418,S019,110,345,In Stock
P0418,S020,30,225,In Stock
P0418,S022,79,490,In Stock
P0418,S023,38,357,In Stock
P0419,S001,1,24,In Stock
P0419,S002,2,43,In Stock
P0419,S003,5,43,In Stock
P0419,S004,2,11,In Stock
P0419,S005,2,31,In Stock
P0419,S006,2,27,In Stock
P0419,S007,1,5,In Stock
P0419,S008,0,25,Out of Stock
P0419,S009,4,34,In Stock
P0419,S010,5,42,In Stock
P0419,S011,1,45,In Stock
P0419,S012,5,21,In Stock
P0419,S013,9,45,In Stock
P0419,S014,1,18,In Stock
P0419,S015,7,38,In Stock
P0419,S016,1,16,In Stock
P0419,S017,1,24,In Stock
P0419,S018,2,25,In Stock
P0419,S019,8,33,In Stock
P0419,S020,4,21,In Stock
P0419,S021,9,24,In Stock
P0419,S022,1,34,In Stock
P0419,S023,3,14,In Stock
P0419,S024,3,30,In Stock
P0419,S025,1,25,In Stock
P0419,S026,1,29,In Stock
P0420,S001,2,79,In Stock
P0420,S003,1,37,In Stock
P0420,S005,3,55,In Stock
P0420,S006,1,109,In Stock
P0420,S007,2,32,In Stock
P0420,S008,1,96,In Stock
P0420,S011,1,37,In Stock
P0420,S013,1,48,In Stock
P0420,S015,1,103,In Stock
P0420,S016,1,77,In Stock
P0420,S017,1,113,In Stock
P0420,S019,6,65,In Stock
P0420,S021,1,34,In Stock
P0420,S026,1,116,In Stock
P0421,S001,1,31,In Stock
P0421,S003,1,30,In Stock
P0421,S004,1,98,In Stock
P0421,S005,1,30,In Stock
P0421,S006,1,107,In Stock
P0421,S008,0,55,Out of Stock
P0421,S009,1,34,In Stock
P0421,S011,1,33,In Stock
P0421,S012,1,113,In Stock
P0421,S013,1,63,In Stock
P0421,S016,1,71,In Stock
P0421,S019,1,90,In Stock
P0421,S020,3,102,In Stock
P0421,S022,2,106,In Stock
P0421,S024,1,108,In Stock
P0422,S001,1,47,In Stock
P0422,S002,1,82,In Stock
P0422,S003,1,120,In Stock
P0422,S004,1,111,In Stock
P0422,S008,1,91,In Stock
P0422,S009,1,24,In Stock
P0422,S011,1,26,In Stock
P0422,S013,1,118,In Stock
P0422,S015,1,109,In Stock
P0422,S016,1,96,In Stock
P0422,S017,1,113,In Stock
P0422,S019,1,53,In Stock
P0422,S020,1,45,In Stock
P0422,S023,1,44,In Stock
P0422,S024,0,39,Out of Stock
P0422,S025,1,60,In Stock
P0423,S001,1,194,In Stock
P0423,S002,1,101,In Stock
P0423,S005,1,174,In Stock
P0423,S006,1,171,In Stock
P0423,S007,1,162,In Stock
P0423,S008,1,238,In Stock
P0423,S009,1,128,In Stock
P0423,S010,1,204,In Stock
P0423,S011,1,249,In Stock
P0423,S013,1,224,In Stock
P0423,S015,1,253,In Stock
P0423,S022,1,164,In Stock
P0423,S023,1,207,In Stock
P0423,S024,1,224,In Stock
P0424,S001,1,36,In Stock
P0424,S002,1,14,In Stock
P0424,S003,1,35,In Stock
P0424,S004,1,30,In Stock
P0424,S005,1,12,In Stock
P0424,S006,1,35,In Stock
P0424,S007,1,31,In Stock
P0424,S008,1,44,In Stock
P0424,S009,1,30,In Stock
P0424,S010,1,37,In Stock
P0424,S011,1,13,In Stock
P0424,S012,1,15,In Stock
P0424,S013,1,30,In Stock
P0424,S014,1,20,In Stock
P0424,S015,1,27,In Stock
P0424,S016,1,44,In Stock
P0424,S017,1,44,In Stock
P0424,S018,1,37,In Stock
P0424,S019,2,33,In Stock
P0424,S020,1,36,In Stock
P0424,S021,2,40,In Stock
P0424,S022,1,18,In Stock
P0424,S023,1,5,In Stock
P0424,S024,1,20,In Stock
P0424,S025,1,14,In Stock
P0424,S026,1,21,In Stock
P0425,S001,41,442,In Stock
P0425,S002,39,384,In Stock
P0425,S003,49,343,In Stock
P0425,S005,80,411,In Stock
P0425,S006,149,538,In Stock
P0425,S007,145,425,In Stock
P0425,S008,33,425,In Stock
P0425,S009,87,190,In Stock
P0425,S011,145,286,In Stock
P0425,S012,121,458,In Stock
P0425,S013,59,537,In Stock
P0425,S014,99,345,In Stock
P0425,S016,42,467,In Stock
P0425,S018,78,455,In Stock
P0425,S019,112,221,In Stock
P0425,S020,125,428,In Stock
P0425,S021,77,368,In Stock
P0425,S022,118,252,In Stock
P0425,S025,74,496,In Stock
P0426,S001,1,46,In Stock
P0426,S002,1,96,In Stock
P0426,S003,1,99,In Stock
P0426,S004,1,69,In Stock
P0426,S005,1,98,In Stock
P0426,S006,1,120,In Stock
P0426,S008,1,94,In Stock
P0426,S010,1,27,In Stock
P0426,S012,1,26,In Stock
P0426,S013,1,27,In Stock
P0426,S014,1,90,In Stock
P0426,S015,1,85,In Stock
P0426,S016,1,35,In Stock
P0426,S017,1,61,In Stock
P0426,S018,1,86,In Stock
P0426,S019,1,102,In Stock
P0426,S020,1,76,In Stock
P0426,S021,0,102,Out of Stock
P0426,S022,1,39,In Stock
P0426,S024,1,106,In Stock
P0426,S026,1,96,In Stock
P0427,S001,129,400,In Stock
P0427,S003,118,330,In Stock
P0427,S005,61,281,In Stock
P0427,S006,141,237,In Stock
P0427,S007,43,325,In Stock
P0427,S008,117,370,In Stock
P0427,S009,45,302,In Stock
P0427,S010,137,444,In Stock
P0427,S011,60,365,In Stock
P0427,S012,39,488,In Stock
P0427,S013,108,354,In Stock
P0427,S014,40,489,In Stock
P0427,S018,150,507,In Stock
P0427,S019,47,501,In Stock
P0427,S023,102,433,In Stock
P0427,S024,127,459,In Stock
P0427,S025,110,345,In Stock
P0427,S026,89,532,In Stock
P0428,S002,147,483,In Stock
P0428,S004,147,434,In Stock
P0428,S008,101,447,In Stock
P0428,S010,112,525,In Stock
P0428,S011,112,266,In Stock
P0428,S013,65,212,In Stock
P0428,S014,110,405,In Stock
P0428,S015,126,242,In Stock
P0428,S016,58,253,In Stock
P0428,S017,106,370,In Stock
P0428,S018,55,467,In Stock
P0428,S019,108,434,In Stock
P0428,S020,106,468,In Stock
P0428,S022,125,454,In Stock
P0428,S024,64,352,In Stock
P0429,S001,1,153,In Stock
P0429,S002,1,135,In Stock
P0429,S003,1,159,In Stock
P0429,S005,1,159,In Stock
P0429,S007,1,175,In Stock
P0429,S008,1,246,In Stock
P0429,S009,1,95,In Stock
P0429,S011,1,195,In Stock
P0429,S012,1,139,In Stock
P0429,S014,1,83,In Stock
P0429,S015,1,225,In Stock
P0429,S019,1,98,In Stock
P0429,S022,1,103,In Stock
P0429,S023,1,117,In Stock
P0429,S024,1,212,In Stock
P0430,S001,0,33,Out of Stock
P0430,S002,1,41,In Stock
P0430,S003,0,107,Out of Stock
P0430,S004,1,61,In Stock
P0430,S005,1,48,In Stock
P0430,S006,1,71,In Stock
P0430,S007,1,102,In Stock
P0430,S008,3,50,In Stock
P0430,S010,1,80,In Stock
P0430,S011,1,56,In Stock
P0430,S012,1,88,In Stock
P0430,S013,1,24,In Stock
P0430,S014,1,77,In Stock
P0430,S017,1,77,In Stock
P0430,S018,1,43,In Stock
P0430,S021,1,76,In Stock
P0430,S022,1,55,In Stock
P0430,S024,1,78,In Stock
P0430,S025,1,47,In Stock
P0431,S001,1,63,In Stock
P0431,S002,1,45,In Stock
P0431,S003,1,55,In Stock
P0431,S004,1,101,In Stock
P0431,S005,1,61,In Stock
P0431,S006,1,50,In Stock
P0431,S008,0,22,Out of Stock
P0431,S009,1,98,In Stock
P0431,S011,1,65,In Stock
P0431,S012,1,85,In Stock
P0431,S014,1,83,In Stock
P0431,S016,1,95,In Stock
P0431,S019,3,112,In Stock
P0431,S020,1,75,In Stock
P0431,S021,1,61,In Stock
P0431,S026,1,22,In Stock
P0432,S001,1,53,In Stock
P0432,S002,1,41,In Stock
P0432,S003,1,100,In Stock
P0432,S004,1,38,In Stock
P0432,S006,1,115,In Stock
P0432,S007,1,107,In Stock
P0432,S008,1,50,In Stock
P0432,S009,1,63,In Stock
P0432,S010,1,20,In Stock
P0432,S013,1,104,In Stock
P0432,S016,1,49,In Stock
P0432,S018,1,50,In Stock
P0432,S019,1,32,In Stock
P0432,S020,1,57,In Stock
P0432,S021,1,87,In Stock
P0432,S022,1,58,In Stock
P0432,S024,1,118,In Stock
P0432,S026,1,84,In Stock
P0433,S001,1,39,In Stock
P0433,S002,1,18,In Stock
P0433,S003,1,24,In Stock
P0433,S004,1,38,In Stock
P0433,S006,1,79,In Stock
P0433,S007,1,115,In Stock
P0433,S008,1,49,In Stock
P0433,S009,1,61,In Stock
P0433,S010,1,71,In Stock
P0433,S011,1,25,In Stock
P0433,S012,1,118,In Stock
P0433,S013,4,62,In Stock
P0433,S014,1,99,In Stock
P0433,S015,1,25,In Stock
P0433,S016,1,120,In Stock
P0433,S019,1,73,In Stock
P0433,S020,1,89,In Stock
P0433,S022,1,62,In Stock
P0433,S023,1,35,In Stock
P0433,S024,1,41,In Stock
P0434,S001,1,22,In Stock
P0434,S002,1,42,In Stock
P0434,S003,1,83,In Stock
P0434,S004,1,48,In Stock
P0434,S005,1,109,In Stock
P0434,S006,1,63,In Stock
P0434,S008,1,54,In Stock
P0434,S009,1,25,In Stock
P0434,S010,0,87,Out of Stock
P0434,S012,1,22,In Stock
P0434,S013,0,95,Out of Stock
P0434,S014,1,78,In Stock
P0434,S015,1,34,In Stock
P0434,S016,1,16,In Stock
P0434,S017,1,76,In Stock
P0434,S018,1,111,In Stock
P0434,S019,1,77,In Stock
P0434,S020,1,41,In Stock
P0434,S021,1,53,In Stock
P0434,S022,1,21,In Stock
P0434,S024,1,104,In Stock
P0434,S025,1,86,In Stock
P0435,S001,1,25,In Stock
P0435,S003,1,62,In Stock
P0435,S005,1,119,In Stock
P0435,S006,1,79,In Stock
P0435,S008,1,70,In Stock
P0435,S009,1,96,In Stock
P0435,S011,1,60,In Stock
P0435,S013,1,115,In Stock
P0435,S015,1,96,In Stock
P0435,S016,1,95,In Stock
P0435,S017,1,90,In Stock
P0435,S019,1,76,In Stock
P0435,S021,1,63,In Stock
P0435,S023,1,48,In Stock
P0435,S026,1,30,In Stock
P0436,S001,0,15,Out of Stock
P0436,S002,0,4,Out of Stock
P0436,S003,0,1,Out of Stock
P0436,S004,0,11,Out of Stock
P0436,S005,0,14,Out of Stock
P0436,S006,0,7,Out of Stock
P0436,S007,0,8,Out of Stock
P0436,S008,0,4,Out of Stock
P0436,S009,0,19,Out of Stock
P0436,S010,0,6,Out of Stock
P0436,S011,1,15,In Stock
P0436,S012,0,1,Out of Stock
P0436,S013,0,9,Out of Stock
P0436,S014,0,1,Out of Stock
P0436,S015,0,11,Out of Stock
P0436,S016,0,11,Out of Stock
P0436,S017,0,15,Out of Stock
P0436,S018,0,1,Out of Stock
P0436,S019,1,10,In Stock
P0436,S020,0,1,Out of Stock
P0436,S021,0,10,Out of Stock
P0436,S022,0,15,Out of Stock
P0436,S023,1,1,In Stock
P0436,S024,0,18,Out of Stock
P0436,S025,1,16,In Stock
P0436,S026,0,9,Out of Stock
P0437,S001,36,332,In Stock
P0437,S002,46,337,In Stock
P0437,S003,45,253,In Stock
P0437,S005,125,414,In Stock
P0437,S006,96,214,In Stock
P0437,S007,101,290,In Stock
P0437,S008,109,188,In Stock
P0437,S011,108,389,In Stock
P0437,S013,99,206,In Stock
P0437,S015,76,474,In Stock
P0437,S016,113,532,In Stock
P0437,S019,91,299,In Stock
P0437,S020,32,403,In Stock
P0437,S021,63,264,In Stock
P0437,S022,125,221,In Stock
P0437,S024,104,294,In Stock
P0438,S001,1,107,In Stock
P0438,S002,4,80,In Stock
P0438,S003,5,24,In Stock
P0438,S004,3,44,In Stock
P0438,S005,1,94,In Stock
P0438,S006,5,48,In Stock
P0438,S007,3,46,In Stock
P0438,S008,5,34,In Stock
P0438,S009,3,16,In Stock
P0438,S010,1,26,In Stock
P0438,S011,3,56,In Stock
P0438,S013,6,103,In Stock
P0438,S015,1,48,In Stock
P0438,S016,1,19,In Stock
P0438,S017,1,120,In Stock
P0438,S019,3,51,In Stock
P0438,S020,4,37,In Stock
P0438,S021,2,58,In Stock
P0438,S022,3,22,In Stock
P0438,S023,1,116,In Stock
P0438,S025,2,100,In Stock
P0439,S001,1,222,In Stock
P0439,S002,1,245,In Stock
P0439,S004,1,197,In Stock
P0439,S005,1,73,In Stock
P0439,S006,1,175,In Stock
P0439,S008,1,169,In Stock
P0439,S009,1,139,In Stock
P0439,S011,0,269,Out of Stock
P0439,S012,0,134,Out of Stock
P0439,S013,1,180,In Stock
P0439,S014,1,180,In Stock
P0439,S015,1,154,In Stock
P0439,S016,1,175,In Stock
P0439,S017,1,249,In Stock
P0439,S019,1,224,In Stock
P0439,S020,1,62,In Stock
P0439,S022,1,218,In Stock
P0439,S023,1,129,In Stock
P0439,S024,1,164,In Stock
P0439,S025,1,77,In Stock
P0440,S001,1,55,In Stock
P0440,S003,1,30,In Stock
P0440,S004,1,31,In Stock
P0440,S005,1,97,In Stock
P0440,S006,1,114,In Stock
P0440,S007,1,65,In Stock
P0440,S008,1,107,In Stock
P0440,S009,1,71,In Stock
P0440,S011,1,61,In Stock
P0440,S013,1,102,In Stock
P0440,S015,0,53,Out of Stock
P0440,S016,1,40,In Stock
P0440,S017,1,35,In Stock
P0440,S019,1,31,In Stock
P0440,S020,1,34,In Stock
P0440,S021,0,93,Out of Stock
P0440,S023,1,61,In Stock
P0440,S024,1,93,In Stock
P0440,S025,1,47,In Stock
P0440,S026,1,76,In Stock
P0441,S001,1,27,In Stock
P0441,S002,1,12,In Stock
P0441,S003,3,42,In Stock
P0441,S004,1,32,In Stock
P0441,S005,1,18,In Stock
P0441,S006,1,19,In Stock
P0441,S007,1,43,In Stock
P0441,S008,1,35,In Stock
P0441,S009,1,38,In Stock
P0441,S010,2,35,In Stock
P0441,S011,1,32,In Stock
P0441,S012,1,17,In Stock
P0441,S013,3,37,In Stock
P0441,S014,1,26,In Stock
P0441,S015,1,20,In Stock
P0441,S016,1,20,In Stock
P0441,S017,1,43,In Stock
P0441,S018,1,23,In Stock
P0441,S019,1,15,In Stock
P0441,S020,1,21,In Stock
P0441,S021,1,11,In Stock
P0441,S022,1,7,In Stock
P0441,S023,1,27,In Stock
P0441,S024,1,32,In Stock
P0441,S025,1,24,In Stock
P0441,S026,1,32,In Stock
P0442,S001,1,73,In Stock
P0442,S002,1,211,In Stock
P0442,S003,1,121,In Stock
P0442,S004,1,261,In Stock
P0442,S008,1,89,In Stock
P0442,S009,1,221,In Stock
P0442,S010,1,173,In Stock
P0442,S011,1,212,In Stock
P0442,S013,1,110,In Stock
P0442,S014,1,137,In Stock
P0442,S016,1,203,In Stock
P0442,S017,1,135,In Stock
P0442,S019,1,67,In Stock
P0442,S021,1,115,In Stock
P0442,S023,1,252,In Stock
P0442,S026,1,252,In Stock
P0443,S001,1,199,In Stock
P0443,S003,1,140,In Stock
P0443,S006,1,197,In Stock
P0443,S008,1,227,In Stock
P0443,S009,1,147,In Stock
P0443,S010,1,146,In Stock
P0443,S011,1,126,In Stock
P0443,S012,1,172,In Stock
P0443,S013,1,120,In Stock
P0443,S014,1,265,In Stock
P0443,S015,1,124,In Stock
P0443,S016,1,92,In Stock
P0443,S018,1,214,In Stock
P0443,S019,1,195,In Stock
P0443,S021,1,195,In Stock
P0443,S024,1,107,In Stock
P0443,S026,1,111,In Stock
P0444,S001,2,30,In Stock
P0444,S002,1,57,In Stock
P0444,S005,1,78,In Stock
P0444,S007,2,60,In Stock
P0444,S008,3,102,In Stock
P0444,S009,1,51,In Stock
P0444,S011,3,29,In Stock
P0444,S013,1,95,In Stock
P0444,S014,2,53,In Stock
P0444,S015,1,116,In Stock
P0444,S017,1,90,In Stock
P0444,S019,3,104,In Stock
P0444,S020,1,24,In Stock
P0444,S022,1,120,In Stock
P0444,S023,2,37,In Stock
P0444,S024,3,108,In Stock
P0444,S026,1,80,In Stock
P0445,S001,80,532,In Stock
P0445,S002,38,415,In Stock
P0445,S003,43,459,In Stock
P0445,S004,87,339,In Stock
P0445,S005,102,438,In Stock
P0445,S006,116,491,In Stock
P0445,S007,75,373,In Stock
P0445,S008,57,480,In Stock
P0445,S009,109,230,In Stock
P0445,S011,142,220,In Stock
P0445,S012,128,385,In Stock
P0445,S013,90,492,In Stock
P0445,S014,99,456,In Stock
P0445,S016,65,446,In Stock
P0445,S018,71,429,In Stock
P0445,S019,63,180,In Stock
P0445,S020,70,539,In Stock
P0445,S024,135,430,In Stock
P0445,S025,137,439,In Stock
P0446,S001,1,44,In Stock
P0446,S005,1,117,In Stock
P0446,S006,1,21,In Stock
P0446,S007,1,66,In Stock
P0446,S008,1,82,In Stock
P0446,S009,1,85,In Stock
P0446,S010,1,100,In Stock
P0446,S011,1,83,In Stock
P0446,S012,1,26,In Stock
P0446,S014,1,110,In Stock
P0446,S015,1,85,In Stock
P0446,S016,1,105,In Stock
P0446,S018,1,58,In Stock
P0446,S019,1,101,In Stock
P0446,S021,1,21,In Stock
P0446,S024,1,19,In Stock
P0447,S001,34,473,In Stock
P0447,S002,110,537,In Stock
P0447,S003,55,430,In Stock
P0447,S005,74,375,In Stock
P0447,S007,118,274,In Stock
P0447,S008,99,421,In Stock
P0447,S009,75,509,In Stock
P0447,S010,107,325,In Stock
P0447,S011,133,263,In Stock
P0447,S013,73,205,In Stock
P0447,S014,59,429,In Stock
P0447,S015,36,520,In Stock
P0447,S017,119,265,In Stock
P0447,S018,54,185,In Stock
P0447,S019,132,422,In Stock
P0447,S020,96,492,In Stock
P0447,S021,109,537,In Stock
P0447,S022,58,456,In Stock
P0447,S024,141,472,In Stock
P0447,S025,68,488,In Stock
P0447,S026,39,286,In Stock
P0448,S001,1,59,In Stock
P0448,S003,1,113,In Stock
P0448,S004,2,105,In Stock
P0448,S005,1,111,In Stock
P0448,S006,1,52,In Stock
P0448,S007,1,74,In Stock
P0448,S008,1,77,In Stock
P0448,S009,1,93,In Stock
P0448,S013,1,74,In Stock
P0448,S015,1,119,In Stock
P0448,S016,1,17,In Stock
P0448,S017,1,46,In Stock
P0448,S018,1,114,In Stock
P0448,S019,2,119,In Stock
P0448,S020,1,42,In Stock
P0448,S021,1,100,In Stock
P0448,S022,2,63,In Stock
P0448,S024,1,93,In Stock
P0448,S026,1,47,In Stock
P0449,S001,1,105,In Stock
P0449,S003,1,22,In Stock
P0449,S005,1,74,In Stock
P0449,S006,1,31,In Stock
P0449,S008,1,69,In Stock
P0449,S011,1,34,In Stock
P0449,S012,1,44,In Stock
P0449,S013,1,117,In Stock
P0449,S015,1,103,In Stock
P0449,S016,1,96,In Stock
P0449,S018,1,52,In Stock
P0449,S019,1,69,In Stock
P0449,S020,1,46,In Stock
P0449,S022,1,30,In Stock
P0449,S024,1,26,In Stock
P0450,S001,1,77,In Stock
P0450,S003,4,79,In Stock
P0450,S004,1,43,In Stock
P0450,S006,1,55,In Stock
P0450,S007,1,46,In Stock
P0450,S008,2,101,In Stock
P0450,S009,1,18,In Stock
P0450,S010,0,43,Out of Stock
P0450,S011,1,34,In Stock
P0450,S013,1,85,In Stock
P0450,S015,1,23,In Stock
P0450,S016,1,29,In Stock
P0450,S017,2,33,In Stock
P0450,S019,0,109,Out of Stock
P0450,S020,1,31,In Stock
P0450,S022,1,83,In Stock
P0450,S023,1,77,In Stock
P0450,S024,1,42,In Stock
P0450,S025,1,52,In Stock
P0451,S001,1,33,In Stock
P0451,S002,1,12,In Stock
P0451,S003,1,30,In Stock
P0451,S004,1,10,In Stock
P0451,S005,2,33,In Stock
P0451,S006,1,28,In Stock
P0451,S007,1,11,In Stock
P0451,S008,6,24,In Stock
P0451,S009,1,23,In Stock
P0451,S010,1,45,In Stock
P0451,S011,1,13,In Stock
P0451,S012,2,18,In Stock
P0451,S013,1,32,In Stock
P0451,S014,1,35,In Stock
P0451,S015,0,8,Out of Stock
P0451,S016,1,23,In Stock
P0451,S017,1,14,In Stock
P0451,S018,1,7,In Stock
P0451,S019,2,17,In Stock
P0451,S020,1,12,In Stock
P0451,S021,1,30,In Stock
P0451,S022,1,8,In Stock
P0451,S023,1,36,In Stock
P0451,S024,1,34,In Stock
P0451,S025,1,43,In Stock
P0451,S026,1,16,In Stock
P0452,S001,1,104,In Stock
P0452,S005,1,36,In Stock
P0452,S008,1,45,In Stock
P0452,S009,1,72,In Stock
P0452,S010,1,19,In Stock
P0452,S011,1,75,In Stock
P0452,S013,1,57,In Stock
P0452,S014,1,67,In Stock
P0452,S015,1,51,In Stock
P0452,S016,0,70,Out of Stock
P0452,S019,1,85,In Stock
P0452,S020,1,46,In Stock
P0452,S021,1,17,In Stock
P0452,S023,1,41,In Stock
P0452,S024,1,109,In Stock
P0452,S026,1,91,In Stock
P0453,S001,1,32,In Stock
P0453,S002,2,45,In Stock
P0453,S005,1,48,In Stock
P0453,S006,4,119,In Stock
P0453,S008,1,33,In Stock
P0453,S010,2,104,In Stock
P0453,S011,3,32,In Stock
P0453,S012,1,120,In Stock
P0453,S013,0,81,Out of Stock
P0453,S014,1,56,In Stock
P0453,S017,2,21,In Stock
P0453,S018,1,33,In Stock
P0453,S019,3,19,In Stock
P0453,S020,2,78,In Stock
P0453,S023,2,120,In Stock
P0453,S024,1,108,In Stock
P0453,S026,0,76,Out of Stock
P0454,S001,4,111,In Stock
P0454,S002,3,28,In Stock
P0454,S003,2,116,In Stock
P0454,S004,1,20,In Stock
P0454,S005,1,103,In Stock
P0454,S006,1,117,In Stock
P0454,S007,1,72,In Stock
P0454,S008,6,116,In Stock
P0454,S009,2,24,In Stock
P0454,S010,1,92,In Stock
P0454,S011,0,66,Out of Stock
P0454,S012,1,48,In Stock
P0454,S013,3,62,In Stock
P0454,S014,1,21,In Stock
P0454,S015,1,102,In Stock
P0454,S016,1,62,In Stock
P0454,S019,3,90,In Stock
P0454,S020,1,119,In Stock
P0454,S024,1,108,In Stock
P0455,S004,1,217,In Stock
P0455,S005,1,175,In Stock
P0455,S006,1,94,In Stock
P0455,S008,1,137,In Stock
P0455,S009,1,127,In Stock
P0455,S010,1,216,In Stock
P0455,S011,0,257,Out of Stock
P0455,S013,1,237,In Stock
P0455,S014,1,253,In Stock
P0455,S015,1,122,In Stock
P0455,S016,1,248,In Stock
P0455,S017,1,260,In Stock
P0455,S018,1,86,In Stock
P0455,S019,1,114,In Stock
P0455,S020,1,186,In Stock
P0455,S021,1,170,In Stock
P0455,S022,1,168,In Stock
P0455,S023,1,111,In Stock
P0455,S024,1,67,In Stock
P0455,S026,1,266,In Stock
P0456,S001,1,112,In Stock
P0456,S002,1,95,In Stock
P0456,S005,1,120,In Stock
P0456,S006,2,108,In Stock
P0456,S008,1,39,In Stock
P0456,S010,1,55,In Stock
P0456,S012,1,105,In Stock
P0456,S013,1,92,In Stock
P0456,S014,1,103,In Stock
P0456,S017,1,35,In Stock
P0456,S018,1,94,In Stock
P0456,S020,1,90,In Stock
P0456,S021,1,78,In Stock
P0456,S022,1,65,In Stock
P0457,S001,1,103,In Stock
P0457,S003,1,91,In Stock
P0457,S004,1,61,In Stock
P0457,S005,1,108,In Stock
P0457,S007,1,115,In Stock
P0457,S008,1,61,In Stock
P0457,S009,1,62,In Stock
P0457,S010,1,20,In Stock
P0457,S011,1,99,In Stock
P0457,S013,1,58,In Stock
P0457,S016,1,23,In Stock
P0457,S018,1,27,In Stock
P0457,S019,1,106,In Stock
P0457,S021,1,16,In Stock
P0457,S025,1,96,In Stock
P0457,S026,1,99,In Stock
P0458,S001,1,72,In Stock
P0458,S002,2,77,In Stock
P0458,S003,1,117,In Stock
P0458,S005,1,89,In Stock
P0458,S006,1,60,In Stock
P0458,S008,4,94,In Stock
P0458,S009,1,115,In Stock
P0458,S010,3,108,In Stock
P0458,S011,1,76,In Stock
P0458,S012,1,115,In Stock
P0458,S014,1,76,In Stock
P0458,S015,1,41,In Stock
P0458,S017,1,53,In Stock
P0458,S019,4,32,In Stock
P0458,S022,3,27,In Stock
P0458,S024,1,30,In Stock
P0458,S026,1,77,In Stock
P0459,S001,1,85,In Stock
P0459,S002,1,89,In Stock
P0459,S003,1,74,In Stock
P0459,S005,1,89,In Stock
P0459,S007,1,26,In Stock
P0459,S008,1,33,In Stock
P0459,S009,1,80,In Stock
P0459,S010,1,64,In Stock
P0459,S011,1,102,In Stock
P0459,S013,1,34,In Stock
P0459,S015,1,64,In Stock
P0459,S017,1,33,In Stock
P0459,S019,2,74,In Stock
P0459,S021,1,25,In Stock
P0459,S022,1,87,In Stock
P0459,S023,1,49,In Stock
P0459,S024,1,113,In Stock
P0460,S001,1,38,In Stock
P0460,S002,5,45,In Stock
P0460,S003,2,33,In Stock
P0460,S004,4,44,In Stock
P0460,S005,2,22,In Stock
P0460,S006,5,29,In Stock
P0460,S007,1,36,In Stock
P0460,S008,4,11,In Stock
P0460,S009,7,8,In Stock
P0460,S010,2,11,In Stock
P0460,S011,1,45,In Stock
P0460,S012,1,39,In Stock
P0460,S013,5,35,In Stock
P0460,S014,4,34,In Stock
P0460,S015,2,27,In Stock
P0460,S016,3,18,In Stock
P0460,S017,2,21,In Stock
P0460,S018,3,33,In Stock
P0460,S019,9,44,In Stock
P0460,S020,0,5,Out of Stock
P0460,S021,3,36,In Stock
P0460,S022,4,23,In Stock
P0460,S023,1,36,In Stock
P0460,S024,4,25,In Stock
P0460,S025,2,27,In Stock
P0460,S026,4,26,In Stock
P0461,S001,10,53,In Stock
P0461,S003,3,68,In Stock
P0461,S006,2,50,In Stock
P0461,S007,1,99,In Stock
P0461,S008,4,68,In Stock
P0461,S009,2,62,In Stock
P0461,S013,6,68,In Stock
P0461,S014,5,41,In Stock
P0461,S015,3,120,In Stock
P0461,S016,1,27,In Stock
P0461,S017,1,83,In Stock
P0461,S018,2,33,In Stock
P0461,S023,2,81,In Stock
P0461,S026,1,48,In Stock
P0462,S001,0,10,Out of Stock
P0462,S002,0,14,Out of Stock
P0462,S003,0,1,Out of Stock
P0462,S004,0,2,Out of Stock
P0462,S005,0,13,Out of Stock
P0462,S006,1,9,In Stock
P0462,S007,0,19,Out of Stock
P0462,S008,0,1,Out of Stock
P0462,S009,0,11,Out of Stock
P0462,S010,0,7,Out of Stock
P0462,S011,0,10,Out of Stock
P0462,S012,0,1,Out of Stock
P0462,S013,0,20,Out of Stock
P0462,S014,1,15,In Stock
P0462,S015,0,8,Out of Stock
P0462,S016,0,18,Out of Stock
P0462,S017,0,2,Out of Stock
P0462,S018,0,3,Out of Stock
P0462,S019,0,18,Out of Stock
P0462,S020,0,14,Out of Stock
P0462,S021,0,20,Out of Stock
P0462,S022,0,17,Out of Stock
P0462,S023,0,13,Out of Stock
P0462,S024,0,1,Out of Stock
P0462,S025,0,17,Out of Stock
P0462,S026,0,11,Out of Stock
P0463,S001,0,15,Out of Stock
P0463,S002,1,17,In Stock
P0463,S003,0,15,Out of Stock
P0463,S004,0,2,Out of Stock
P0463,S005,0,1,Out of Stock
P0463,S006,1,17,In Stock
P0463,S007,0,16,Out of Stock
P0463,S008,0,1,Out of Stock
P0463,S009,0,17,Out of Stock
P0463,S010,0,3,Out of Stock
P0463,S011,0,20,Out of Stock
P0463,S012,0,14,Out of Stock
P0463,S013,0,2,Out of Stock
P0463,S014,0,18,Out of Stock
P0463,S015,0,4,Out of Stock
P0463,S016,0,20,Out of Stock
P0463,S017,0,17,Out of Stock
P0463,S018,0,11,Out of Stock
P0463,S019,0,17,Out of Stock
P0463,S020,0,6,Out of Stock
P0463,S021,1,4,In Stock
P0463,S022,1,18,In Stock
P0463,S023,0,10,Out of Stock
P0463,S024,0,19,Out of Stock
P0463,S025,0,11,Out of Stock
P0463,S026,0,20,Out of Stock
P0464,S001,1,112,In Stock
P0464,S002,1,74,In Stock
P0464,S003,1,88,In Stock
P0464,S004,1,109,In Stock
P0464,S005,3,31,In Stock
P0464,S006,1,50,In Stock
P0464,S008,3,36,In Stock
P0464,S009,1,43,In Stock
P0464,S011,3,55,In Stock
P0464,S012,2,94,In Stock
P0464,S013,2,24,In Stock
P0464,S015,1,55,In Stock
P0464,S016,1,82,In Stock
P0464,S017,1,18,In Stock
P0464,S021,1,115,In Stock
P0464,S022,1,91,In Stock
P0464,S024,2,38,In Stock
P0465,S001,2,1,In Stock
P0465,S002,0,2,Out of Stock
P0465,S003,0,14,Out of Stock
P0465,S004,0,1,Out of Stock
P0465,S005,1,4,In Stock
P0465,S006,1,13,In Stock
P0465,S007,1,9,In Stock
P0465,S008,0,11,Out of Stock
P0465,S009,0,13,Out of Stock
P0465,S010,1,5,In Stock
P0465,S011,0,5,Out of Stock
P0465,S012,0,5,Out of Stock
P0465,S013,1,13,In Stock
P0465,S014,3,8,In Stock
P0465,S015,1,3,In Stock
P0465,S016,2,11,In Stock
P0465,S017,0,19,Out of Stock
P0465,S018,0,6,Out of Stock
P0465,S019,0,1,Out of Stock
P0465,S020,0,12,Out of Stock
P0465,S021,0,7,Out of Stock
P0465,S022,0,4,Out of Stock
P0465,S023,0,16,Out of Stock
P0465,S024,0,6,Out of Stock
P0465,S025,0,17,Out of Stock
P0465,S026,0,5,Out of Stock
P0466,S001,1,120,In Stock
P0466,S002,1,247,In Stock
P0466,S003,1,137,In Stock
P0466,S004,1,118,In Stock
P0466,S005,1,97,In Stock
P0466,S006,1,131,In Stock
P0466,S008,0,133,Out of Stock
P0466,S009,1,111,In Stock
P0466,S010,1,206,In Stock
P0466,S011,1,100,In Stock
P0466,S013,1,142,In Stock
P0466,S014,1,154,In Stock
P0466,S015,1,87,In Stock
P0466,S016,1,210,In Stock
P0466,S017,1,143,In Stock
P0466,S019,1,249,In Stock
P0466,S020,1,226,In Stock
P0466,S021,1,264,In Stock
P0466,S024,1,188,In Stock
P0467,S001,1,236,In Stock
P0467,S002,1,95,In Stock
P0467,S003,1,119,In Stock
P0467,S005,1,170,In Stock
P0467,S007,1,146,In Stock
P0467,S008,1,184,In Stock
P0467,S010,1,121,In Stock
P0467,S011,1,198,In Stock
P0467,S012,1,210,In Stock
P0467,S016,1,155,In Stock
P0467,S017,0,225,Out of Stock
P0467,S019,1,203,In Stock
P0467,S020,0,66,Out of Stock
P0467,S023,1,198,In Stock
P0467,S024,1,113,In Stock
P0468,S001,1,15,In Stock
P0468,S002,0,15,Out of Stock
P0468,S003,0,12,Out of Stock
P0468,S004,0,3,Out of Stock
P0468,S005,1,20,In Stock
P0468,S006,0,1,Out of Stock
P0468,S007,1,19,In Stock
P0468,S008,0,5,Out of Stock
P0468,S009,0,8,Out of Stock
P0468,S010,0,9,Out of Stock
P0468,S011,1,17,In Stock
P0468,S012,0,13,Out of Stock
P0468,S013,0,18,Out of Stock
P0468,S014,0,19,Out of Stock
P0468,S015,0,18,Out of Stock
P0468,S016,0,9,Out of Stock
P0468,S017,1,4,In Stock
P0468,S018,0,18,Out of Stock
P0468,S019,1,18,In Stock
P0468,S020,0,5,Out of Stock
P0468,S021,0,9,Out of Stock
P0468,S022,0,19,Out of Stock
P0468,S023,0,11,Out of Stock
P0468,S024,0,15,Out of Stock
P0468,S025,0,2,Out of Stock
P0468,S026,0,16,Out of Stock
P0469,S001,1,47,In Stock
P0469,S002,1,82,In Stock
P0469,S003,1,71,In Stock
P0469,S005,1,29,In Stock
P0469,S006,2,112,In Stock
P0469,S008,1,83,In Stock
P0469,S011,1,83,In Stock
P0469,S013,3,67,In Stock
P0469,S014,2,53,In Stock
P0469,S015,1,69,In Stock
P0469,S019,0,73,Out of Stock
P0469,S024,1,81,In Stock
P0470,S001,0,17,Out of Stock
P0470,S002,0,3,Out of Stock
P0470,S003,1,1,In Stock
P0470,S004,0,17,Out of Stock
P0470,S005,0,11,Out of Stock
P0470,S006,0,1,Out of Stock
P0470,S007,0,19,Out of Stock
P0470,S008,4,10,In Stock
P0470,S009,1,4,In Stock
P0470,S010,0,7,Out of Stock
P0470,S011,2,10,In Stock
P0470,S012,0,18,Out of Stock
P0470,S013,1,13,In Stock
P0470,S014,0,9,Out of Stock
P0470,S015,0,17,Out of Stock
P0470,S016,1,3,In Stock
P0470,S017,0,17,Out of Stock
P0470,S018,0,13,Out of Stock
P0470,S019,0,1,Out of Stock
P0470,S020,1,2,In Stock
P0470,S021,0,3,Out of Stock
P0470,S022,0,1,Out of Stock
P0470,S023,0,17,Out of Stock
P0470,S024,0,12,Out of Stock
P0470,S025,0,12,Out of Stock
P0470,S026,1,12,In Stock
P0471,S001,1,64,In Stock
P0471,S002,1,80,In Stock
P0471,S003,1,105,In Stock
P0471,S004,1,109,In Stock
P0471,S005,1,22,In Stock
P0471,S006,1,42,In Stock
P0471,S008,1,75,In Stock
P0471,S009,1,108,In Stock
P0471,S010,1,62,In Stock
P0471,S011,1,109,In Stock
P0471,S012,1,98,In Stock
P0471,S013,1,88,In Stock
P0471,S014,1,115,In Stock
P0471,S015,1,83,In Stock
P0471,S017,1,116,In Stock
P0471,S018,1,68,In Stock
P0471,S019,1,105,In Stock
P0471,S020,1,82,In Stock
P0471,S022,1,15,In Stock
P0471,S023,2,59,In Stock
P0471,S024,1,112,In Stock
P0472,S001,9,36,In Stock
P0472,S002,4,12,In Stock
P0472,S003,5,28,In Stock
P0472,S004,2,10,In Stock
P0472,S005,2,11,In Stock
P0472,S006,4,25,In Stock
P0472,S007,2,41,In Stock
P0472,S008,6,9,In Stock
P0472,S009,4,18,In Stock
P0472,S010,2,31,In Stock
P0472,S011,4,31,In Stock
P0472,S012,5,8,In Stock
P0472,S013,9,24,In Stock
P0472,S014,3,42,In Stock
P0472,S015,2,27,In Stock
P0472,S016,1,34,In Stock
P0472,S017,1,40,In Stock
P0472,S018,2,39,In Stock
P0472,S019,6,28,In Stock
P0472,S020,2,16,In Stock
P0472,S021,5,17,In Stock
P0472,S022,2,41,In Stock
P0472,S023,1,5,In Stock
P0472,S024,5,6,In Stock
P0472,S025,2,32,In Stock
P0472,S026,3,44,In Stock
P0473,S001,93,480,In Stock
P0473,S003,76,241,In Stock
P0473,S005,111,388,In Stock
P0473,S006,59,536,In Stock
P0473,S008,85,322,In Stock
P0473,S009,40,501,In Stock
P0473,S010,58,334,In Stock
P0473,S011,68,332,In Stock
P0473,S013,75,233,In Stock
P0473,S014,131,280,In Stock
P0473,S018,149,259,In Stock
P0473,S019,84,305,In Stock
P0473,S021,126,364,In Stock
P0473,S022,114,488,In Stock
P0473,S023,75,243,In Stock
P0473,S024,78,491,In Stock
P0473,S025,145,324,In Stock
P0473,S026,138,497,In Stock
P0474,S001,1,71,In Stock
P0474,S002,1,18,In Stock
P0474,S003,1,23,In Stock
P0474,S005,1,117,In Stock
P0474,S006,1,32,In Stock
P0474,S007,1,100,In Stock
P0474,S009,1,65,In Stock
P0474,S010,1,114,In Stock
P0474,S013,1,22,In Stock
P0474,S014,1,59,In Stock
P0474,S016,1,22,In Stock
P0474,S019,1,76,In Stock
P0474,S023,1,106,In Stock
P0474,S024,1,112,In Stock
P0474,S025,1,100,In Stock
P0475,S001,1,53,In Stock
P0475,S002,1,45,In Stock
P0475,S003,0,46,Out of Stock
P0475,S006,1,96,In Stock
P0475,S007,1,50,In Stock
P0475,S009,1,80,In Stock
P0475,S010,1,63,In Stock
P0475,S011,1,57,In Stock
P0475,S013,2,105,In Stock
P0475,S014,1,23,In Stock
P0475,S015,1,92,In Stock
P0475,S019,1,45,In Stock
P0475,S020,1,71,In Stock
P0475,S022,1,20,In Stock
P0475,S023,1,66,In Stock
P0475,S024,2,26,In Stock
P0475,S025,1,54,In Stock
P0476,S001,0,20,Out of Stock
P0476,S002,0,7,Out of Stock
P0476,S003,0,18,Out of Stock
P0476,S004,0,7,Out of Stock
P0476,S005,0,18,Out of Stock
P0476,S006,0,19,Out of Stock
P0476,S007,0,18,Out of Stock
P0476,S008,0,9,Out of Stock
P0476,S009,0,5,Out of Stock
P0476,S010,0,19,Out of Stock
P0476,S011,0,18,Out of Stock
P0476,S012,1,5,In Stock
P0476,S013,0,19,Out of Stock
P0476,S014,0,10,Out of Stock
P0476,S015,0,14,Out of Stock
P0476,S016,0,7,Out of Stock
P0476,S017,0,12,Out of Stock
P0476,S018,0,12,Out of Stock
P0476,S019,1,6,In Stock
P0476,S020,0,12,Out of Stock
P0476,S021,0,14,Out of Stock
P0476,S022,0,19,Out of Stock
P0476,S023,0,11,Out of Stock
P0476,S024,0,15,Out of Stock
P0476,S025,0,13,Out of Stock
P0476,S026,0,1,Out of Stock
P0477,S001,1,30,In Stock
P0477,S004,1,34,In Stock
P0477,S005,1,99,In Stock
P0477,S006,1,47,In Stock
P0477,S008,1,117,In Stock
P0477,S009,1,55,In Stock
P0477,S011,1,87,In Stock
P0477,S012,1,44,In Stock
P0477,S013,1,16,In Stock
P0477,S014,1,51,In Stock
P0477,S015,1,33,In Stock
P0477,S017,1,87,In Stock
P0477,S019,2,102,In Stock
P0477,S020,1,69,In Stock
P0477,S025,1,120,In Stock
P0478,S001,1,68,In Stock
P0478,S002,1,116,In Stock
P0478,S003,1,98,In Stock
P0478,S005,1,90,In Stock
P0478,S006,1,104,In Stock
P0478,S007,1,120,In Stock
P0478,S008,1,39,In Stock
P0478,S009,1,112,In Stock
P0478,S010,0,90,Out of Stock
P0478,S011,1,34,In Stock
P0478,S012,1,49,In Stock
P0478,S013,1,88,In Stock
P0478,S015,1,60,In Stock
P0478,S016,0,101,Out of Stock
P0478,S017,1,115,In Stock
P0478,S019,2,100,In Stock
P0478,S021,1,71,In Stock
P0478,S022,1,63,In Stock
P0478,S023,1,90,In Stock
P0478,S024,1,94,In Stock
P0478,S025,1,51,In Stock
P0478,S026,1,87,In Stock
P0479,S001,1,71,In Stock
P0479,S002,1,109,In Stock
P0479,S004,1,40,In Stock
P0479,S005,1,57,In Stock
P0479,S006,1,103,In Stock
P0479,S008,1,21,In Stock
P0479,S009,1,46,In Stock
P0479,S010,2,105,In Stock
P0479,S011,1,19,In Stock
P0479,S013,1,95,In Stock
P0479,S014,1,99,In Stock
P0479,S015,1,115,In Stock
P0479,S016,1,92,In Stock
P0479,S017,1,99,In Stock
P0479,S018,1,102,In Stock
P0479,S019,1,53,In Stock
P0479,S020,1,23,In Stock
P0479,S021,1,45,In Stock
P0479,S024,1,78,In Stock
P0479,S025,2,78,In Stock
P0479,S026,1,95,In Stock
P0480,S001,1,202,In Stock
P0480,S004,1,93,In Stock
P0480,S006,1,89,In Stock
P0480,S007,1,237,In Stock
P0480,S008,1,213,In Stock
P0480,S009,1,239,In Stock
P0480,S010,0,79,Out of Stock
P0480,S011,1,133,In Stock
P0480,S013,0,109,Out of Stock
P0480,S014,1,69,In Stock
P0480,S016,1,262,In Stock
P0480,S017,1,94,In Stock
P0480,S019,1,196,In Stock
P0480,S021,1,178,In Stock
P0480,S023,0,218,Out of Stock
P0480,S025,1,177,In Stock
P0481,S001,5,15,In Stock
P0481,S002,7,12,In Stock
P0481,S003,6,33,In Stock
P0481,S004,1,30,In Stock
P0481,S005,4,9,In Stock
P0481,S006,1,34,In Stock
P0481,S007,2,7,In Stock
P0481,S008,5,40,In Stock
P0481,S009,1,24,In Stock
P0481,S010,3,43,In Stock
P0481,S011,3,15,In Stock
P0481,S012,3,27,In Stock
P0481,S013,2,26,In Stock
P0481,S014,7,15,In Stock
P0481,S015,4,12,In Stock
P0481,S016,2,32,In Stock
P0481,S017,1,41,In Stock
P0481,S018,1,13,In Stock
P0481,S019,10,45,In Stock
P0481,S020,1,7,In Stock
P0481,S021,1,24,In Stock
P0481,S022,0,13,Out of Stock
P0481,S023,1,17,In Stock
P0481,S024,1,11,In Stock
P0481,S025,2,24,In Stock
P0481,S026,1,16,In Stock
P0482,S001,1,11,In Stock
P0482,S002,0,12,Out of Stock
P0482,S003,0,13,Out of Stock
P0482,S004,0,17,Out of Stock
P0482,S005,2,16,In Stock
P0482,S006,0,12,Out of Stock
P0482,S007,0,9,Out of Stock
P0482,S008,0,3,Out of Stock
P0482,S009,0,19,Out of Stock
P0482,S010,0,1,Out of Stock
P0482,S011,0,5,Out of Stock
P0482,S012,0,6,Out of Stock
P0482,S013,1,3,In Stock
P0482,S014,0,1,Out of Stock
P0482,S015,0,4,Out of Stock
P0482,S016,0,5,Out of Stock
P0482,S017,0,16,Out of Stock
P0482,S018,1,6,In Stock
P0482,S019,1,6,In Stock
P0482,S020,0,17,Out of Stock
P0482,S021,0,13,Out of Stock
P0482,S022,1,19,In Stock
P0482,S023,0,16,Out of Stock
P0482,S024,0,11,Out of Stock
P0482,S025,0,20,Out of Stock
P0482,S026,0,19,Out of Stock
P0483,S001,1,51,In Stock
P0483,S002,3,86,In Stock
P0483,S003,1,108,In Stock
P0483,S005,2,66,In Stock
P0483,S006,1,107,In Stock
P0483,S008,1,111,In Stock
P0483,S010,1,45,In Stock
P0483,S012,1,82,In Stock
P0483,S013,5,55,In Stock
P0483,S014,2,94,In Stock
P0483,S016,1,73,In Stock
P0483,S019,4,27,In Stock
P0483,S020,2,24,In Stock
P0483,S022,1,17,In Stock
P0483,S024,2,120,In Stock
P0484,S001,1,112,In Stock
P0484,S002,1,97,In Stock
P0484,S005,1,53,In Stock
P0484,S006,1,73,In Stock
P0484,S008,3,29,In Stock
P0484,S009,1,119,In Stock
P0484,S011,1,94,In Stock
P0484,S012,1,38,In Stock
P0484,S013,2,73,In Stock
P0484,S016,1,105,In Stock
P0484,S018,1,20,In Stock
P0484,S019,10,95,In Stock
P0484,S020,1,17,In Stock
P0484,S024,1,17,In Stock
P0485,S001,140,358,In Stock
P0485,S002,115,411,In Stock
P0485,S003,119,306,In Stock
P0485,S005,34,384,In Stock
P0485,S006,95,242,In Stock
P0485,S008,30,234,In Stock
P0485,S009,148,492,In Stock
P0485,S010,98,458,In Stock
P0485,S011,125,242,In Stock
P0485,S012,40,319,In Stock
P0485,S014,96,254,In Stock
P0485,S018,112,249,In Stock
P0485,S019,80,393,In Stock
P0485,S020,130,211,In Stock
P0485,S021,147,347,In Stock
P0485,S022,31,387,In Stock
P0485,S025,52,229,In Stock
P0486,S001,92,402,In Stock
P0486,S003,74,488,In Stock
P0486,S004,90,423,In Stock
P0486,S008,69,259,In Stock
P0486,S009,100,425,In Stock
P0486,S011,148,403,In Stock
P0486,S013,117,321,In Stock
P0486,S014,121,448,In Stock
P0486,S015,47,252,In Stock
P0486,S016,43,209,In Stock
P0486,S017,138,527,In Stock
P0486,S019,53,431,In Stock
P0486,S021,131,374,In Stock
P0486,S022,124,354,In Stock
P0486,S024,76,450,In Stock
P0487,S001,148,422,In Stock
P0487,S002,139,287,In Stock
P0487,S003,96,426,In Stock
P0487,S004,44,263,In Stock
P0487,S005,77,247,In Stock
P0487,S006,102,477,In Stock
P0487,S007,133,324,In Stock
P0487,S008,98,280,In Stock
P0487,S009,117,217,In Stock
P0487,S010,70,458,In Stock
P0487,S011,66,520,In Stock
P0487,S012,54,254,In Stock
P0487,S013,88,476,In Stock
P0487,S014,148,245,In Stock
P0487,S016,139,438,In Stock
P0487,S019,90,499,In Stock
P0487,S021,63,397,In Stock
P0487,S022,59,252,In Stock
P0487,S023,87,376,In Stock
P0487,S026,115,432,In Stock
P0488,S001,0,8,Out of Stock
P0488,S002,0,1,Out of Stock
P0488,S003,0,10,Out of Stock
P0488,S004,1,2,In Stock
P0488,S005,0,12,Out of Stock
P0488,S006,0,18,Out of Stock
P0488,S007,0,11,Out of Stock
P0488,S008,0,4,Out of Stock
P0488,S009,0,15,Out of Stock
P0488,S010,0,2,Out of Stock
P0488,S011,1,2,In Stock
P0488,S012,0,9,Out of Stock
P0488,S013,0,5,Out of Stock
P0488,S014,0,19,Out of Stock
P0488,S015,0,5,Out of Stock
P0488,S016,0,8,Out of Stock
P0488,S017,0,15,Out of Stock
P0488,S018,0,18,Out of Stock
P0488,S019,1,4,In Stock
P0488,S020,1,6,In Stock
P0488,S021,0,8,Out of Stock
P0488,S022,0,6,Out of Stock
P0488,S023,0,20,Out of Stock
P0488,S024,0,15,Out of Stock
P0488,S025,0,4,Out of Stock
P0488,S026,0,13,Out of Stock
P0489,S001,1,65,In Stock
P0489,S003,3,56,In Stock
P0489,S004,1,105,In Stock
P0489,S006,1,55,In Stock
P0489,S007,2,41,In Stock
P0489,S008,4,34,In Stock
P0489,S009,1,115,In Stock
P0489,S010,1,103,In Stock
P0489,S011,1,80,In Stock
P0489,S012,2,29,In Stock
P0489,S013,7,114,In Stock
P0489,S015,2,64,In Stock
P0489,S016,1,91,In Stock
P0489,S017,1,83,In Stock
P0489,S018,1,15,In Stock
P0489,S019,2,66,In Stock
P0489,S020,1,57,In Stock
P0489,S024,1,45,In Stock
P0489,S026,1,83,In Stock
P0490,S001,5,51,In Stock
P0490,S003,1,46,In Stock
P0490,S005,1,77,In Stock
P0490,S006,4,60,In Stock
P0490,S008,2,92,In Stock
P0490,S009,1,73,In Stock
P0490,S010,1,109,In Stock
P0490,S012,1,102,In Stock
P0490,S013,2,60,In Stock
P0490,S015,1,29,In Stock
P0490,S016,1,63,In Stock
P0490,S018,1,52,In Stock
P0490,S019,0,117,Out of Stock
P0490,S020,1,40,In Stock
P0490,S022,1,26,In Stock
P0490,S024,1,82,In Stock
P0490,S025,3,95,In Stock
P0490,S026,3,99,In Stock
P0491,S001,2,68,In Stock
P0491,S002,3,102,In Stock
P0491,S003,1,50,In Stock
P0491,S005,1,94,In Stock
P0491,S006,2,64,In Stock
P0491,S007,2,92,In Stock
P0491,S008,1,111,In Stock
P0491,S010,1,42,In Stock
P0491,S012,1,58,In Stock
P0491,S013,1,44,In Stock
P0491,S014,2,40,In Stock
P0491,S016,1,109,In Stock
P0491,S017,1,45,In Stock
P0491,S019,2,68,In Stock
P0491,S020,5,96,In Stock
P0491,S023,1,95,In Stock
P0491,S026,1,82,In Stock
P0492,S001,1,117,In Stock
P0492,S002,1,65,In Stock
P0492,S004,1,30,In Stock
P0492,S006,1,27,In Stock
P0492,S008,1,21,In Stock
P0492,S009,1,111,In Stock
P0492,S010,1,78,In Stock
P0492,S011,1,115,In Stock
P0492,S013,1,34,In Stock
P0492,S014,1,26,In Stock
P0492,S016,1,50,In Stock
P0492,S018,1,89,In Stock
P0492,S019,1,66,In Stock
P0492,S020,1,34,In Stock
P0492,S021,1,15,In Stock
P0492,S022,1,28,In Stock
P0492,S025,1,64,In Stock
P0492,S026,1,74,In Stock
P0493,S001,1,59,In Stock
P0493,S002,1,96,In Stock
P0493,S003,1,120,In Stock
P0493,S005,2,96,In Stock
P0493,S006,1,106,In Stock
P0493,S008,2,88,In Stock
P0493,S009,2,16,In Stock
P0493,S010,3,58,In Stock
P0493,S011,1,22,In Stock
P0493,S012,1,40,In Stock
P0493,S013,1,62,In Stock
P0493,S015,1,43,In Stock
P0493,S016,1,57,In Stock
P0493,S017,1,40,In Stock
P0493,S019,1,107,In Stock
P0493,S020,3,50,In Stock
P0493,S022,2,107,In Stock
P0493,S024,1,45,In Stock
P0493,S026,1,31,In Stock
P0494,S001,1,17,In Stock
P0494,S002,1,112,In Stock
P0494,S003,1,84,In Stock
P0494,S005,1,67,In Stock
P0494,S006,1,24,In Stock
P0494,S008,1,16,In Stock
P0494,S010,1,59,In Stock
P0494,S011,3,40,In Stock
P0494,S013,1,102,In Stock
P0494,S014,1,52,In Stock
P0494,S019,1,23,In Stock
P0495,S001,1,256,In Stock
P0495,S002,1,72,In Stock
P0495,S003,1,126,In Stock
P0495,S004,1,184,In Stock
P0495,S005,1,180,In Stock
P0495,S006,1,125,In Stock
P0495,S007,1,112,In Stock
P0495,S008,1,108,In Stock
P0495,S010,1,248,In Stock
P0495,S013,1,177,In Stock
P0495,S014,1,85,In Stock
P0495,S015,1,161,In Stock
P0495,S018,1,250,In Stock
P0495,S019,1,265,In Stock
P0495,S020,1,242,In Stock
P0495,S021,1,64,In Stock
P0495,S023,1,215,In Stock
P0495,S025,1,204,In Stock
P0495,S026,1,197,In Stock
P0496,S001,6,100,In Stock
P0496,S002,2,36,In Stock
P0496,S004,1,37,In Stock
P0496,S005,1,44,In Stock
P0496,S006,2,33,In Stock
P0496,S007,1,86,In Stock
P0496,S008,5,90,In Stock
P0496,S009,4,30,In Stock
P0496,S011,1,22,In Stock
P0496,S012,1,92,In Stock
P0496,S013,2,99,In Stock
P0496,S014,1,89,In Stock
P0496,S015,7,69,In Stock
P0496,S017,6,86,In Stock
P0496,S018,7,102,In Stock
P0496,S019,1,105,In Stock
P0496,S020,5,61,In Stock
P0496,S022,0,35,Out of Stock
P0496,S023,0,100,Out of Stock
P0496,S025,2,87,In Stock
P0496,S026,1,119,In Stock
P0497,S001,1,93,In Stock
P0497,S003,1,151,In Stock
P0497,S005,1,162,In Stock
P0497,S006,1,208,In Stock
P0497,S008,1,269,In Stock
P0497,S011,1,137,In Stock
P0497,S013,1,102,In Stock
P0497,S014,1,195,In Stock
P0497,S015,1,195,In Stock
P0497,S016,1,99,In Stock
P0497,S019,1,86,In Stock
P0497,S020,1,94,In Stock
P0497,S021,1,79,In Stock
P0497,S023,1,94,In Stock
P0497,S024,1,199,In Stock
P0497,S026,1,166,In Stock
P0498,S001,1,115,In Stock
P0498,S002,1,46,In Stock
P0498,S004,1,60,In Stock
P0498,S005,2,82,In Stock
P0498,S006,1,54,In Stock
P0498,S008,1,38,In Stock
P0498,S010,1,57,In Stock
P0498,S011,1,78,In Stock
P0498,S012,1,45,In Stock
P0498,S013,1,31,In Stock
P0498,S014,1,61,In Stock
P0498,S015,1,24,In Stock
P0498,S019,1,53,In Stock
P0498,S020,1,25,In Stock
P0498,S025,1,45,In Stock
P0498,S026,1,96,In Stock
P0499,S001,6,40,In Stock
P0499,S002,5,29,In Stock
P0499,S003,6,34,In Stock
P0499,S004,2,24,In Stock
P0499,S005,9,22,In Stock
P0499,S006,2,35,In Stock
P0499,S007,1,7,In Stock
P0499,S008,10,15,In Stock
P0499,S009,1,13,In Stock
P0499,S010,1,45,In Stock
P0499,S011,1,18,In Stock
P0499,S012,5,28,In Stock
P0499,S013,0,45,Out of Stock
P0499,S014,3,18,In Stock
P0499,S015,6,26,In Stock
P0499,S016,3,21,In Stock
P0499,S017,0,35,Out of Stock
P0499,S018,1,6,In Stock
P0499,S019,5,8,In Stock
P0499,S020,2,18,In Stock
P0499,S021,1,41,In Stock
P0499,S022,1,15,In Stock
P0499,S023,1,19,In Stock
P0499,S024,1,25,In Stock
P0499,S025,3,23,In Stock
P0499,S026,2,42,In Stock
P0500,S001,5,98,In Stock
P0500,S002,1,100,In Stock
P0500,S005,1,20,In Stock
P0500,S006,1,40,In Stock
P0500,S008,5,103,In Stock
P0500,S009,5,105,In Stock
P0500,S010,3,104,In Stock
P0500,S011,2,32,In Stock
P0500,S012,2,68,In Stock
P0500,S013,16,112,In Stock
P0500,S014,1,46,In Stock
P0500,S015,1,47,In Stock
P0500,S016,2,108,In Stock
P0500,S017,3,76,In Stock
P0500,S019,8,108,In Stock
P0500,S021,2,22,In Stock
P0500,S022,1,32,In Stock
P0500,S024,5,23,In Stock
P0501,S001,1,24,In Stock
P0501,S003,1,84,In Stock
P0501,S005,1,36,In Stock
P0501,S006,1,100,In Stock
P0501,S009,1,33,In Stock
P0501,S011,1,117,In Stock
P0501,S013,1,110,In Stock
P0501,S014,1,66,In Stock
P0501,S015,1,23,In Stock
P0501,S016,1,25,In Stock
P0501,S017,1,103,In Stock
P0501,S018,1,72,In Stock
P0501,S019,1,64,In Stock
P0501,S020,1,47,In Stock
P0501,S023,1,65,In Stock
P0501,S024,1,97,In Stock
P0501,S025,1,51,In Stock
P0502,S001,0,53,Out of Stock
P0502,S002,1,53,In Stock
P0502,S003,1,49,In Stock
P0502,S007,1,88,In Stock
P0502,S009,1,100,In Stock
P0502,S010,1,24,In Stock
P0502,S011,1,24,In Stock
P0502,S013,1,54,In Stock
P0502,S014,1,85,In Stock
P0502,S015,1,92,In Stock
P0502,S018,1,32,In Stock
P0502,S019,1,25,In Stock
P0502,S020,1,99,In Stock
P0502,S021,1,91,In Stock
P0502,S022,1,49,In Stock
P0502,S023,1,77,In Stock
P0502,S024,1,103,In Stock
P0502,S025,1,16,In Stock
P0503,S001,6,36,In Stock
P0503,S002,1,28,In Stock
P0503,S003,1,30,In Stock
P0503,S004,1,17,In Stock
P0503,S005,5,26,In Stock
P0503,S006,1,11,In Stock
P0503,S007,2,21,In Stock
P0503,S008,2,7,In Stock
P0503,S009,3,35,In Stock
P0503,S010,3,14,In Stock
P0503,S011,1,20,In Stock
P0503,S012,2,20,In Stock
P0503,S013,1,23,In Stock
P0503,S014,1,14,In Stock
P0503,S015,1,21,In Stock
P0503,S016,3,14,In Stock
P0503,S017,1,20,In Stock
P0503,S018,1,40,In Stock
P0503,S019,1,8,In Stock
P0503,S020,3,42,In Stock
P0503,S021,1,13,In Stock
P0503,S022,2,23,In Stock
P0503,S023,1,6,In Stock
P0503,S024,1,42,In Stock
P0503,S025,2,13,In Stock
P0503,S026,1,38,In Stock
P0504,S001,2,31,In Stock
P0504,S002,1,64,In Stock
P0504,S006,1,84,In Stock
P0504,S007,1,37,In Stock
P0504,S008,4,84,In Stock
P0504,S009,4,67,In Stock
P0504,S013,4,46,In Stock
P0504,S014,4,51,In Stock
P0504,S015,1,52,In Stock
P0504,S016,1,24,In Stock
P0504,S018,1,93,In Stock
P0504,S019,1,107,In Stock
P0504,S022,1,38,In Stock
P0504,S024,1,82,In Stock
P0505,S001,0,126,Out of Stock
P0505,S002,1,176,In Stock
P0505,S004,1,137,In Stock
P0505,S005,1,150,In Stock
P0505,S006,1,169,In Stock
P0505,S009,1,113,In Stock
P0505,S010,1,127,In Stock
P0505,S011,1,121,In Stock
P0505,S013,4,216,In Stock
P0505,S014,1,159,In Stock
P0505,S015,1,211,In Stock
P0505,S017,1,165,In Stock
P0505,S018,1,194,In Stock
P0505,S019,2,146,In Stock
P0505,S021,2,104,In Stock
P0505,S022,1,255,In Stock
P0505,S023,1,93,In Stock
P0505,S024,1,198,In Stock
P0505,S026,1,203,In Stock
P0506,S001,1,113,In Stock
P0506,S002,1,101,In Stock
P0506,S003,1,21,In Stock
P0506,S004,1,43,In Stock
P0506,S005,1,68,In Stock
P0506,S006,1,46,In Stock
P0506,S007,1,115,In Stock
P0506,S008,1,101,In Stock
P0506,S009,1,98,In Stock
P0506,S010,1,90,In Stock
P0506,S011,1,44,In Stock
P0506,S013,1,51,In Stock
P0506,S015,1,42,In Stock
P0506,S016,1,60,In Stock
P0506,S018,1,35,In Stock
P0506,S019,1,37,In Stock
P0506,S020,1,95,In Stock
P0506,S026,1,99,In Stock
P0507,S003,1,112,In Stock
P0507,S006,1,20,In Stock
P0507,S007,1,79,In Stock
P0507,S008,1,84,In Stock
P0507,S009,1,53,In Stock
P0507,S011,0,110,Out of Stock
P0507,S013,1,94,In Stock
P0507,S015,1,74,In Stock
P0507,S016,1,112,In Stock
P0507,S018,1,15,In Stock
P0507,S019,3,99,In Stock
P0507,S020,1,54,In Stock
P0507,S024,1,99,In Stock
P0508,S001,1,89,In Stock
P0508,S002,1,52,In Stock
P0508,S003,1,57,In Stock
P0508,S004,1,115,In Stock
P0508,S005,1,104,In Stock
P0508,S006,2,67,In Stock
P0508,S007,1,110,In Stock
P0508,S008,1,67,In Stock
P0508,S011,1,48,In Stock
P0508,S013,3,107,In Stock
P0508,S014,1,47,In Stock
P0508,S015,1,100,In Stock
P0508,S016,1,74,In Stock
P0508,S019,1,89,In Stock
P0508,S020,1,113,In Stock
P0508,S021,1,87,In Stock
P0508,S024,1,35,In Stock
P0508,S025,1,29,In Stock
P0509,S001,42,378,In Stock
P0509,S002,56,338,In Stock
P0509,S003,87,219,In Stock
P0509,S005,52,529,In Stock
P0509,S008,37,508,In Stock
P0509,S009,88,300,In Stock
P0509,S010,127,434,In Stock
P0509,S011,46,310,In Stock
P0509,S013,112,403,In Stock
P0509,S014,63,256,In Stock
P0509,S015,121,526,In Stock
P0509,S016,149,472,In Stock
P0509,S019,118,322,In Stock
P0509,S020,82,350,In Stock
P0509,S024,94,279,In Stock
P0509,S025,95,436,In Stock
P0510,S001,3,54,In Stock
P0510,S002,1,56,In Stock
P0510,S003,1,104,In Stock
P0510,S005,1,74,In Stock
P0510,S008,1,79,In Stock
P0510,S009,1,53,In Stock
P0510,S010,1,66,In Stock
P0510,S011,1,67,In Stock
P0510,S012,1,56,In Stock
P0510,S013,3,33,In Stock
P0510,S014,2,93,In Stock
P0510,S016,1,54,In Stock
P0510,S017,1,20,In Stock
P0510,S018,1,19,In Stock
P0510,S019,1,63,In Stock
P0510,S020,1,74,In Stock
P0510,S021,1,42,In Stock
P0510,S024,1,47,In Stock
P0510,S025,1,15,In Stock
P0510,S026,1,25,In Stock
P0511,S001,2,42,In Stock
P0511,S002,1,22,In Stock
P0511,S003,1,39,In Stock
P0511,S004,1,16,In Stock
P0511,S005,1,19,In Stock
P0511,S006,1,16,In Stock
P0511,S007,1,12,In Stock
P0511,S008,1,12,In Stock
P0511,S009,1,38,In Stock
P0511,S010,1,43,In Stock
P0511,S011,1,33,In Stock
P0511,S012,1,31,In Stock
P0511,S013,1,20,In Stock
P0511,S014,1,22,In Stock
P0511,S015,1,12,In Stock
P0511,S016,1,18,In Stock
P0511,S017,1,32,In Stock
P0511,S018,1,35,In Stock
P0511,S019,4,26,In Stock
P0511,S020,2,18,In Stock
P0511,S021,2,27,In Stock
P0511,S022,1,30,In Stock
P0511,S023,1,43,In Stock
P0511,S024,1,31,In Stock
P0511,S025,1,36,In Stock
P0511,S026,1,10,In Stock
P0512,S001,1,49,In Stock
P0512,S002,1,38,In Stock
P0512,S003,1,84,In Stock
P0512,S005,1,59,In Stock
P0512,S006,1,115,In Stock
P0512,S007,1,108,In Stock
P0512,S008,1,97,In Stock
P0512,S009,0,100,Out of Stock
P0512,S010,1,60,In Stock
P0512,S011,1,72,In Stock
P0512,S012,1,67,In Stock
P0512,S013,1,117,In Stock
P0512,S014,1,71,In Stock
P0512,S015,1,110,In Stock
P0512,S019,1,111,In Stock
P0512,S020,1,92,In Stock
P0512,S021,1,28,In Stock
P0512,S023,1,16,In Stock
P0512,S025,1,62,In Stock
P0513,S001,1,76,In Stock
P0513,S002,1,70,In Stock
P0513,S003,1,108,In Stock
P0513,S005,1,88,In Stock
P0513,S006,1,84,In Stock
P0513,S007,1,109,In Stock
P0513,S008,1,102,In Stock
P0513,S009,1,78,In Stock
P0513,S010,1,58,In Stock
P0513,S011,1,55,In Stock
P0513,S013,1,76,In Stock
P0513,S015,1,29,In Stock
P0513,S016,1,62,In Stock
P0513,S017,1,69,In Stock
P0513,S019,1,92,In Stock
P0513,S024,1,59,In Stock
P0513,S025,1,93,In Stock
P0514,S001,2,46,In Stock
P0514,S002,1,110,In Stock
P0514,S005,1,96,In Stock
P0514,S006,1,45,In Stock
P0514,S007,3,64,In Stock
P0514,S008,1,53,In Stock
P0514,S009,1,26,In Stock
P0514,S010,3,120,In Stock
P0514,S011,1,76,In Stock
P0514,S013,5,113,In Stock
P0514,S014,0,93,Out of Stock
P0514,S015,1,95,In Stock
P0514,S017,1,105,In Stock
P0514,S018,1,90,In Stock
P0514,S019,1,53,In Stock
P0514,S020,1,113,In Stock
P0514,S021,1,40,In Stock
P0514,S022,1,73,In Stock
P0514,S024,1,16,In Stock
P0515,S001,1,17,In Stock
P0515,S002,2,13,In Stock
P0515,S003,1,15,In Stock
P0515,S004,1,43,In Stock
P0515,S005,1,42,In Stock
P0515,S006,1,34,In Stock
P0515,S007,0,17,Out of Stock
P0515,S008,5,19,In Stock
P0515,S009,1,5,In Stock
P0515,S010,2,30,In Stock
P0515,S011,1,38,In Stock
P0515,S012,1,28,In Stock
P0515,S013,2,43,In Stock
P0515,S014,2,8,In Stock
P0515,S015,1,25,In Stock
P0515,S016,3,36,In Stock
P0515,S017,1,44,In Stock
P0515,S018,1,29,In Stock
P0515,S019,1,6,In Stock
P0515,S020,1,7,In Stock
P0515,S021,1,42,In Stock
P0515,S022,1,26,In Stock
P0515,S023,2,26,In Stock
P0515,S024,1,8,In Stock
P0515,S025,1,41,In Stock
P0515,S026,1,12,In Stock
P0516,S001,81,367,In Stock
P0516,S003,94,442,In Stock
P0516,S005,97,220,In Stock
P0516,S006,138,314,In Stock
P0516,S007,150,383,In Stock
P0516,S008,47,368,In Stock
P0516,S009,95,309,In Stock
P0516,S011,144,528,In Stock
P0516,S012,66,489,In Stock
P0516,S013,46,209,In Stock
P0516,S014,146,371,In Stock
P0516,S016,83,410,In Stock
P0516,S017,58,254,In Stock
P0516,S019,139,436,In Stock
P0516,S023,100,275,In Stock
P0516,S026,46,414,In Stock
P0517,S001,1,44,In Stock
P0517,S002,1,28,In Stock
P0517,S003,1,86,In Stock
P0517,S004,1,58,In Stock
P0517,S005,1,115,In Stock
P0517,S006,1,33,In Stock
P0517,S008,1,37,In Stock
P0517,S009,1,39,In Stock
P0517,S011,1,39,In Stock
P0517,S013,1,21,In Stock
P0517,S014,1,120,In Stock
P0517,S015,1,17,In Stock
P0517,S017,1,86,In Stock
P0517,S018,1,46,In Stock
P0517,S019,1,94,In Stock
P0517,S020,1,19,In Stock
P0517,S024,1,46,In Stock
P0517,S026,0,28,Out of Stock
P0518,S001,1,48,In Stock
P0518,S003,1,52,In Stock
P0518,S005,1,80,In Stock
P0518,S008,1,22,In Stock
P0518,S009,1,50,In Stock
P0518,S011,1,82,In Stock
P0518,S013,1,54,In Stock
P0518,S014,1,27,In Stock
P0518,S015,0,114,Out of Stock
P0518,S016,1,57,In Stock
P0518,S019,1,79,In Stock
P0518,S020,1,25,In Stock
P0518,S021,1,33,In Stock
P0518,S022,1,78,In Stock
P0518,S026,1,15,In Stock
P0519,S001,1,36,In Stock
P0519,S002,1,10,In Stock
P0519,S003,1,7,In Stock
P0519,S004,1,8,In Stock
P0519,S005,1,12,In Stock
P0519,S006,0,18,Out of Stock
P0519,S007,1,27,In Stock
P0519,S008,1,31,In Stock
P0519,S009,2,11,In Stock
P0519,S010,1,16,In Stock
P0519,S011,2,24,In Stock
P0519,S012,1,14,In Stock
P0519,S013,4,17,In Stock
P0519,S014,1,27,In Stock
P0519,S015,1,32,In Stock
P0519,S016,1,45,In Stock
P0519,S017,1,35,In Stock
P0519,S018,0,20,Out of Stock
P0519,S019,4,44,In Stock
P0519,S020,1,11,In Stock
P0519,S021,1,29,In Stock
P0519,S022,1,22,In Stock
P0519,S023,1,41,In Stock
P0519,S024,1,32,In Stock
P0519,S025,1,13,In Stock
P0519,S026,1,31,In Stock
P0520,S001,1,37,In Stock
P0520,S002,1,22,In Stock
P0520,S003,1,83,In Stock
P0520,S004,1,47,In Stock
P0520,S005,1,25,In Stock
P0520,S006,1,47,In Stock
P0520,S008,1,74,In Stock
P0520,S010,1,30,In Stock
P0520,S013,0,66,Out of Stock
P0520,S014,1,56,In Stock
P0520,S015,1,56,In Stock
P0520,S016,1,46,In Stock
P0520,S018,1,49,In Stock
P0520,S019,1,91,In Stock
P0520,S020,1,87,In Stock
P0520,S021,1,58,In Stock
P0520,S024,1,18,In Stock
P0520,S026,0,50,Out of Stock
P0521,S001,1,87,In Stock
P0521,S002,1,98,In Stock
P0521,S003,0,113,Out of Stock
P0521,S004,1,94,In Stock
P0521,S006,1,20,In Stock
P0521,S008,1,117,In Stock
P0521,S009,1,59,In Stock
P0521,S010,1,27,In Stock
P0521,S012,1,62,In Stock
P0521,S013,1,22,In Stock
P0521,S014,1,101,In Stock
P0521,S015,1,27,In Stock
P0521,S017,1,67,In Stock
P0521,S018,1,87,In Stock
P0521,S019,1,88,In Stock
P0521,S021,1,77,In Stock
P0521,S022,1,93,In Stock
P0521,S023,1,15,In Stock
P0521,S024,1,93,In Stock
P0521,S025,1,42,In Stock
P0521,S026,1,88,In Stock
P0522,S001,1,103,In Stock
P0522,S002,1,109,In Stock
P0522,S003,1,99,In Stock
P0522,S005,1,69,In Stock
P0522,S006,1,74,In Stock
P0522,S008,2,115,In Stock
P0522,S009,0,85,Out of Stock
P0522,S010,1,35,In Stock
P0522,S011,1,87,In Stock
P0522,S012,1,101,In Stock
P0522,S013,1,73,In Stock
P0522,S014,1,24,In Stock
P0522,S015,1,77,In Stock
P0522,S016,1,88,In Stock
P0522,S017,1,105,In Stock
P0522,S019,1,23,In Stock
P0522,S023,1,119,In Stock
P0522,S024,1,27,In Stock
P0522,S026,1,15,In Stock
P0523,S001,1,74,In Stock
P0523,S003,1,96,In Stock
P0523,S005,1,106,In Stock
P0523,S006,1,82,In Stock
P0523,S008,0,111,Out of Stock
P0523,S010,1,73,In Stock
P0523,S011,1,104,In Stock
P0523,S013,1,103,In Stock
P0523,S014,1,75,In Stock
P0523,S015,1,35,In Stock
P0523,S017,1,108,In Stock
P0523,S018,0,39,Out of Stock
P0523,S019,1,44,In Stock
P0523,S020,1,105,In Stock
P0523,S021,1,22,In Stock
P0523,S024,1,71,In Stock
P0523,S025,1,117,In Stock
P0524,S001,1,36,In Stock
P0524,S002,2,40,In Stock
P0524,S003,1,35,In Stock
P0524,S004,1,99,In Stock
P0524,S006,1,36,In Stock
P0524,S007,1,111,In Stock
P0524,S008,3,32,In Stock
P0524,S009,1,89,In Stock
P0524,S011,1,90,In Stock
P0524,S012,1,104,In Stock
P0524,S013,1,70,In Stock
P0524,S015,1,77,In Stock
P0524,S017,2,53,In Stock
P0524,S019,2,76,In Stock
P0524,S021,1,24,In Stock
P0524,S022,1,117,In Stock
P0524,S023,1,82,In Stock
P0524,S024,1,85,In Stock
P0524,S025,1,74,In Stock
P0524,S026,3,48,In Stock
P0525,S001,1,29,In Stock
P0525,S002,1,117,In Stock
P0525,S003,2,84,In Stock
P0525,S005,1,19,In Stock
P0525,S006,1,93,In Stock
P0525,S007,1,22,In Stock
P0525,S008,1,58,In Stock
P0525,S010,1,65,In Stock
P0525,S013,1,113,In Stock
P0525,S016,1,98,In Stock
P0525,S018,1,17,In Stock
P0525,S019,1,75,In Stock
P0525,S020,1,108,In Stock
P0525,S021,1,57,In Stock
P0525,S024,1,52,In Stock
P0525,S026,1,116,In Stock
P0526,S001,71,501,In Stock
P0526,S003,54,306,In Stock
P0526,S005,95,474,In Stock
P0526,S006,86,458,In Stock
P0526,S009,75,374,In Stock
P0526,S010,77,531,In Stock
P0526,S012,145,539,In Stock
P0526,S013,150,533,In Stock
P0526,S014,52,355,In Stock
P0526,S015,111,503,In Stock
P0526,S016,77,531,In Stock
P0526,S017,50,472,In Stock
P0526,S019,98,387,In Stock
P0526,S020,124,487,In Stock
P0526,S024,144,483,In Stock
P0527,S001,1,66,In Stock
P0527,S002,1,24,In Stock
P0527,S003,1,54,In Stock
P0527,S004,1,20,In Stock
P0527,S005,1,112,In Stock
P0527,S007,1,69,In Stock
P0527,S008,1,50,In Stock
P0527,S010,1,46,In Stock
P0527,S011,1,72,In Stock
P0527,S012,0,47,Out of Stock
P0527,S013,1,67,In Stock
P0527,S015,1,84,In Stock
P0527,S016,1,111,In Stock
P0527,S017,1,29,In Stock
P0527,S019,2,91,In Stock
P0527,S020,1,30,In Stock
P0527,S022,1,33,In Stock
P0527,S023,1,103,In Stock
P0527,S024,1,69,In Stock
P0527,S025,1,80,In Stock
P0527,S026,1,27,In Stock
P0528,S001,1,43,In Stock
P0528,S002,1,24,In Stock
P0528,S003,1,60,In Stock
P0528,S005,1,96,In Stock
P0528,S006,1,63,In Stock
P0528,S008,1,42,In Stock
P0528,S009,1,24,In Stock
P0528,S011,1,90,In Stock
P0528,S013,1,15,In Stock
P0528,S015,2,31,In Stock
P0528,S016,1,47,In Stock
P0528,S019,1,120,In Stock
P0528,S020,1,54,In Stock
P0528,S021,1,48,In Stock
P0528,S022,1,19,In Stock
P0528,S023,1,58,In Stock
P0528,S024,1,61,In Stock
P0529,S001,104,247,In Stock
P0529,S002,148,210,In Stock
P0529,S003,52,396,In Stock
P0529,S004,55,505,In Stock
P0529,S005,50,254,In Stock
P0529,S006,149,189,In Stock
P0529,S008,138,203,In Stock
P0529,S010,132,511,In Stock
P0529,S011,30,346,In Stock
P0529,S013,75,200,In Stock
P0529,S014,39,502,In Stock
P0529,S015,126,353,In Stock
P0529,S016,139,496,In Stock
P0529,S017,76,210,In Stock
P0529,S018,56,210,In Stock
P0529,S019,119,298,In Stock
P0529,S020,106,533,In Stock
P0529,S022,53,244,In Stock
P0529,S024,108,345,In Stock
P0529,S026,36,347,In Stock
P0530,S001,87,377,In Stock
P0530,S003,149,519,In Stock
P0530,S004,145,371,In Stock
P0530,S005,96,312,In Stock
P0530,S006,67,418,In Stock
P0530,S007,33,288,In Stock
P0530,S008,125,481,In Stock
P0530,S009,45,520,In Stock
P0530,S010,72,298,In Stock
P0530,S011,146,426,In Stock
P0530,S014,148,309,In Stock
P0530,S015,38,243,In Stock
P0530,S016,39,527,In Stock
P0530,S017,66,392,In Stock
P0530,S019,74,180,In Stock
P0530,S020,53,225,In Stock
P0530,S025,143,190,In Stock
P0531,S001,3,71,In Stock
P0531,S002,1,116,In Stock
P0531,S005,2,117,In Stock
P0531,S006,1,75,In Stock
P0531,S007,2,89,In Stock
P0531,S008,1,36,In Stock
P0531,S009,2,73,In Stock
P0531,S010,1,72,In Stock
P0531,S011,2,103,In Stock
P0531,S012,1,30,In Stock
P0531,S013,1,66,In Stock
P0531,S014,1,62,In Stock
P0531,S015,0,90,Out of Stock
P0531,S016,1,96,In Stock
P0531,S017,1,40,In Stock
P0531,S019,1,52,In Stock
P0531,S021,2,68,In Stock
P0531,S025,1,38,In Stock
P0532,S001,1,218,In Stock
P0532,S002,1,268,In Stock
P0532,S003,1,245,In Stock
P0532,S004,1,63,In Stock
P0532,S005,1,172,In Stock
P0532,S007,1,126,In Stock
P0532,S008,1,61,In Stock
P0532,S009,1,269,In Stock
P0532,S011,1,198,In Stock
P0532,S014,1,94,In Stock
P0532,S015,1,199,In Stock
P0532,S017,1,196,In Stock
P0532,S018,1,174,In Stock
P0532,S019,1,247,In Stock
P0532,S020,1,84,In Stock
P0532,S021,0,127,Out of Stock
P0532,S022,1,172,In Stock
P0532,S025,1,73,In Stock
P0532,S026,1,224,In Stock
P0533,S003,1,105,In Stock
P0533,S005,2,21,In Stock
P0533,S006,0,41,Out of Stock
P0533,S009,0,24,Out of Stock
P0533,S010,1,83,In Stock
P0533,S011,1,65,In Stock
P0533,S012,1,23,In Stock
P0533,S013,1,108,In Stock
P0533,S016,1,24,In Stock
P0533,S017,1,117,In Stock
P0533,S019,2,85,In Stock
P0533,S020,1,74,In Stock
P0533,S021,1,39,In Stock
P0533,S024,1,81,In Stock
P0534,S001,1,30,In Stock
P0534,S002,1,70,In Stock
P0534,S003,1,49,In Stock
P0534,S006,1,17,In Stock
P0534,S007,1,71,In Stock
P0534,S009,1,62,In Stock
P0534,S010,1,34,In Stock
P0534,S011,1,47,In Stock
P0534,S014,1,90,In Stock
P0534,S015,1,83,In Stock
P0534,S016,1,85,In Stock
P0534,S019,1,68,In Stock
P0534,S020,1,108,In Stock
P0534,S023,1,47,In Stock
P0534,S026,1,22,In Stock
P0535,S001,97,481,In Stock
P0535,S003,41,296,In Stock
P0535,S007,113,495,In Stock
P0535,S008,50,434,In Stock
P0535,S010,69,236,In Stock
P0535,S011,111,251,In Stock
P0535,S013,123,257,In Stock
P0535,S014,124,416,In Stock
P0535,S015,125,255,In Stock
P0535,S016,144,301,In Stock
P0535,S018,130,245,In Stock
P0535,S019,103,355,In Stock
P0535,S020,98,234,In Stock
P0535,S021,86,508,In Stock
P0535,S022,82,479,In Stock
P0535,S023,114,457,In Stock
P0535,S025,42,446,In Stock
P0535,S026,71,410,In Stock
P0536,S001,54,280,In Stock
P0536,S003,45,307,In Stock
P0536,S004,131,334,In Stock
P0536,S005,31,532,In Stock
P0536,S006,104,283,In Stock
P0536,S008,97,385,In Stock
P0536,S009,87,328,In Stock
P0536,S010,55,226,In Stock
P0536,S011,69,506,In Stock
P0536,S012,135,218,In Stock
P0536,S013,73,188,In Stock
P0536,S014,81,403,In Stock
P0536,S016,142,498,In Stock
P0536,S019,113,514,In Stock
P0536,S020,126,330,In Stock
P0536,S021,43,372,In Stock
P0536,S022,44,444,In Stock
P0536,S023,43,243,In Stock
P0536,S024,120,469,In Stock
P0537,S001,3,17,In Stock
P0537,S002,1,53,In Stock
P0537,S003,2,46,In Stock
P0537,S004,1,26,In Stock
P0537,S006,1,29,In Stock
P0537,S008,1,82,In Stock
P0537,S010,3,21,In Stock
P0537,S013,1,104,In Stock
P0537,S015,1,16,In Stock
P0537,S016,1,65,In Stock
P0537,S018,1,103,In Stock
P0537,S019,1,40,In Stock
P0537,S020,1,77,In Stock
P0537,S023,2,24,In Stock
P0537,S024,2,100,In Stock
P0538,S001,1,66,In Stock
P0538,S003,1,47,In Stock
P0538,S006,1,40,In Stock
P0538,S008,1,99,In Stock
P0538,S009,1,98,In Stock
P0538,S011,1,20,In Stock
P0538,S013,1,52,In Stock
P0538,S014,1,62,In Stock
P0538,S017,1,60,In Stock
P0538,S018,1,113,In Stock
P0538,S019,1,85,In Stock
P0538,S020,1,83,In Stock
P0538,S022,1,56,In Stock
P0538,S024,1,24,In Stock
P0538,S025,1,18,In Stock
P0538,S026,1,91,In Stock
P0539,S002,3,116,In Stock
P0539,S003,1,68,In Stock
P0539,S005,1,69,In Stock
P0539,S006,2,55,In Stock
P0539,S008,2,108,In Stock
P0539,S009,1,66,In Stock
P0539,S010,1,43,In Stock
P0539,S011,1,25,In Stock
P0539,S013,1,119,In Stock
P0539,S014,0,32,Out of Stock
P0539,S015,0,23,Out of Stock
P0539,S016,1,31,In Stock
P0539,S018,1,99,In Stock
P0539,S019,1,61,In Stock
P0539,S024,1,46,In Stock
P0540,S001,1,14,In Stock
P0540,S002,1,17,In Stock
P0540,S003,1,30,In Stock
P0540,S004,1,30,In Stock
P0540,S005,1,39,In Stock
P0540,S006,1,17,In Stock
P0540,S007,1,19,In Stock
P0540,S008,1,14,In Stock
P0540,S009,1,18,In Stock
P0540,S010,1,19,In Stock
P0540,S011,1,14,In Stock
P0540,S012,1,10,In Stock
P0540,S013,1,8,In Stock
P0540,S014,1,32,In Stock
P0540,S015,1,29,In Stock
P0540,S016,1,9,In Stock
P0540,S017,1,42,In Stock
P0540,S018,1,19,In Stock
P0540,S019,1,43,In Stock
P0540,S020,1,17,In Stock
P0540,S021,1,37,In Stock
P0540,S022,1,24,In Stock
P0540,S023,1,38,In Stock
P0540,S024,1,7,In Stock
P0540,S025,1,34,In Stock
P0540,S026,1,36,In Stock
P0541,S001,57,376,In Stock
P0541,S002,101,217,In Stock
P0541,S003,138,251,In Stock
P0541,S004,104,288,In Stock
P0541,S005,135,246,In Stock
P0541,S008,120,300,In Stock
P0541,S009,72,395,In Stock
P0541,S010,73,190,In Stock
P0541,S011,82,475,In Stock
P0541,S012,131,312,In Stock
P0541,S013,143,473,In Stock
P0541,S014,148,242,In Stock
P0541,S015,117,398,In Stock
P0541,S017,141,351,In Stock
P0541,S018,64,374,In Stock
P0541,S019,114,425,In Stock
P0541,S020,137,510,In Stock
P0541,S021,116,497,In Stock
P0541,S024,66,464,In Stock
P0541,S025,119,354,In Stock
P0541,S026,61,276,In Stock
P0542,S001,4,105,In Stock
P0542,S002,1,99,In Stock
P0542,S003,2,101,In Stock
P0542,S004,1,24,In Stock
P0542,S005,1,30,In Stock
P0542,S006,3,57,In Stock
P0542,S008,2,15,In Stock
P0542,S009,1,106,In Stock
P0542,S010,1,74,In Stock
P0542,S011,1,23,In Stock
P0542,S013,1,117,In Stock
P0542,S014,1,43,In Stock
P0542,S015,1,88,In Stock
P0542,S016,1,20,In Stock
P0542,S017,1,93,In Stock
P0542,S018,1,39,In Stock
P0542,S019,2,120,In Stock
P0542,S020,1,40,In Stock
P0542,S022,1,48,In Stock
P0542,S023,1,48,In Stock
P0542,S024,1,85,In Stock
P0542,S026,1,36,In Stock
P0543,S001,1,38,In Stock
P0543,S002,1,39,In Stock
P0543,S003,1,53,In Stock
P0543,S004,1,45,In Stock
P0543,S005,1,26,In Stock
P0543,S006,1,107,In Stock
P0543,S007,0,118,Out of Stock
P0543,S008,1,91,In Stock
P0543,S009,1,109,In Stock
P0543,S010,1,54,In Stock
P0543,S011,1,39,In Stock
P0543,S012,1,42,In Stock
P0543,S013,1,84,In Stock
P0543,S014,1,118,In Stock
P0543,S015,1,120,In Stock
P0543,S019,1,77,In Stock
P0543,S022,1,97,In Stock
P0543,S024,1,80,In Stock
P0543,S025,1,54,In Stock
P0544,S001,2,120,In Stock
P0544,S002,1,53,In Stock
P0544,S003,1,106,In Stock
P0544,S005,2,98,In Stock
P0544,S006,1,68,In Stock
P0544,S007,0,120,Out of Stock
P0544,S008,1,50,In Stock
P0544,S009,1,110,In Stock
P0544,S011,1,116,In Stock
P0544,S012,1,23,In Stock
P0544,S013,1,104,In Stock
P0544,S014,1,62,In Stock
P0544,S015,1,33,In Stock
P0544,S016,1,117,In Stock
P0544,S017,1,81,In Stock
P0544,S019,1,31,In Stock
P0544,S023,1,94,In Stock
P0544,S024,1,28,In Stock
P0544,S025,1,85,In Stock
P0545,S001,1,27,In Stock
P0545,S002,1,75,In Stock
P0545,S003,1,108,In Stock
P0545,S004,1,41,In Stock
P0545,S006,1,35,In Stock
P0545,S007,1,65,In Stock
P0545,S008,1,79,In Stock
P0545,S009,1,66,In Stock
P0545,S013,1,31,In Stock
P0545,S014,1,42,In Stock
P0545,S017,1,118,In Stock
P0545,S018,1,112,In Stock
P0545,S019,1,108,In Stock
P0545,S020,1,25,In Stock
P0545,S022,1,52,In Stock
P0545,S024,0,81,Out of Stock
P0545,S025,1,82,In Stock
P0546,S001,0,71,Out of Stock
P0546,S002,1,92,In Stock
P0546,S003,1,92,In Stock
P0546,S005,1,99,In Stock
P0546,S006,1,103,In Stock
P0546,S008,2,59,In Stock
P0546,S009,1,56,In Stock
P0546,S010,1,26,In Stock
P0546,S011,1,99,In Stock
P0546,S012,1,119,In Stock
P0546,S013,1,61,In Stock
P0546,S014,1,41,In Stock
P0546,S017,1,96,In Stock
P0546,S019,1,104,In Stock
P0546,S020,1,57,In Stock
P0546,S021,1,107,In Stock
P0546,S022,1,19,In Stock
P0546,S024,1,41,In Stock
P0546,S025,0,91,Out of Stock
P0547,S001,35,517,In Stock
P0547,S002,76,325,In Stock
P0547,S004,143,301,In Stock
P0547,S005,125,251,In Stock
P0547,S008,44,509,In Stock
P0547,S009,150,468,In Stock
P0547,S011,144,505,In Stock
P0547,S013,52,443,In Stock
P0547,S014,44,409,In Stock
P0547,S015,124,273,In Stock
P0547,S017,38,494,In Stock
P0547,S019,69,224,In Stock
P0547,S020,96,399,In Stock
P0547,S021,141,236,In Stock
P0547,S022,48,237,In Stock
P0547,S024,107,243,In Stock
P0548,S001,1,70,In Stock
P0548,S004,1,46,In Stock
P0548,S006,0,66,Out of Stock
P0548,S008,1,90,In Stock
P0548,S011,1,115,In Stock
P0548,S012,1,27,In Stock
P0548,S013,0,75,Out of Stock
P0548,S014,1,27,In Stock
P0548,S015,1,74,In Stock
P0548,S016,1,36,In Stock
P0548,S017,1,70,In Stock
P0548,S019,1,84,In Stock
P0548,S020,1,61,In Stock
P0548,S025,1,23,In Stock
P0548,S026,1,45,In Stock
P0549,S001,1,93,In Stock
P0549,S002,1,20,In Stock
P0549,S006,1,62,In Stock
P0549,S008,1,85,In Stock
P0549,S009,1,117,In Stock
P0549,S010,1,90,In Stock
P0549,S012,1,97,In Stock
P0549,S013,2,105,In Stock
P0549,S014,1,90,In Stock
P0549,S015,1,37,In Stock
P0549,S016,1,65,In Stock
P0549,S019,1,56,In Stock
P0549,S022,1,53,In Stock
P0549,S023,1,57,In Stock
P0549,S024,1,81,In Stock
P0549,S025,1,109,In Stock
P0549,S026,1,89,In Stock
P0550,S001,1,28,In Stock
P0550,S002,1,100,In Stock
P0550,S003,1,92,In Stock
P0550,S006,1,101,In Stock
P0550,S007,1,36,In Stock
P0550,S008,1,32,In Stock
P0550,S009,1,59,In Stock
P0550,S010,1,29,In Stock
P0550,S012,1,63,In Stock
P0550,S013,1,44,In Stock
P0550,S014,1,87,In Stock
P0550,S015,1,113,In Stock
P0550,S017,1,113,In Stock
P0550,S018,1,99,In Stock
P0550,S019,1,70,In Stock
P0550,S020,1,35,In Stock
P0550,S021,1,66,In Stock
P0550,S024,3,108,In Stock
P0551,S002,1,90,In Stock
P0551,S003,1,62,In Stock
P0551,S005,0,28,Out of Stock
P0551,S006,1,20,In Stock
P0551,S008,1,64,In Stock
P0551,S009,1,73,In Stock
P0551,S011,1,67,In Stock
P0551,S012,1,100,In Stock
P0551,S013,3,45,In Stock
P0551,S014,1,44,In Stock
P0551,S015,1,20,In Stock
P0551,S016,1,26,In Stock
P0551,S018,1,48,In Stock
P0551,S019,1,56,In Stock
P0551,S020,1,26,In Stock
P0551,S021,1,49,In Stock
P0551,S022,1,19,In Stock
P0551,S023,1,25,In Stock
P0551,S024,1,47,In Stock
P0551,S025,1,43,In Stock
P0551,S026,1,53,In Stock
P0552,S001,6,25,In Stock
P0552,S002,1,30,In Stock
P0552,S003,1,44,In Stock
P0552,S004,2,36,In Stock
P0552,S005,2,12,In Stock
P0552,S006,1,32,In Stock
P0552,S007,0,23,Out of Stock
P0552,S008,4,12,In Stock
P0552,S009,2,32,In Stock
P0552,S010,2,14,In Stock
P0552,S011,1,45,In Stock
P0552,S012,1,41,In Stock
P0552,S013,6,5,In Stock
P0552,S014,2,32,In Stock
P0552,S015,0,14,Out of Stock
P0552,S016,1,41,In Stock
P0552,S017,2,22,In Stock
P0552,S018,0,36,Out of Stock
P0552,S019,1,23,In Stock
P0552,S020,1,43,In Stock
P0552,S021,1,5,In Stock
P0552,S022,2,37,In Stock
P0552,S023,1,11,In Stock
P0552,S024,1,20,In Stock
P0552,S025,1,27,In Stock
P0552,S026,1,9,In Stock
P0553,S001,1,79,In Stock
P0553,S002,1,89,In Stock
P0553,S003,1,82,In Stock
P0553,S005,1,81,In Stock
P0553,S008,1,39,In Stock
P0553,S010,1,50,In Stock
P0553,S011,1,31,In Stock
P0553,S012,1,26,In Stock
P0553,S013,1,65,In Stock
P0553,S014,1,73,In Stock
P0553,S015,1,15,In Stock
P0553,S016,1,63,In Stock
P0553,S017,1,90,In Stock
P0553,S018,1,79,In Stock
P0553,S019,2,81,In Stock
P0553,S021,1,86,In Stock
P0553,S023,1,85,In Stock
P0553,S025,1,38,In Stock
P0553,S026,1,45,In Stock
P0554,S001,1,94,In Stock
P0554,S002,1,114,In Stock
P0554,S003,1,96,In Stock
P0554,S004,1,74,In Stock
P0554,S005,1,118,In Stock
P0554,S006,1,113,In Stock
P0554,S007,1,115,In Stock
P0554,S008,1,93,In Stock
P0554,S009,1,112,In Stock
P0554,S011,1,83,In Stock
P0554,S012,1,72,In Stock
P0554,S013,1,117,In Stock
P0554,S014,1,105,In Stock
P0554,S015,1,78,In Stock
P0554,S016,1,45,In Stock
P0554,S018,1,52,In Stock
P0554,S019,1,78,In Stock
P0554,S020,1,88,In Stock
P0554,S026,1,35,In Stock
P0555,S001,1,93,In Stock
P0555,S002,1,54,In Stock
P0555,S003,1,104,In Stock
P0555,S005,2,108,In Stock
P0555,S009,1,90,In Stock
P0555,S010,1,87,In Stock
P0555,S011,1,32,In Stock
P0555,S012,1,113,In Stock
P0555,S014,1,69,In Stock
P0555,S015,1,90,In Stock
P0555,S016,1,53,In Stock
P0555,S018,1,49,In Stock
P0555,S019,1,104,In Stock
P0555,S020,1,15,In Stock
P0555,S023,1,92,In Stock
P0555,S024,1,63,In Stock
P0555,S025,1,25,In Stock
P0556,S001,1,230,In Stock
P0556,S008,1,183,In Stock
P0556,S009,1,97,In Stock
P0556,S010,1,217,In Stock
P0556,S011,1,208,In Stock
P0556,S012,1,241,In Stock
P0556,S013,1,190,In Stock
P0556,S014,1,84,In Stock
P0556,S015,1,237,In Stock
P0556,S016,1,252,In Stock
P0556,S017,1,222,In Stock
P0556,S019,1,90,In Stock
P0556,S021,1,208,In Stock
P0556,S024,1,142,In Stock
P0556,S025,1,201,In Stock
P0557,S001,1,20,In Stock
P0557,S002,1,96,In Stock
P0557,S003,1,54,In Stock
P0557,S004,1,73,In Stock
P0557,S005,1,89,In Stock
P0557,S006,2,59,In Stock
P0557,S007,2,38,In Stock
P0557,S008,1,89,In Stock
P0557,S009,1,75,In Stock
P0557,S010,0,15,Out of Stock
P0557,S011,1,62,In Stock
P0557,S012,1,47,In Stock
P0557,S013,2,114,In Stock
P0557,S015,1,38,In Stock
P0557,S016,0,29,Out of Stock
P0557,S019,2,74,In Stock
P0557,S020,1,79,In Stock
P0557,S024,1,86,In Stock
P0558,S001,5,51,In Stock
P0558,S002,5,80,In Stock
P0558,S003,3,73,In Stock
P0558,S005,3,83,In Stock
P0558,S006,3,44,In Stock
P0558,S008,2,16,In Stock
P0558,S009,1,50,In Stock
P0558,S010,1,65,In Stock
P0558,S012,1,71,In Stock
P0558,S013,3,89,In Stock
P0558,S014,1,91,In Stock
P0558,S015,0,99,Out of Stock
P0558,S016,2,25,In Stock
P0558,S019,1,66,In Stock
P0558,S020,1,51,In Stock
P0558,S022,1,26,In Stock
P0558,S023,1,80,In Stock
P0558,S024,1,82,In Stock
P0558,S025,1,111,In Stock
P0559,S001,7,73,In Stock
P0559,S003,0,26,Out of Stock
P0559,S004,1,85,In Stock
P0559,S005,2,103,In Stock
P0559,S006,1,91,In Stock
P0559,S007,0,105,Out of Stock
P0559,S008,6,111,In Stock
P0559,S009,3,48,In Stock
P0559,S010,1,46,In Stock
P0559,S011,3,120,In Stock
P0559,S012,1,42,In Stock
P0559,S013,6,94,In Stock
P0559,S014,2,108,In Stock
P0559,S015,5,46,In Stock
P0559,S016,1,117,In Stock
P0559,S017,1,62,In Stock
P0559,S019,3,97,In Stock
P0559,S020,1,30,In Stock
P0559,S021,2,28,In Stock
P0559,S024,1,82,In Stock
P0560,S001,21,34,In Stock
P0560,S002,5,16,In Stock
P0560,S003,5,16,In Stock
P0560,S004,2,15,In Stock
P0560,S005,5,5,In Stock
P0560,S006,18,18,In Stock
P0560,S007,3,26,In Stock
P0560,S008,26,26,In Stock
P0560,S009,0,24,Out of Stock
P0560,S010,6,30,In Stock
P0560,S011,10,28,In Stock
P0560,S012,1,15,In Stock
P0560,S013,32,31,In Stock
P0560,S014,14,41,In Stock
P0560,S015,10,14,In Stock
P0560,S016,9,7,In Stock
P0560,S017,4,10,In Stock
P0560,S018,3,22,In Stock
P0560,S019,15,27,In Stock
P0560,S020,4,9,In Stock
P0560,S021,6,38,In Stock
P0560,S022,4,45,In Stock
P0560,S023,6,45,In Stock
P0560,S024,0,34,Out of Stock
P0560,S025,2,20,In Stock
P0560,S026,13,25,In Stock
P0561,S001,87,356,In Stock
P0561,S002,95,260,In Stock
P0561,S003,60,441,In Stock
P0561,S004,130,466,In Stock
P0561,S005,116,300,In Stock
P0561,S006,44,296,In Stock
P0561,S008,51,373,In Stock
P0561,S009,68,224,In Stock
P0561,S010,61,489,In Stock
P0561,S012,101,307,In Stock
P0561,S013,92,374,In Stock
P0561,S014,65,510,In Stock
P0561,S015,140,510,In Stock
P0561,S017,101,460,In Stock
P0561,S019,145,445,In Stock
P0561,S020,71,523,In Stock
P0561,S022,113,215,In Stock
P0561,S024,132,334,In Stock
P0562,S001,1,15,In Stock
P0562,S002,1,20,In Stock
P0562,S003,1,115,In Stock
P0562,S004,1,94,In Stock
P0562,S005,1,58,In Stock
P0562,S006,1,59,In Stock
P0562,S007,1,86,In Stock
P0562,S008,1,98,In Stock
P0562,S009,1,23,In Stock
P0562,S011,1,53,In Stock
P0562,S012,1,44,In Stock
P0562,S013,0,36,Out of Stock
P0562,S015,1,67,In Stock
P0562,S016,1,64,In Stock
P0562,S018,1,75,In Stock
P0562,S019,3,66,In Stock
P0562,S021,1,67,In Stock
P0562,S022,1,27,In Stock
P0562,S023,1,41,In Stock
P0562,S024,1,74,In Stock
P0562,S025,1,118,In Stock
P0562,S026,1,29,In Stock
P0563,S001,0,6,Out of Stock
P0563,S002,0,1,Out of Stock
P0563,S003,0,5,Out of Stock
P0563,S004,0,13,Out of Stock
P0563,S005,0,3,Out of Stock
P0563,S006,0,5,Out of Stock
P0563,S007,0,4,Out of Stock
P0563,S008,0,11,Out of Stock
P0563,S009,0,3,Out of Stock
P0563,S010,0,12,Out of Stock
P0563,S011,0,20,Out of Stock
P0563,S012,0,2,Out of Stock
P0563,S013,0,20,Out of Stock
P0563,S014,0,4,Out of Stock
P0563,S015,0,12,Out of Stock
P0563,S016,0,2,Out of Stock
P0563,S017,0,6,Out of Stock
P0563,S018,0,9,Out of Stock
P0563,S019,0,20,Out of Stock
P0563,S020,0,14,Out of Stock
P0563,S021,0,18,Out of Stock
P0563,S022,0,18,Out of Stock
P0563,S023,0,13,Out of Stock
P0563,S024,0,7,Out of Stock
P0563,S025,0,5,Out of Stock
P0563,S026,0,3,Out of Stock
P0564,S002,1,78,In Stock
P0564,S003,1,107,In Stock
P0564,S006,1,28,In Stock
P0564,S008,1,28,In Stock
P0564,S009,1,119,In Stock
P0564,S010,2,81,In Stock
P0564,S011,1,73,In Stock
P0564,S013,1,95,In Stock
P0564,S014,1,77,In Stock
P0564,S015,1,57,In Stock
P0564,S018,2,68,In Stock
P0564,S019,1,27,In Stock
P0564,S020,1,57,In Stock
P0564,S021,1,111,In Stock
P0564,S022,1,50,In Stock
P0564,S023,1,28,In Stock
P0564,S024,1,106,In Stock
P0564,S025,1,98,In Stock
P0565,S002,1,264,In Stock
P0565,S003,1,249,In Stock
P0565,S005,1,258,In Stock
P0565,S007,1,157,In Stock
P0565,S008,1,129,In Stock
P0565,S009,1,262,In Stock
P0565,S010,1,148,In Stock
P0565,S011,1,143,In Stock
P0565,S012,1,228,In Stock
P0565,S015,1,244,In Stock
P0565,S016,0,166,Out of Stock
P0565,S018,1,206,In Stock
P0565,S019,1,174,In Stock
P0565,S020,1,176,In Stock
P0565,S023,1,241,In Stock
P0565,S025,1,235,In Stock
P0565,S026,1,180,In Stock
P0566,S001,1,32,In Stock
P0566,S002,1,60,In Stock
P0566,S003,1,65,In Stock
P0566,S005,1,72,In Stock
P0566,S007,1,50,In Stock
P0566,S008,1,75,In Stock
P0566,S009,1,53,In Stock
P0566,S010,1,78,In Stock
P0566,S011,1,50,In Stock
P0566,S012,1,112,In Stock
P0566,S014,1,86,In Stock
P0566,S016,1,89,In Stock
P0566,S019,1,54,In Stock
P0566,S023,1,96,In Stock
P0567,S001,4,118,In Stock
P0567,S003,1,110,In Stock
P0567,S006,1,68,In Stock
P0567,S007,1,99,In Stock
P0567,S008,2,72,In Stock
P0567,S009,2,17,In Stock
P0567,S010,1,51,In Stock
P0567,S011,1,75,In Stock
P0567,S013,2,93,In Stock
P0567,S015,2,26,In Stock
P0567,S016,1,71,In Stock
P0567,S017,1,104,In Stock
P0567,S018,1,53,In Stock
P0567,S019,1,18,In Stock
P0567,S020,1,110,In Stock
P0567,S021,1,100,In Stock
P0567,S022,1,91,In Stock
P0567,S024,1,76,In Stock
P0567,S025,1,73,In Stock
P0567,S026,1,105,In Stock
P0568,S001,1,84,In Stock
P0568,S002,1,70,In Stock
P0568,S003,1,53,In Stock
P0568,S004,0,26,Out of Stock
P0568,S005,1,107,In Stock
P0568,S006,1,38,In Stock
P0568,S007,1,67,In Stock
P0568,S008,1,40,In Stock
P0568,S009,1,110,In Stock
P0568,S010,1,86,In Stock
P0568,S011,1,31,In Stock
P0568,S012,1,95,In Stock
P0568,S013,1,74,In Stock
P0568,S014,1,110,In Stock
P0568,S015,1,31,In Stock
P0568,S016,1,32,In Stock
P0568,S018,1,111,In Stock
P0568,S019,0,87,Out of Stock
P0568,S020,2,105,In Stock
P0568,S022,1,70,In Stock
P0568,S023,1,89,In Stock
P0568,S025,1,73,In Stock
P0569,S002,1,59,In Stock
P0569,S004,0,73,Out of Stock
P0569,S005,1,102,In Stock
P0569,S008,1,16,In Stock
P0569,S009,0,25,Out of Stock
P0569,S010,1,68,In Stock
P0569,S011,1,63,In Stock
P0569,S012,1,97,In Stock
P0569,S013,1,72,In Stock
P0569,S014,1,19,In Stock
P0569,S016,1,68,In Stock
P0569,S017,1,85,In Stock
P0569,S018,1,119,In Stock
P0569,S019,1,18,In Stock
P0569,S021,1,82,In Stock
P0569,S024,1,19,In Stock
P0569,S026,1,52,In Stock
P0570,S001,1,73,In Stock
P0570,S002,1,116,In Stock
P0570,S003,1,203,In Stock
P0570,S004,1,125,In Stock
P0570,S005,1,241,In Stock
P0570,S006,1,162,In Stock
P0570,S007,1,219,In Stock
P0570,S008,1,97,In Stock
P0570,S009,1,133,In Stock
P0570,S014,1,200,In Stock
P0570,S015,1,163,In Stock
P0570,S016,1,79,In Stock
P0570,S017,1,228,In Stock
P0570,S019,1,93,In Stock
P0570,S020,1,262,In Stock
P0570,S021,1,159,In Stock
P0570,S023,1,262,In Stock
P0570,S024,1,100,In Stock
P0570,S025,0,67,Out of Stock
P0570,S026,1,157,In Stock
P0571,S001,0,9,Out of Stock
P0571,S002,0,20,Out of Stock
P0571,S003,0,20,Out of Stock
P0571,S004,0,16,Out of Stock
P0571,S005,0,16,Out of Stock
P0571,S006,0,20,Out of Stock
P0571,S007,0,18,Out of Stock
P0571,S008,0,16,Out of Stock
P0571,S009,1,17,In Stock
P0571,S010,0,20,Out of Stock
P0571,S011,0,2,Out of Stock
P0571,S012,0,16,Out of Stock
P0571,S013,1,1,In Stock
P0571,S014,0,11,Out of Stock
P0571,S015,0,19,Out of Stock
P0571,S016,0,1,Out of Stock
P0571,S017,1,4,In Stock
P0571,S018,0,10,Out of Stock
P0571,S019,0,7,Out of Stock
P0571,S020,0,10,Out of Stock
P0571,S021,0,17,Out of Stock
P0571,S022,0,5,Out of Stock
P0571,S023,0,2,Out of Stock
P0571,S024,1,5,In Stock
P0571,S025,0,19,Out of Stock
P0571,S026,0,6,Out of Stock
P0572,S001,0,13,Out of Stock
P0572,S002,0,20,Out of Stock
P0572,S003,0,7,Out of Stock
P0572,S004,0,13,Out of Stock
P0572,S005,0,6,Out of Stock
P0572,S006,1,15,In Stock
P0572,S007,0,1,Out of Stock
P0572,S008,0,16,Out of Stock
P0572,S009,0,14,Out of Stock
P0572,S010,0,19,Out of Stock
P0572,S011,0,18,Out of Stock
P0572,S012,0,6,Out of Stock
P0572,S013,0,13,Out of Stock
P0572,S014,2,7,In Stock
P0572,S015,0,4,Out of Stock
P0572,S016,0,4,Out of Stock
P0572,S017,1,4,In Stock
P0572,S018,0,2,Out of Stock
P0572,S019,0,20,Out of Stock
P0572,S020,0,14,Out of Stock
P0572,S021,0,11,Out of Stock
P0572,S022,0,10,Out of Stock
P0572,S023,0,16,Out of Stock
P0572,S024,0,4,Out of Stock
P0572,S025,0,10,Out of Stock
P0572,S026,0,12,Out of Stock
P0573,S001,1,100,In Stock
P0573,S002,1,77,In Stock
P0573,S003,3,101,In Stock
P0573,S005,1,48,In Stock
P0573,S007,1,64,In Stock
P0573,S009,3,17,In Stock
P0573,S011,2,75,In Stock
P0573,S013,2,88,In Stock
P0573,S015,1,51,In Stock
P0573,S016,1,54,In Stock
P0573,S018,1,86,In Stock
P0573,S019,1,33,In Stock
P0573,S020,1,76,In Stock
P0573,S021,1,116,In Stock
P0573,S023,1,47,In Stock
P0573,S024,2,87,In Stock
P0573,S025,1,71,In Stock
P0573,S026,0,53,Out of Stock
P0574,S001,96,454,In Stock
P0574,S002,150,472,In Stock
P0574,S004,69,374,In Stock
P0574,S005,101,183,In Stock
P0574,S006,82,467,In Stock
P0574,S008,113,398,In Stock
P0574,S009,119,423,In Stock
P0574,S010,94,250,In Stock
P0574,S011,133,268,In Stock
P0574,S013,48,271,In Stock
P0574,S014,84,303,In Stock
P0574,S015,129,312,In Stock
P0574,S016,125,535,In Stock
P0574,S018,91,238,In Stock
P0574,S019,94,262,In Stock
P0574,S020,138,422,In Stock
P0574,S021,136,385,In Stock
P0574,S022,106,434,In Stock
P0574,S023,94,320,In Stock
P0574,S024,139,443,In Stock
P0575,S001,1,15,In Stock
P0575,S002,1,37,In Stock
P0575,S003,1,120,In Stock
P0575,S004,1,85,In Stock
P0575,S005,1,98,In Stock
P0575,S006,1,35,In Stock
P0575,S007,1,108,In Stock
P0575,S008,1,45,In Stock
P0575,S009,1,56,In Stock
P0575,S010,1,89,In Stock
P0575,S011,1,110,In Stock
P0575,S013,0,31,Out of Stock
P0575,S015,1,120,In Stock
P0575,S016,1,24,In Stock
P0575,S017,1,120,In Stock
P0575,S019,1,93,In Stock
P0575,S021,1,53,In Stock
P0575,S023,1,52,In Stock
P0575,S024,1,90,In Stock
P0576,S001,13,27,In Stock
P0576,S002,13,23,In Stock
P0576,S003,14,32,In Stock
P0576,S004,10,32,In Stock
P0576,S005,11,31,In Stock
P0576,S006,29,41,In Stock
P0576,S007,6,41,In Stock
P0576,S008,32,33,In Stock
P0576,S009,17,35,In Stock
P0576,S010,14,18,In Stock
P0576,S011,21,10,In Stock
P0576,S012,0,45,Out of Stock
P0576,S013,40,30,In Stock
P0576,S014,0,15,Out of Stock
P0576,S015,23,44,In Stock
P0576,S016,5,12,In Stock
P0576,S017,7,31,In Stock
P0576,S018,13,40,In Stock
P0576,S019,36,39,In Stock
P0576,S020,7,16,In Stock
P0576,S021,15,10,In Stock
P0576,S022,5,19,In Stock
P0576,S023,2,29,In Stock
P0576,S024,9,11,In Stock
P0576,S025,5,10,In Stock
P0576,S026,14,33,In Stock
P0577,S001,1,153,In Stock
P0577,S002,1,252,In Stock
P0577,S003,1,107,In Stock
P0577,S004,1,125,In Stock
P0577,S006,1,219,In Stock
P0577,S008,1,230,In Stock
P0577,S009,1,254,In Stock
P0577,S010,1,166,In Stock
P0577,S011,1,110,In Stock
P0577,S013,1,203,In Stock
P0577,S014,1,83,In Stock
P0577,S015,1,253,In Stock
P0577,S018,1,196,In Stock
P0577,S019,1,76,In Stock
P0577,S020,1,130,In Stock
P0577,S021,0,155,Out of Stock
P0577,S022,1,185,In Stock
P0577,S023,1,128,In Stock
P0577,S024,1,109,In Stock
P0577,S025,1,180,In Stock
P0577,S026,1,115,In Stock
P0578,S001,4,68,In Stock
P0578,S002,1,72,In Stock
P0578,S003,3,50,In Stock
P0578,S006,2,74,In Stock
P0578,S008,1,19,In Stock
P0578,S009,3,53,In Stock
P0578,S010,2,105,In Stock
P0578,S011,2,33,In Stock
P0578,S013,4,118,In Stock
P0578,S014,2,106,In Stock
P0578,S015,0,55,Out of Stock
P0578,S019,5,94,In Stock
P0578,S020,1,29,In Stock
P0578,S024,2,38,In Stock
P0578,S025,1,63,In Stock
P0578,S026,3,108,In Stock
P0579,S001,1,226,In Stock
P0579,S002,1,119,In Stock
P0579,S003,1,103,In Stock
P0579,S004,1,191,In Stock
P0579,S005,1,102,In Stock
P0579,S007,1,66,In Stock
P0579,S008,1,96,In Stock
P0579,S011,1,209,In Stock
P0579,S012,1,230,In Stock
P0579,S013,1,260,In Stock
P0579,S014,1,216,In Stock
P0579,S015,1,118,In Stock
P0579,S016,1,155,In Stock
P0579,S018,1,223,In Stock
P0579,S020,1,174,In Stock
P0579,S021,1,72,In Stock
P0579,S024,1,236,In Stock
P0579,S025,1,73,In Stock
P0579,S026,1,135,In Stock
P0580,S001,125,489,In Stock
P0580,S002,34,439,In Stock
P0580,S003,119,318,In Stock
P0580,S004,98,210,In Stock
P0580,S005,89,426,In Stock
P0580,S006,69,379,In Stock
P0580,S007,71,182,In Stock
P0580,S008,43,460,In Stock
P0580,S010,131,299,In Stock
P0580,S012,36,399,In Stock
P0580,S013,139,223,In Stock
P0580,S014,60,318,In Stock
P0580,S015,114,210,In Stock
P0580,S016,37,285,In Stock
P0580,S017,119,372,In Stock
P0580,S019,113,539,In Stock
P0580,S020,144,363,In Stock
P0580,S022,49,373,In Stock
P0580,S023,103,474,In Stock
P0580,S025,127,432,In Stock
P0580,S026,116,390,In Stock
P0581,S001,2,83,In Stock
P0581,S002,2,87,In Stock
P0581,S003,1,106,In Stock
P0581,S005,3,93,In Stock
P0581,S006,3,23,In Stock
P0581,S008,3,64,In Stock
P0581,S009,1,90,In Stock
P0581,S011,3,115,In Stock
P0581,S013,6,70,In Stock
P0581,S015,1,40,In Stock
P0581,S016,1,31,In Stock
P0581,S021,1,89,In Stock
P0581,S022,2,90,In Stock
P0581,S023,4,65,In Stock
P0581,S024,1,15,In Stock
P0581,S026,1,39,In Stock
P0582,S001,2,74,In Stock
P0582,S002,1,92,In Stock
P0582,S003,2,113,In Stock
P0582,S005,1,104,In Stock
P0582,S006,1,65,In Stock
P0582,S007,1,38,In Stock
P0582,S008,2,39,In Stock
P0582,S009,1,72,In Stock
P0582,S010,1,47,In Stock
P0582,S013,1,54,In Stock
P0582,S015,2,76,In Stock
P0582,S016,1,105,In Stock
P0582,S018,1,107,In Stock
P0582,S019,2,115,In Stock
P0582,S020,1,34,In Stock
P0582,S021,1,43,In Stock
P0582,S025,1,120,In Stock
P0583,S001,1,118,In Stock
P0583,S002,1,112,In Stock
P0583,S003,1,93,In Stock
P0583,S005,1,25,In Stock
P0583,S008,3,50,In Stock
P0583,S009,1,100,In Stock
P0583,S011,1,79,In Stock
P0583,S013,1,19,In Stock
P0583,S014,1,31,In Stock
P0583,S015,1,25,In Stock
P0583,S016,1,60,In Stock
P0583,S018,1,96,In Stock
P0583,S019,1,68,In Stock
P0583,S020,1,106,In Stock
P0583,S021,1,39,In Stock
P0583,S022,1,85,In Stock
P0583,S023,1,65,In Stock
P0583,S024,1,106,In Stock
P0584,S001,1,40,In Stock
P0584,S003,1,25,In Stock
P0584,S004,1,119,In Stock
P0584,S006,1,119,In Stock
P0584,S008,1,95,In Stock
P0584,S010,3,59,In Stock
P0584,S011,1,25,In Stock
P0584,S012,2,19,In Stock
P0584,S013,3,84,In Stock
P0584,S014,1,102,In Stock
P0584,S016,1,117,In Stock
P0584,S017,1,68,In Stock
P0584,S018,2,29,In Stock
P0584,S019,4,36,In Stock
P0584,S020,1,29,In Stock
P0584,S021,1,62,In Stock
P0584,S023,1,58,In Stock
P0584,S024,1,38,In Stock
P0584,S025,1,35,In Stock
P0584,S026,1,45,In Stock
P0585,S001,1,81,In Stock
P0585,S002,1,45,In Stock
P0585,S003,1,71,In Stock
P0585,S004,1,114,In Stock
P0585,S005,1,95,In Stock
P0585,S008,1,116,In Stock
P0585,S009,1,18,In Stock
P0585,S010,1,118,In Stock
P0585,S011,1,61,In Stock
P0585,S013,1,69,In Stock
P0585,S014,1,90,In Stock
P0585,S015,1,114,In Stock
P0585,S016,1,72,In Stock
P0585,S017,1,15,In Stock
P0585,S018,0,114,Out of Stock
P0585,S019,4,55,In Stock
P0585,S022,1,70,In Stock
P0585,S023,1,50,In Stock
P0585,S024,1,104,In Stock
P0585,S025,1,80,In Stock
P0585,S026,1,70,In Stock
P0586,S001,34,417,In Stock
P0586,S002,53,472,In Stock
P0586,S005,68,523,In Stock
P0586,S009,57,293,In Stock
P0586,S010,75,188,In Stock
P0586,S012,138,362,In Stock
P0586,S013,82,450,In Stock
P0586,S014,145,402,In Stock
P0586,S015,64,289,In Stock
P0586,S016,116,237,In Stock
P0586,S017,79,394,In Stock
P0586,S018,90,516,In Stock
P0586,S019,106,204,In Stock
P0586,S022,140,341,In Stock
P0586,S024,63,210,In Stock
P0586,S025,50,422,In Stock
P0586,S026,40,437,In Stock
P0587,S001,1,29,In Stock
P0587,S002,0,83,Out of Stock
P0587,S003,1,82,In Stock
P0587,S005,2,118,In Stock
P0587,S006,1,66,In Stock
P0587,S008,1,97,In Stock
P0587,S009,1,108,In Stock
P0587,S010,1,49,In Stock
P0587,S011,1,41,In Stock
P0587,S013,1,45,In Stock
P0587,S014,1,80,In Stock
P0587,S016,1,33,In Stock
P0587,S019,1,120,In Stock
P0587,S021,2,18,In Stock
P0587,S022,1,47,In Stock
P0587,S024,1,41,In Stock
P0587,S025,1,81,In Stock
P0587,S026,1,57,In Stock
P0588,S001,4,95,In Stock
P0588,S002,2,116,In Stock
P0588,S004,1,77,In Stock
P0588,S007,1,73,In Stock
P0588,S009,1,51,In Stock
P0588,S010,1,24,In Stock
P0588,S012,1,75,In Stock
P0588,S013,3,106,In Stock
P0588,S014,1,107,In Stock
P0588,S016,0,98,Out of Stock
P0588,S017,1,54,In Stock
P0588,S018,1,83,In Stock
P0588,S019,4,89,In Stock
P0588,S020,1,45,In Stock
P0588,S021,1,66,In Stock
P0588,S023,1,34,In Stock
P0589,S001,1,109,In Stock
P0589,S002,1,22,In Stock
P0589,S003,1,65,In Stock
P0589,S005,1,90,In Stock
P0589,S006,0,17,Out of Stock
P0589,S008,1,57,In Stock
P0589,S009,1,29,In Stock
P0589,S010,1,118,In Stock
P0589,S011,2,91,In Stock
P0589,S012,1,34,In Stock
P0589,S013,1,48,In Stock
P0589,S014,1,79,In Stock
P0589,S015,1,41,In Stock
P0589,S016,1,110,In Stock
P0589,S018,1,103,In Stock
P0589,S019,1,66,In Stock
P0589,S020,1,66,In Stock
P0589,S022,1,25,In Stock
P0589,S023,1,26,In Stock
P0589,S024,1,110,In Stock
P0589,S026,1,32,In Stock
P0590,S001,1,98,In Stock
P0590,S002,1,52,In Stock
P0590,S003,1,59,In Stock
P0590,S004,1,106,In Stock
P0590,S005,1,120,In Stock
P0590,S006,1,107,In Stock
P0590,S008,1,88,In Stock
P0590,S009,1,73,In Stock
P0590,S010,1,55,In Stock
P0590,S011,1,68,In Stock
P0590,S012,1,60,In Stock
P0590,S013,1,104,In Stock
P0590,S014,1,86,In Stock
P0590,S015,1,76,In Stock
P0590,S016,1,97,In Stock
P0590,S017,1,99,In Stock
P0590,S019,1,32,In Stock
P0590,S020,1,46,In Stock
P0590,S021,1,70,In Stock
P0590,S022,1,57,In Stock
P0590,S024,1,39,In Stock
P0591,S001,1,61,In Stock
P0591,S003,0,101,Out of Stock
P0591,S004,1,80,In Stock
P0591,S006,1,30,In Stock
P0591,S007,1,36,In Stock
P0591,S008,1,56,In Stock
P0591,S009,1,16,In Stock
P0591,S010,1,114,In Stock
P0591,S012,2,90,In Stock
P0591,S013,1,24,In Stock
P0591,S016,1,65,In Stock
P0591,S017,2,95,In Stock
P0591,S018,1,84,In Stock
P0591,S019,1,38,In Stock
P0591,S020,1,73,In Stock
P0591,S023,1,39,In Stock
P0591,S024,1,30,In Stock
P0591,S025,0,24,Out of Stock
P0592,S001,1,157,In Stock
P0592,S002,1,239,In Stock
P0592,S005,1,167,In Stock
P0592,S006,1,139,In Stock
P0592,S008,1,62,In Stock
P0592,S009,1,75,In Stock
P0592,S010,1,251,In Stock
P0592,S012,1,148,In Stock
P0592,S013,1,104,In Stock
P0592,S014,1,180,In Stock
P0592,S015,1,188,In Stock
P0592,S016,1,223,In Stock
P0592,S017,1,134,In Stock
P0592,S019,1,194,In Stock
P0592,S020,1,60,In Stock
P0592,S022,1,94,In Stock
P0592,S023,1,95,In Stock
P0592,S024,1,149,In Stock
P0592,S025,1,155,In Stock
P0593,S001,1,17,In Stock
P0593,S003,1,59,In Stock
P0593,S005,1,90,In Stock
P0593,S006,1,19,In Stock
P0593,S007,0,111,Out of Stock
P0593,S008,1,61,In Stock
P0593,S009,1,47,In Stock
P0593,S010,1,20,In Stock
P0593,S013,1,34,In Stock
P0593,S015,1,109,In Stock
P0593,S016,1,19,In Stock
P0593,S017,1,45,In Stock
P0593,S018,1,64,In Stock
P0593,S019,1,24,In Stock
P0593,S021,1,92,In Stock
P0593,S024,1,87,In Stock
P0594,S001,21,44,In Stock
P0594,S002,6,16,In Stock
P0594,S003,15,42,In Stock
P0594,S004,2,23,In Stock
P0594,S005,2,15,In Stock
P0594,S006,4,44,In Stock
P0594,S007,5,20,In Stock
P0594,S008,4,36,In Stock
P0594,S009,1,21,In Stock
P0594,S010,6,10,In Stock
P0594,S011,4,35,In Stock
P0594,S012,6,44,In Stock
P0594,S013,11,37,In Stock
P0594,S014,8,30,In Stock
P0594,S015,4,20,In Stock
P0594,S016,5,23,In Stock
P0594,S017,7,27,In Stock
P0594,S018,3,35,In Stock
P0594,S019,10,42,In Stock
P0594,S020,11,20,In Stock
P0594,S021,2,30,In Stock
P0594,S022,6,41,In Stock
P0594,S023,3,22,In Stock
P0594,S024,16,12,In Stock
P0594,S025,5,7,In Stock
P0594,S026,7,16,In Stock
P0595,S001,1,116,In Stock
P0595,S002,1,102,In Stock
P0595,S004,2,111,In Stock
P0595,S005,1,47,In Stock
P0595,S006,1,38,In Stock
P0595,S008,1,40,In Stock
P0595,S009,1,90,In Stock
P0595,S010,1,16,In Stock
P0595,S014,1,89,In Stock
P0595,S015,1,104,In Stock
P0595,S019,1,36,In Stock
P0595,S020,1,72,In Stock
P0595,S021,1,40,In Stock
P0595,S023,1,26,In Stock
P0595,S025,1,49,In Stock
P0596,S001,1,95,In Stock
P0596,S002,1,15,In Stock
P0596,S003,2,115,In Stock
P0596,S005,1,69,In Stock
P0596,S008,4,42,In Stock
P0596,S009,3,59,In Stock
P0596,S010,1,47,In Stock
P0596,S011,2,95,In Stock
P0596,S013,1,64,In Stock
P0596,S014,1,48,In Stock
P0596,S016,1,92,In Stock
P0596,S019,1,94,In Stock
P0596,S022,1,84,In Stock
P0596,S024,1,82,In Stock
P0596,S025,1,118,In Stock
P0596,S026,1,114,In Stock
P0597,S001,90,463,In Stock
P0597,S002,146,455,In Stock
P0597,S003,39,331,In Stock
P0597,S005,60,263,In Stock
P0597,S006,76,525,In Stock
P0597,S007,147,421,In Stock
P0597,S008,87,451,In Stock
P0597,S010,84,350,In Stock
P0597,S012,136,363,In Stock
P0597,S013,106,251,In Stock
P0597,S015,40,199,In Stock
P0597,S016,47,369,In Stock
P0597,S017,128,480,In Stock
P0597,S019,143,285,In Stock
P0597,S024,111,325,In Stock
P0597,S025,118,316,In Stock
P0598,S001,1,53,In Stock
P0598,S002,3,101,In Stock
P0598,S003,1,79,In Stock
P0598,S005,1,30,In Stock
P0598,S006,1,98,In Stock
P0598,S008,1,65,In Stock
P0598,S010,2,87,In Stock
P0598,S013,1,104,In Stock
P0598,S014,1,120,In Stock
P0598,S015,3,15,In Stock
P0598,S016,2,89,In Stock
P0598,S017,1,45,In Stock
P0598,S018,1,26,In Stock
P0598,S019,1,27,In Stock
P0598,S020,1,96,In Stock
P0598,S021,1,115,In Stock
P0598,S023,1,27,In Stock
P0598,S024,1,85,In Stock
P0598,S025,1,35,In Stock
P0598,S026,1,24,In Stock
P0599,S001,1,52,In Stock
P0599,S002,1,94,In Stock
P0599,S003,5,19,In Stock
P0599,S004,1,44,In Stock
P0599,S005,1,99,In Stock
P0599,S006,2,42,In Stock
P0599,S007,1,55,In Stock
P0599,S008,3,109,In Stock
P0599,S010,1,114,In Stock
P0599,S011,1,110,In Stock
P0599,S013,4,83,In Stock
P0599,S014,1,106,In Stock
P0599,S015,1,37,In Stock
P0599,S016,1,32,In Stock
P0599,S018,1,21,In Stock
P0599,S019,5,69,In Stock
P0599,S020,1,106,In Stock
P0599,S023,1,41,In Stock
P0599,S024,3,19,In Stock
P0599,S026,1,50,In Stock
P0600,S001,1,64,In Stock
P0600,S002,3,107,In Stock
P0600,S003,1,98,In Stock
P0600,S006,2,23,In Stock
P0600,S007,1,39,In Stock
P0600,S008,1,115,In Stock
P0600,S009,1,62,In Stock
P0600,S011,1,56,In Stock
P0600,S013,1,21,In Stock
P0600,S014,1,37,In Stock
P0600,S015,1,40,In Stock
P0600,S016,1,48,In Stock
P0600,S017,1,35,In Stock
P0600,S018,1,51,In Stock
P0600,S019,1,33,In Stock
P0600,S021,1,80,In Stock
P0600,S023,1,107,In Stock
P0600,S024,1,51,In Stock
P0600,S025,1,59,In Stock
P0601,S001,1,113,In Stock
P0601,S002,1,110,In Stock
P0601,S005,1,78,In Stock
P0601,S007,2,89,In Stock
P0601,S008,2,83,In Stock
P0601,S009,2,49,In Stock
P0601,S011,1,35,In Stock
P0601,S013,4,93,In Stock
P0601,S014,3,113,In Stock
P0601,S015,3,111,In Stock
P0601,S016,1,23,In Stock
P0601,S018,2,66,In Stock
P0601,S019,1,97,In Stock
P0601,S021,1,46,In Stock
P0601,S022,3,28,In Stock
P0601,S023,0,98,Out of Stock
P0601,S024,2,95,In Stock
P0602,S001,1,11,In Stock
P0602,S002,1,32,In Stock
P0602,S003,1,39,In Stock
P0602,S004,1,13,In Stock
P0602,S005,1,27,In Stock
P0602,S006,1,21,In Stock
P0602,S007,1,21,In Stock
P0602,S008,1,44,In Stock
P0602,S009,1,45,In Stock
P0602,S010,1,5,In Stock
P0602,S011,1,22,In Stock
P0602,S012,1,5,In Stock
P0602,S013,1,36,In Stock
P0602,S014,1,25,In Stock
P0602,S015,2,38,In Stock
P0602,S016,2,35,In Stock
P0602,S017,1,26,In Stock
P0602,S018,2,16,In Stock
P0602,S019,0,14,Out of Stock
P0602,S020,1,16,In Stock
P0602,S021,2,21,In Stock
P0602,S022,5,33,In Stock
P0602,S023,1,14,In Stock
P0602,S024,1,14,In Stock
P0602,S025,1,20,In Stock
P0602,S026,1,29,In Stock
P0603,S001,1,181,In Stock
P0603,S002,1,200,In Stock
P0603,S003,1,258,In Stock
P0603,S004,1,186,In Stock
P0603,S006,1,168,In Stock
P0603,S007,1,223,In Stock
P0603,S008,1,254,In Stock
P0603,S009,1,256,In Stock
P0603,S010,1,188,In Stock
P0603,S013,1,107,In Stock
P0603,S014,1,146,In Stock
P0603,S015,1,80,In Stock
P0603,S018,1,197,In Stock
P0603,S019,1,239,In Stock
P0603,S020,1,235,In Stock
P0603,S022,1,218,In Stock
P0603,S023,1,60,In Stock
P0604,S001,1,151,In Stock
P0604,S002,1,265,In Stock
P0604,S003,1,121,In Stock
P0604,S005,1,209,In Stock
P0604,S006,1,131,In Stock
P0604,S007,1,262,In Stock
P0604,S008,1,117,In Stock
P0604,S009,1,152,In Stock
P0604,S010,1,90,In Stock
P0604,S011,1,151,In Stock
P0604,S012,1,169,In Stock
P0604,S013,1,72,In Stock
P0604,S017,1,215,In Stock
P0604,S018,1,95,In Stock
P0604,S019,1,263,In Stock
P0604,S020,1,269,In Stock
P0604,S021,0,185,Out of Stock
P0604,S023,1,227,In Stock
P0604,S025,1,206,In Stock
P0604,S026,1,157,In Stock
P0605,S001,1,55,In Stock
P0605,S003,1,101,In Stock
P0605,S005,1,95,In Stock
P0605,S006,1,51,In Stock
P0605,S008,1,21,In Stock
P0605,S009,1,61,In Stock
P0605,S010,1,69,In Stock
P0605,S012,1,79,In Stock
P0605,S013,1,50,In Stock
P0605,S015,1,17,In Stock
P0605,S016,1,113,In Stock
P0605,S019,1,97,In Stock
P0605,S022,1,64,In Stock
P0605,S023,1,35,In Stock
P0605,S024,1,86,In Stock
P0606,S001,1,56,In Stock
P0606,S002,1,76,In Stock
P0606,S005,0,60,Out of Stock
P0606,S006,1,34,In Stock
P0606,S007,1,73,In Stock
P0606,S008,1,41,In Stock
P0606,S009,1,18,In Stock
P0606,S010,1,30,In Stock
P0606,S011,1,20,In Stock
P0606,S013,1,24,In Stock
P0606,S014,1,41,In Stock
P0606,S015,1,107,In Stock
P0606,S016,1,81,In Stock
P0606,S018,1,91,In Stock
P0606,S019,1,65,In Stock
P0606,S020,0,42,Out of Stock
P0606,S021,1,17,In Stock
P0606,S023,1,54,In Stock
P0607,S001,3,28,In Stock
P0607,S002,3,22,In Stock
P0607,S003,3,38,In Stock
P0607,S004,2,29,In Stock
P0607,S005,2,31,In Stock
P0607,S006,5,40,In Stock
P0607,S007,1,39,In Stock
P0607,S008,2,24,In Stock
P0607,S009,1,18,In Stock
P0607,S010,3,14,In Stock
P0607,S011,5,30,In Stock
P0607,S012,1,33,In Stock
P0607,S013,7,44,In Stock
P0607,S014,1,9,In Stock
P0607,S015,2,41,In Stock
P0607,S016,1,22,In Stock
P0607,S017,1,17,In Stock
P0607,S018,1,8,In Stock
P0607,S019,4,40,In Stock
P0607,S020,3,14,In Stock
P0607,S021,1,21,In Stock
P0607,S022,3,39,In Stock
P0607,S023,3,42,In Stock
P0607,S024,1,44,In Stock
P0607,S025,1,22,In Stock
P0607,S026,1,18,In Stock
P0608,S001,1,72,In Stock
P0608,S002,1,23,In Stock
P0608,S005,1,87,In Stock
P0608,S006,1,17,In Stock
P0608,S007,1,78,In Stock
P0608,S008,0,82,Out of Stock
P0608,S010,1,87,In Stock
P0608,S011,1,90,In Stock
P0608,S013,1,100,In Stock
P0608,S015,1,46,In Stock
P0608,S016,1,63,In Stock
P0608,S017,1,84,In Stock
P0608,S018,1,54,In Stock
P0608,S019,1,41,In Stock
P0608,S022,1,86,In Stock
P0608,S024,1,39,In Stock
P0608,S026,1,95,In Stock
P0609,S001,1,44,In Stock
P0609,S002,1,109,In Stock
P0609,S003,1,111,In Stock
P0609,S004,1,59,In Stock
P0609,S005,1,75,In Stock
P0609,S008,1,72,In Stock
P0609,S009,1,18,In Stock
P0609,S010,1,41,In Stock
P0609,S011,2,38,In Stock
P0609,S012,1,75,In Stock
P0609,S013,1,75,In Stock
P0609,S014,1,37,In Stock
P0609,S015,1,74,In Stock
P0609,S017,1,23,In Stock
P0609,S019,1,73,In Stock
P0609,S020,1,60,In Stock
P0609,S022,1,69,In Stock
P0609,S025,1,27,In Stock
P0610,S001,1,35,In Stock
P0610,S002,1,16,In Stock
P0610,S003,1,70,In Stock
P0610,S004,0,116,Out of Stock
P0610,S005,2,79,In Stock
P0610,S006,1,105,In Stock
P0610,S008,1,76,In Stock
P0610,S009,1,105,In Stock
P0610,S010,1,41,In Stock
P0610,S011,1,93,In Stock
P0610,S012,2,82,In Stock
P0610,S013,1,110,In Stock
P0610,S017,1,76,In Stock
P0610,S018,1,58,In Stock
P0610,S019,1,19,In Stock
P0610,S020,1,95,In Stock
P0610,S025,1,38,In Stock
P0610,S026,1,76,In Stock
P0611,S001,10,22,In Stock
P0611,S002,5,13,In Stock
P0611,S003,8,14,In Stock
P0611,S004,7,45,In Stock
P0611,S005,5,33,In Stock
P0611,S006,5,35,In Stock
P0611,S007,4,39,In Stock
P0611,S008,13,19,In Stock
P0611,S009,9,10,In Stock
P0611,S010,12,33,In Stock
P0611,S011,13,25,In Stock
P0611,S012,3,11,In Stock
P0611,S013,8,30,In Stock
P0611,S014,8,28,In Stock
P0611,S015,8,41,In Stock
P0611,S016,6,42,In Stock
P0611,S017,4,30,In Stock
P0611,S018,5,12,In Stock
P0611,S019,8,10,In Stock
P0611,S020,6,21,In Stock
P0611,S021,5,15,In Stock
P0611,S022,9,25,In Stock
P0611,S023,2,19,In Stock
P0611,S024,6,31,In Stock
P0611,S025,6,35,In Stock
P0611,S026,2,23,In Stock
P0612,S001,1,54,In Stock
P0612,S002,1,91,In Stock
P0612,S003,1,94,In Stock
P0612,S004,2,82,In Stock
P0612,S005,1,105,In Stock
P0612,S006,1,27,In Stock
P0612,S007,1,100,In Stock
P0612,S008,2,113,In Stock
P0612,S009,0,38,Out of Stock
P0612,S011,1,23,In Stock
P0612,S012,1,25,In Stock
P0612,S013,1,58,In Stock
P0612,S014,0,59,Out of Stock
P0612,S015,1,110,In Stock
P0612,S016,1,100,In Stock
P0612,S017,1,48,In Stock
P0612,S019,1,98,In Stock
P0612,S020,1,64,In Stock
P0612,S022,1,42,In Stock
P0612,S023,1,29,In Stock
P0612,S026,1,114,In Stock
P0613,S001,1,99,In Stock
P0613,S002,1,72,In Stock
P0613,S003,1,69,In Stock
P0613,S004,1,50,In Stock
P0613,S006,1,82,In Stock
P0613,S007,1,38,In Stock
P0613,S008,1,19,In Stock
P0613,S009,1,93,In Stock
P0613,S012,1,60,In Stock
P0613,S013,1,88,In Stock
P0613,S014,1,116,In Stock
P0613,S016,1,101,In Stock
P0613,S017,0,99,Out of Stock
P0613,S019,1,40,In Stock
P0613,S020,1,112,In Stock
P0613,S022,1,36,In Stock
P0613,S024,1,75,In Stock
P0613,S026,1,18,In Stock
P0614,S001,1,35,In Stock
P0614,S002,1,71,In Stock
P0614,S005,2,113,In Stock
P0614,S006,1,53,In Stock
P0614,S008,1,37,In Stock
P0614,S009,1,66,In Stock
P0614,S010,2,80,In Stock
P0614,S011,1,72,In Stock
P0614,S013,1,112,In Stock
P0614,S014,1,95,In Stock
P0614,S017,1,107,In Stock
P0614,S019,2,84,In Stock
P0614,S020,1,23,In Stock
P0614,S021,1,47,In Stock
P0614,S024,1,74,In Stock
P0614,S025,1,54,In Stock
P0615,S001,1,22,In Stock
P0615,S004,1,42,In Stock
P0615,S005,1,36,In Stock
P0615,S007,1,70,In Stock
P0615,S008,1,120,In Stock
P0615,S011,1,57,In Stock
P0615,S013,2,55,In Stock
P0615,S014,1,59,In Stock
P0615,S015,1,92,In Stock
P0615,S016,1,88,In Stock
P0615,S019,1,16,In Stock
P0615,S020,1,71,In Stock
P0615,S024,1,83,In Stock
P0615,S026,1,18,In Stock
P0616,S001,1,112,In Stock
P0616,S003,1,24,In Stock
P0616,S005,1,23,In Stock
P0616,S006,1,23,In Stock
P0616,S007,1,49,In Stock
P0616,S008,1,102,In Stock
P0616,S011,1,90,In Stock
P0616,S013,1,109,In Stock
P0616,S015,1,15,In Stock
P0616,S016,1,19,In Stock
P0616,S018,1,62,In Stock
P0616,S019,1,105,In Stock
P0616,S022,1,117,In Stock
P0616,S024,1,104,In Stock
P0616,S026,1,81,In Stock
P0617,S001,1,69,In Stock
P0617,S002,1,45,In Stock
P0617,S003,1,104,In Stock
P0617,S004,1,94,In Stock
P0617,S005,1,30,In Stock
P0617,S006,1,28,In Stock
P0617,S007,1,60,In Stock
P0617,S008,1,63,In Stock
P0617,S009,1,93,In Stock
P0617,S010,1,120,In Stock
P0617,S012,1,38,In Stock
P0617,S013,1,47,In Stock
P0617,S014,1,117,In Stock
P0617,S016,1,72,In Stock
P0617,S018,1,79,In Stock
P0617,S019,1,21,In Stock
P0617,S020,1,47,In Stock
P0617,S022,1,104,In Stock
P0617,S023,1,68,In Stock
P0617,S024,1,56,In Stock
P0617,S025,1,68,In Stock
P0618,S001,1,209,In Stock
P0618,S002,1,200,In Stock
P0618,S004,1,229,In Stock
P0618,S005,1,175,In Stock
P0618,S006,1,244,In Stock
P0618,S007,1,191,In Stock
P0618,S008,1,256,In Stock
P0618,S009,1,132,In Stock
P0618,S010,1,97,In Stock
P0618,S011,1,139,In Stock
P0618,S013,1,139,In Stock
P0618,S014,1,228,In Stock
P0618,S015,1,162,In Stock
P0618,S019,1,151,In Stock
P0618,S024,1,62,In Stock
P0618,S026,1,196,In Stock
P0619,S001,1,117,In Stock
P0619,S002,1,93,In Stock
P0619,S004,1,84,In Stock
P0619,S005,1,44,In Stock
P0619,S006,1,104,In Stock
P0619,S007,1,90,In Stock
P0619,S008,1,19,In Stock
P0619,S009,1,32,In Stock
P0619,S011,1,18,In Stock
P0619,S013,1,36,In Stock
P0619,S014,1,53,In Stock
P0619,S015,0,117,Out of Stock
P0619,S017,1,70,In Stock
P0619,S019,2,50,In Stock
P0619,S020,1,110,In Stock
P0619,S021,1,120,In Stock
P0619,S022,1,68,In Stock
P0619,S025,1,45,In Stock
P0619,S026,1,111,In Stock
P0620,S001,1,16,In Stock
P0620,S002,3,28,In Stock
P0620,S003,3,20,In Stock
P0620,S004,1,35,In Stock
P0620,S005,1,45,In Stock
P0620,S006,2,35,In Stock
P0620,S007,1,35,In Stock
P0620,S008,0,20,Out of Stock
P0620,S009,1,38,In Stock
P0620,S010,2,28,In Stock
P0620,S011,3,41,In Stock
P0620,S012,1,31,In Stock
P0620,S013,4,19,In Stock
P0620,S014,1,31,In Stock
P0620,S015,5,16,In Stock
P0620,S016,1,15,In Stock
P0620,S017,1,34,In Stock
P0620,S018,1,12,In Stock
P0620,S019,4,40,In Stock
P0620,S020,1,17,In Stock
P0620,S021,1,38,In Stock
P0620,S022,1,35,In Stock
P0620,S023,1,13,In Stock
P0620,S024,3,16,In Stock
P0620,S025,1,36,In Stock
P0620,S026,1,42,In Stock
P0621,S001,1,114,In Stock
P0621,S002,1,67,In Stock
P0621,S003,1,89,In Stock
P0621,S005,1,76,In Stock
P0621,S006,1,120,In Stock
P0621,S007,1,79,In Stock
P0621,S008,1,68,In Stock
P0621,S010,1,106,In Stock
P0621,S011,1,49,In Stock
P0621,S012,1,92,In Stock
P0621,S013,1,28,In Stock
P0621,S014,1,24,In Stock
P0621,S015,1,37,In Stock
P0621,S016,1,37,In Stock
P0621,S017,1,29,In Stock
P0621,S019,1,100,In Stock
P0621,S021,1,97,In Stock
P0621,S023,1,77,In Stock
P0621,S024,1,28,In Stock
P0622,S001,1,56,In Stock
P0622,S002,1,51,In Stock
P0622,S004,1,73,In Stock
P0622,S005,3,96,In Stock
P0622,S008,4,92,In Stock
P0622,S009,1,69,In Stock
P0622,S010,1,69,In Stock
P0622,S011,3,119,In Stock
P0622,S012,1,104,In Stock
P0622,S013,7,87,In Stock
P0622,S014,7,119,In Stock
P0622,S015,2,27,In Stock
P0622,S016,2,63,In Stock
P0622,S017,1,116,In Stock
P0622,S018,1,57,In Stock
P0622,S019,4,34,In Stock
P0622,S023,1,79,In Stock
P0622,S024,3,87,In Stock
P0622,S025,2,95,In Stock
P0623,S001,1,99,In Stock
P0623,S002,1,89,In Stock
P0623,S003,2,93,In Stock
P0623,S004,1,104,In Stock
P0623,S006,1,90,In Stock
P0623,S007,1,28,In Stock
P0623,S008,1,78,In Stock
P0623,S010,1,91,In Stock
P0623,S011,1,18,In Stock
P0623,S013,0,31,Out of Stock
P0623,S014,1,73,In Stock
P0623,S018,1,74,In Stock
P0623,S019,1,50,In Stock
P0623,S024,1,92,In Stock
P0623,S025,1,96,In Stock
P0624,S001,3,98,In Stock
P0624,S002,5,54,In Stock
P0624,S003,1,18,In Stock
P0624,S004,1,18,In Stock
P0624,S008,1,103,In Stock
P0624,S010,3,57,In Stock
P0624,S011,6,93,In Stock
P0624,S013,2,42,In Stock
P0624,S014,2,65,In Stock
P0624,S015,1,117,In Stock
P0624,S016,1,73,In Stock
P0624,S018,1,93,In Stock
P0624,S019,0,29,Out of Stock
P0624,S020,1,75,In Stock
P0624,S023,2,103,In Stock
P0624,S024,1,47,In Stock
P0624,S025,1,17,In Stock
P0625,S001,1,9,In Stock
P0625,S002,0,15,Out of Stock
P0625,S003,1,12,In Stock
P0625,S004,0,14,Out of Stock
P0625,S005,0,3,Out of Stock
P0625,S006,1,19,In Stock
P0625,S007,1,7,In Stock
P0625,S008,1,5,In Stock
P0625,S009,0,6,Out of Stock
P0625,S010,1,16,In Stock
P0625,S011,0,7,Out of Stock
P0625,S012,2,17,In Stock
P0625,S013,0,3,Out of Stock
P0625,S014,0,20,Out of Stock
P0625,S015,0,8,Out of Stock
P0625,S016,0,3,Out of Stock
P0625,S017,1,6,In Stock
P0625,S018,0,9,Out of Stock
P0625,S019,0,1,Out of Stock
P0625,S020,0,2,Out of Stock
P0625,S021,0,11,Out of Stock
P0625,S022,0,16,Out of Stock
P0625,S023,0,12,Out of Stock
P0625,S024,1,5,In Stock
P0625,S025,0,19,Out of Stock
P0625,S026,0,18,Out of Stock
P0626,S001,1,108,In Stock
P0626,S003,1,17,In Stock
P0626,S005,1,34,In Stock
P0626,S006,5,107,In Stock
P0626,S008,1,98,In Stock
P0626,S010,1,116,In Stock
P0626,S011,1,76,In Stock
P0626,S013,2,94,In Stock
P0626,S014,1,91,In Stock
P0626,S015,1,29,In Stock
P0626,S018,1,66,In Stock
P0626,S019,4,98,In Stock
P0626,S020,1,77,In Stock
P0626,S023,1,42,In Stock
P0626,S025,1,99,In Stock
P0627,S001,1,120,In Stock
P0627,S005,1,25,In Stock
P0627,S006,1,74,In Stock
P0627,S007,1,60,In Stock
P0627,S008,1,32,In Stock
P0627,S009,0,102,Out of Stock
P0627,S010,1,76,In Stock
P0627,S011,1,34,In Stock
P0627,S013,1,64,In Stock
P0627,S014,1,83,In Stock
P0627,S015,1,21,In Stock
P0627,S016,1,50,In Stock
P0627,S017,1,115,In Stock
P0627,S018,1,116,In Stock
P0627,S019,1,33,In Stock
P0627,S020,1,29,In Stock
P0627,S021,1,112,In Stock
P0627,S022,0,107,Out of Stock
P0627,S023,1,92,In Stock
P0627,S024,1,64,In Stock
P0627,S025,1,48,In Stock
P0627,S026,1,119,In Stock
P0628,S001,59,446,In Stock
P0628,S002,81,275,In Stock
P0628,S003,62,327,In Stock
P0628,S004,111,442,In Stock
P0628,S005,97,393,In Stock
P0628,S006,98,285,In Stock
P0628,S008,93,272,In Stock
P0628,S009,53,279,In Stock
P0628,S010,82,508,In Stock
P0628,S011,68,207,In Stock
P0628,S012,130,420,In Stock
P0628,S013,88,227,In Stock
P0628,S015,119,260,In Stock
P0628,S016,138,384,In Stock
P0628,S017,134,344,In Stock
P0628,S020,81,422,In Stock
P0628,S021,62,453,In Stock
P0628,S024,84,391,In Stock
P0628,S025,30,439,In Stock
P0629,S001,1,2,In Stock
P0629,S002,1,16,In Stock
P0629,S003,3,10,In Stock
P0629,S004,0,19,Out of Stock
P0629,S005,0,12,Out of Stock
P0629,S006,0,12,Out of Stock
P0629,S007,0,7,Out of Stock
P0629,S008,2,17,In Stock
P0629,S009,0,14,Out of Stock
P0629,S010,0,19,Out of Stock
P0629,S011,3,20,In Stock
P0629,S012,3,14,In Stock
P0629,S013,3,20,In Stock
P0629,S014,0,8,Out of Stock
P0629,S015,0,2,Out of Stock
P0629,S016,3,11,In Stock
P0629,S017,0,8,Out of Stock
P0629,S018,1,4,In Stock
P0629,S019,3,15,In Stock
P0629,S020,0,2,Out of Stock
P0629,S021,1,12,In Stock
P0629,S022,0,5,Out of Stock
P0629,S023,1,2,In Stock
P0629,S024,1,15,In Stock
P0629,S025,1,10,In Stock
P0629,S026,0,7,Out of Stock
P0630,S001,1,70,In Stock
P0630,S002,1,97,In Stock
P0630,S004,1,104,In Stock
P0630,S005,1,94,In Stock
P0630,S006,1,105,In Stock
P0630,S008,1,45,In Stock
P0630,S009,1,46,In Stock
P0630,S010,1,101,In Stock
P0630,S011,1,115,In Stock
P0630,S012,1,23,In Stock
P0630,S013,1,95,In Stock
P0630,S015,1,104,In Stock
P0630,S016,1,36,In Stock
P0630,S018,1,84,In Stock
P0630,S019,1,58,In Stock
P0630,S020,1,95,In Stock
P0630,S022,1,24,In Stock
P0630,S024,1,55,In Stock
P0630,S025,1,75,In Stock
P0631,S001,1,113,In Stock
P0631,S002,1,79,In Stock
P0631,S004,1,95,In Stock
P0631,S006,0,39,Out of Stock
P0631,S008,1,78,In Stock
P0631,S010,1,65,In Stock
P0631,S011,1,51,In Stock
P0631,S013,0,85,Out of Stock
P0631,S015,1,81,In Stock
P0631,S018,1,62,In Stock
P0631,S019,1,26,In Stock
P0631,S024,1,70,In Stock
P0631,S026,1,112,In Stock
P0632,S001,1,64,In Stock
P0632,S002,1,85,In Stock
P0632,S004,1,82,In Stock
P0632,S005,1,21,In Stock
P0632,S006,1,106,In Stock
P0632,S008,1,65,In Stock
P0632,S009,1,43,In Stock
P0632,S010,1,100,In Stock
P0632,S011,1,84,In Stock
P0632,S013,1,92,In Stock
P0632,S014,1,112,In Stock
P0632,S015,1,90,In Stock
P0632,S016,1,97,In Stock
P0632,S019,1,18,In Stock
P0632,S020,1,23,In Stock
P0632,S022,1,87,In Stock
P0632,S024,1,74,In Stock
P0632,S026,1,82,In Stock
P0633,S001,1,56,In Stock
P0633,S004,1,90,In Stock
P0633,S005,1,85,In Stock
P0633,S008,1,48,In Stock
P0633,S009,1,110,In Stock
P0633,S010,1,99,In Stock
P0633,S011,1,19,In Stock
P0633,S013,1,17,In Stock
P0633,S014,1,59,In Stock
P0633,S015,1,52,In Stock
P0633,S016,1,22,In Stock
P0633,S017,1,90,In Stock
P0633,S018,1,72,In Stock
P0633,S019,1,58,In Stock
P0633,S020,1,66,In Stock
P0633,S021,1,91,In Stock
P0633,S022,1,57,In Stock
P0633,S024,1,108,In Stock
P0633,S026,1,41,In Stock
P0634,S001,1,25,In Stock
P0634,S002,3,41,In Stock
P0634,S003,1,17,In Stock
P0634,S004,1,28,In Stock
P0634,S005,1,42,In Stock
P0634,S006,4,16,In Stock
P0634,S007,3,8,In Stock
P0634,S008,1,44,In Stock
P0634,S009,1,44,In Stock
P0634,S010,1,24,In Stock
P0634,S011,1,41,In Stock
P0634,S012,1,10,In Stock
P0634,S013,1,15,In Stock
P0634,S014,1,23,In Stock
P0634,S015,1,39,In Stock
P0634,S016,1,18,In Stock
P0634,S017,1,33,In Stock
P0634,S018,1,44,In Stock
P0634,S019,5,13,In Stock
P0634,S020,1,30,In Stock
P0634,S021,2,23,In Stock
P0634,S022,1,18,In Stock
P0634,S023,4,5,In Stock
P0634,S024,5,14,In Stock
P0634,S025,1,5,In Stock
P0634,S026,5,14,In Stock
P0635,S001,1,13,In Stock
P0635,S002,4,5,In Stock
P0635,S003,1,37,In Stock
P0635,S004,1,9,In Stock
P0635,S005,1,17,In Stock
P0635,S006,1,34,In Stock
P0635,S007,1,45,In Stock
P0635,S008,1,11,In Stock
P0635,S009,1,7,In Stock
P0635,S010,1,33,In Stock
P0635,S011,1,42,In Stock
P0635,S012,1,45,In Stock
P0635,S013,3,28,In Stock
P0635,S014,1,11,In Stock
P0635,S015,2,18,In Stock
P0635,S016,1,30,In Stock
P0635,S017,2,17,In Stock
P0635,S018,1,38,In Stock
P0635,S019,2,30,In Stock
P0635,S020,1,13,In Stock
P0635,S021,1,15,In Stock
P0635,S022,1,43,In Stock
P0635,S023,1,45,In Stock
P0635,S024,1,44,In Stock
P0635,S025,1,22,In Stock
P0635,S026,1,11,In Stock
P0636,S001,1,19,In Stock
P0636,S004,1,91,In Stock
P0636,S005,1,117,In Stock
P0636,S006,1,104,In Stock
P0636,S007,2,27,In Stock
P0636,S008,3,93,In Stock
P0636,S009,1,99,In Stock
P0636,S010,1,60,In Stock
P0636,S011,1,91,In Stock
P0636,S012,1,72,In Stock
P0636,S013,1,97,In Stock
P0636,S015,1,86,In Stock
P0636,S016,1,82,In Stock
P0636,S019,1,43,In Stock
P0636,S021,1,54,In Stock
P0636,S022,1,70,In Stock
P0636,S025,1,119,In Stock
P0636,S026,1,29,In Stock
P0637,S001,2,21,In Stock
P0637,S002,1,97,In Stock
P0637,S003,2,50,In Stock
P0637,S006,1,83,In Stock
P0637,S007,1,70,In Stock
P0637,S008,1,105,In Stock
P0637,S009,1,55,In Stock
P0637,S010,1,100,In Stock
P0637,S011,1,37,In Stock
P0637,S013,3,100,In Stock
P0637,S014,1,37,In Stock
P0637,S015,2,17,In Stock
P0637,S016,1,45,In Stock
P0637,S020,1,100,In Stock
P0637,S024,2,93,In Stock
P0638,S001,1,50,In Stock
P0638,S002,1,65,In Stock
P0638,S003,3,22,In Stock
P0638,S005,2,89,In Stock
P0638,S006,4,116,In Stock
P0638,S009,3,87,In Stock
P0638,S010,1,63,In Stock
P0638,S011,1,84,In Stock
P0638,S013,1,31,In Stock
P0638,S014,2,81,In Stock
P0638,S015,1,115,In Stock
P0638,S016,1,107,In Stock
P0638,S018,4,58,In Stock
P0638,S019,1,17,In Stock
P0638,S021,1,34,In Stock
P0638,S024,1,32,In Stock
P0638,S025,1,32,In Stock
P0638,S026,1,62,In Stock
P0639,S001,1,18,In Stock
P0639,S002,1,19,In Stock
P0639,S003,1,23,In Stock
P0639,S004,1,36,In Stock
P0639,S005,3,21,In Stock
P0639,S006,1,20,In Stock
P0639,S007,1,32,In Stock
P0639,S008,1,28,In Stock
P0639,S009,1,44,In Stock
P0639,S010,1,43,In Stock
P0639,S011,1,33,In Stock
P0639,S012,1,6,In Stock
P0639,S013,2,14,In Stock
P0639,S014,1,23,In Stock
P0639,S015,2,30,In Stock
P0639,S016,3,27,In Stock
P0639,S017,1,25,In Stock
P0639,S018,3,15,In Stock
P0639,S019,3,45,In Stock
P0639,S020,1,10,In Stock
P0639,S021,1,31,In Stock
P0639,S022,2,32,In Stock
P0639,S023,1,10,In Stock
P0639,S024,2,23,In Stock
P0639,S025,1,41,In Stock
P0639,S026,1,29,In Stock
P0640,S001,1,52,In Stock
P0640,S003,0,104,Out of Stock
P0640,S004,2,97,In Stock
P0640,S005,1,23,In Stock
P0640,S006,1,57,In Stock
P0640,S007,2,81,In Stock
P0640,S008,1,24,In Stock
P0640,S013,1,28,In Stock
P0640,S016,1,25,In Stock
P0640,S018,1,106,In Stock
P0640,S020,1,28,In Stock
P0640,S025,1,28,In Stock
P0641,S002,1,72,In Stock
P0641,S003,3,18,In Stock
P0641,S006,1,21,In Stock
P0641,S007,1,100,In Stock
P0641,S008,2,63,In Stock
P0641,S009,2,108,In Stock
P0641,S010,1,116,In Stock
P0641,S011,1,101,In Stock
P0641,S012,1,108,In Stock
P0641,S013,1,114,In Stock
P0641,S014,1,51,In Stock
P0641,S015,1,16,In Stock
P0641,S016,1,81,In Stock
P0641,S017,1,76,In Stock
P0641,S019,1,19,In Stock
P0641,S020,1,46,In Stock
P0641,S022,0,34,Out of Stock
P0641,S026,1,57,In Stock
P0642,S001,146,391,In Stock
P0642,S003,92,484,In Stock
P0642,S004,102,529,In Stock
P0642,S005,121,224,In Stock
P0642,S006,72,357,In Stock
P0642,S008,42,366,In Stock
P0642,S009,36,286,In Stock
P0642,S011,52,419,In Stock
P0642,S013,79,376,In Stock
P0642,S014,39,288,In Stock
P0642,S015,47,348,In Stock
P0642,S016,56,410,In Stock
P0642,S017,75,528,In Stock
P0642,S018,51,262,In Stock
P0642,S019,148,262,In Stock
P0642,S020,58,462,In Stock
P0642,S021,96,517,In Stock
P0642,S024,117,345,In Stock
P0642,S025,53,416,In Stock
P0642,S026,96,323,In Stock
P0643,S002,1,228,In Stock
P0643,S003,1,100,In Stock
P0643,S004,1,233,In Stock
P0643,S005,1,139,In Stock
P0643,S006,1,252,In Stock
P0643,S007,1,92,In Stock
P0643,S008,1,71,In Stock
P0643,S009,1,61,In Stock
P0643,S010,1,208,In Stock
P0643,S011,1,147,In Stock
P0643,S013,1,77,In Stock
P0643,S014,1,191,In Stock
P0643,S015,1,124,In Stock
P0643,S016,1,197,In Stock
P0643,S017,1,145,In Stock
P0643,S019,1,162,In Stock
P0643,S021,1,153,In Stock
P0643,S022,1,241,In Stock
P0643,S024,1,259,In Stock
P0643,S025,1,158,In Stock
P0643,S026,1,223,In Stock
P0644,S002,1,37,In Stock
P0644,S003,1,90,In Stock
P0644,S004,1,67,In Stock
P0644,S005,2,67,In Stock
P0644,S007,1,36,In Stock
P0644,S008,1,57,In Stock
P0644,S009,1,117,In Stock
P0644,S010,0,118,Out of Stock
P0644,S013,0,71,Out of Stock
P0644,S014,1,65,In Stock
P0644,S015,1,100,In Stock
P0644,S016,3,26,In Stock
P0644,S019,1,116,In Stock
P0644,S021,1,105,In Stock
P0644,S023,1,119,In Stock
P0644,S024,1,98,In Stock
P0645,S001,1,27,In Stock
P0645,S002,1,97,In Stock
P0645,S003,1,36,In Stock
P0645,S005,1,29,In Stock
P0645,S006,1,83,In Stock
P0645,S007,1,44,In Stock
P0645,S008,1,48,In Stock
P0645,S009,1,23,In Stock
P0645,S010,1,42,In Stock
P0645,S011,1,84,In Stock
P0645,S013,1,36,In Stock
P0645,S014,1,113,In Stock
P0645,S016,1,75,In Stock
P0645,S017,1,86,In Stock
P0645,S019,1,42,In Stock
P0645,S020,1,15,In Stock
P0645,S021,2,116,In Stock
P0645,S022,1,29,In Stock
P0645,S023,1,112,In Stock
P0645,S024,1,73,In Stock
P0645,S025,2,66,In Stock
P0646,S001,1,83,In Stock
P0646,S006,1,66,In Stock
P0646,S007,1,90,In Stock
P0646,S008,1,58,In Stock
P0646,S009,1,50,In Stock
P0646,S010,1,49,In Stock
P0646,S011,1,68,In Stock
P0646,S012,1,112,In Stock
P0646,S013,1,40,In Stock
P0646,S014,1,116,In Stock
P0646,S015,1,52,In Stock
P0646,S016,1,53,In Stock
P0646,S018,1,84,In Stock
P0646,S019,0,81,Out of Stock
P0646,S022,1,89,In Stock
P0646,S023,1,84,In Stock
P0646,S025,1,74,In Stock
P0646,S026,1,17,In Stock
P0647,S001,1,52,In Stock
P0647,S003,1,95,In Stock
P0647,S006,1,112,In Stock
P0647,S008,1,22,In Stock
P0647,S010,1,79,In Stock
P0647,S013,1,62,In Stock
P0647,S016,1,97,In Stock
P0647,S017,1,45,In Stock
P0647,S019,1,63,In Stock
P0647,S020,1,61,In Stock
P0647,S021,1,90,In Stock
P0647,S022,1,59,In Stock
P0647,S023,1,70,In Stock
P0647,S024,1,56,In Stock
P0647,S025,1,80,In Stock
P0648,S001,37,23,In Stock
P0648,S002,22,25,In Stock
P0648,S003,9,37,In Stock
P0648,S004,6,16,In Stock
P0648,S005,13,42,In Stock
P0648,S006,7,36,In Stock
P0648,S007,12,17,In Stock
P0648,S008,27,38,In Stock
P0648,S009,10,8,In Stock
P0648,S010,4,13,In Stock
P0648,S011,14,27,In Stock
P0648,S012,11,26,In Stock
P0648,S013,45,12,In Stock
P0648,S014,11,15,In Stock
P0648,S015,13,14,In Stock
P0648,S016,8,11,In Stock
P0648,S017,8,16,In Stock
P0648,S018,5,6,In Stock
P0648,S019,39,36,In Stock
P0648,S020,2,15,In Stock
P0648,S021,2,13,In Stock
P0648,S022,7,42,In Stock
P0648,S023,1,35,In Stock
P0648,S024,12,27,In Stock
P0648,S025,3,13,In Stock
P0648,S026,1,11,In Stock
P0649,S001,1,81,In Stock
P0649,S002,1,54,In Stock
P0649,S003,1,52,In Stock
P0649,S006,1,116,In Stock
P0649,S007,1,48,In Stock
P0649,S008,2,16,In Stock
P0649,S009,1,117,In Stock
P0649,S011,1,80,In Stock
P0649,S012,1,111,In Stock
P0649,S013,1,53,In Stock
P0649,S014,1,114,In Stock
P0649,S017,1,106,In Stock
P0649,S019,4,32,In Stock
P0649,S020,0,39,Out of Stock
P0649,S022,1,73,In Stock
P0649,S023,1,35,In Stock
P0649,S024,1,43,In Stock
P0650,S001,1,120,In Stock
P0650,S005,0,89,Out of Stock
P0650,S006,1,69,In Stock
P0650,S008,1,104,In Stock
P0650,S011,1,103,In Stock
P0650,S012,1,103,In Stock
P0650,S013,1,24,In Stock
P0650,S016,1,54,In Stock
P0650,S019,0,74,Out of Stock
P0650,S020,1,26,In Stock
P0650,S022,1,25,In Stock
P0650,S023,1,41,In Stock
P0650,S024,1,16,In Stock
P0650,S026,1,109,In Stock
P0651,S001,126,209,In Stock
P0651,S002,78,313,In Stock
P0651,S005,50,291,In Stock
P0651,S006,68,227,In Stock
P0651,S007,32,270,In Stock
P0651,S008,59,358,In Stock
P0651,S009,126,243,In Stock
P0651,S010,36,298,In Stock
P0651,S011,95,295,In Stock
P0651,S013,62,313,In Stock
P0651,S014,98,329,In Stock
P0651,S015,62,309,In Stock
P0651,S017,80,468,In Stock
P0651,S018,37,370,In Stock
P0651,S019,58,497,In Stock
P0651,S021,136,489,In Stock
P0652,S001,1,103,In Stock
P0652,S002,1,67,In Stock
P0652,S003,1,47,In Stock
P0652,S004,2,104,In Stock
P0652,S005,1,120,In Stock
P0652,S006,1,47,In Stock
P0652,S007,1,91,In Stock
P0652,S008,1,54,In Stock
P0652,S009,1,118,In Stock
P0652,S010,1,66,In Stock
P0652,S013,1,85,In Stock
P0652,S014,1,33,In Stock
P0652,S016,1,111,In Stock
P0652,S019,2,51,In Stock
P0652,S020,1,77,In Stock
P0652,S022,1,67,In Stock
P0652,S024,1,58,In Stock
P0653,S001,1,34,In Stock
P0653,S003,1,109,In Stock
P0653,S005,0,38,Out of Stock
P0653,S006,1,62,In Stock
P0653,S007,1,116,In Stock
P0653,S008,1,29,In Stock
P0653,S010,2,86,In Stock
P0653,S011,1,40,In Stock
P0653,S012,1,73,In Stock
P0653,S013,0,17,Out of Stock
P0653,S014,1,110,In Stock
P0653,S015,1,105,In Stock
P0653,S016,2,91,In Stock
P0653,S020,1,117,In Stock
P0653,S021,1,39,In Stock
P0654,S001,1,21,In Stock
P0654,S002,1,78,In Stock
P0654,S003,0,26,Out of Stock
P0654,S005,1,26,In Stock
P0654,S006,1,117,In Stock
P0654,S007,1,104,In Stock
P0654,S008,1,41,In Stock
P0654,S009,1,85,In Stock
P0654,S010,1,77,In Stock
P0654,S011,1,50,In Stock
P0654,S012,0,52,Out of Stock
P0654,S013,1,35,In Stock
P0654,S015,1,109,In Stock
P0654,S016,1,110,In Stock
P0654,S017,0,115,Out of Stock
P0654,S019,1,82,In Stock
P0654,S020,1,73,In Stock
P0654,S021,1,92,In Stock
P0654,S023,1,76,In Stock
P0654,S024,1,52,In Stock
P0654,S025,1,38,In Stock
P0654,S026,1,96,In Stock
P0655,S001,1,110,In Stock
P0655,S002,1,110,In Stock
P0655,S003,1,104,In Stock
P0655,S005,1,105,In Stock
P0655,S006,1,63,In Stock
P0655,S008,0,27,Out of Stock
P0655,S009,1,55,In Stock
P0655,S011,1,103,In Stock
P0655,S012,1,75,In Stock
P0655,S013,1,116,In Stock
P0655,S014,1,85,In Stock
P0655,S015,1,35,In Stock
P0655,S016,1,48,In Stock
P0655,S018,1,32,In Stock
P0655,S019,1,113,In Stock
P0655,S020,1,31,In Stock
P0655,S022,1,101,In Stock
P0655,S023,1,32,In Stock
P0656,S001,1,48,In Stock
P0656,S002,1,69,In Stock
P0656,S003,1,39,In Stock
P0656,S004,1,117,In Stock
P0656,S005,1,107,In Stock
P0656,S007,1,23,In Stock
P0656,S008,1,97,In Stock
P0656,S009,1,114,In Stock
P0656,S010,1,49,In Stock
P0656,S013,1,94,In Stock
P0656,S014,1,45,In Stock
P0656,S016,1,36,In Stock
P0656,S018,1,73,In Stock
P0656,S019,1,115,In Stock
P0656,S020,1,31,In Stock
P0656,S021,1,45,In Stock
P0656,S022,1,49,In Stock
P0656,S023,1,112,In Stock
P0656,S024,1,86,In Stock
P0656,S026,1,100,In Stock
P0657,S001,1,62,In Stock
P0657,S002,1,110,In Stock
P0657,S003,1,63,In Stock
P0657,S004,1,120,In Stock
P0657,S005,1,239,In Stock
P0657,S006,1,95,In Stock
P0657,S007,1,249,In Stock
P0657,S008,1,68,In Stock
P0657,S010,1,115,In Stock
P0657,S011,1,92,In Stock
P0657,S012,1,128,In Stock
P0657,S013,1,211,In Stock
P0657,S016,1,242,In Stock
P0657,S017,1,257,In Stock
P0657,S018,1,240,In Stock
P0657,S019,1,241,In Stock
P0657,S022,1,207,In Stock
P0657,S023,1,158,In Stock
P0657,S024,1,191,In Stock
P0657,S025,1,186,In Stock
P0658,S001,51,520,In Stock
P0658,S003,58,323,In Stock
P0658,S005,122,329,In Stock
P0658,S006,42,246,In Stock
P0658,S007,83,374,In Stock
P0658,S008,94,245,In Stock
P0658,S011,50,216,In Stock
P0658,S012,121,294,In Stock
P0658,S013,122,491,In Stock
P0658,S014,46,293,In Stock
P0658,S015,129,537,In Stock
P0658,S016,33,491,In Stock
P0658,S019,50,481,In Stock
P0658,S020,30,362,In Stock
P0658,S023,98,463,In Stock
P0658,S024,100,218,In Stock
P0659,S001,1,2,In Stock
P0659,S002,0,3,Out of Stock
P0659,S003,1,19,In Stock
P0659,S004,0,20,Out of Stock
P0659,S005,1,14,In Stock
P0659,S006,3,6,In Stock
P0659,S007,0,1,Out of Stock
P0659,S008,1,2,In Stock
P0659,S009,1,8,In Stock
P0659,S010,1,19,In Stock
P0659,S011,1,15,In Stock
P0659,S012,1,17,In Stock
P0659,S013,2,5,In Stock
P0659,S014,1,2,In Stock
P0659,S015,2,9,In Stock
P0659,S016,0,6,Out of Stock
P0659,S017,0,1,Out of Stock
P0659,S018,0,11,Out of Stock
P0659,S019,1,18,In Stock
P0659,S020,0,11,Out of Stock
P0659,S021,1,9,In Stock
P0659,S022,0,18,Out of Stock
P0659,S023,0,13,Out of Stock
P0659,S024,2,12,In Stock
P0659,S025,1,5,In Stock
P0659,S026,0,4,Out of Stock
P0660,S001,1,66,In Stock
P0660,S002,3,55,In Stock
P0660,S003,1,44,In Stock
P0660,S004,1,104,In Stock
P0660,S005,1,30,In Stock
P0660,S006,2,45,In Stock
P0660,S007,1,65,In Stock
P0660,S008,1,50,In Stock
P0660,S010,1,58,In Stock
P0660,S011,1,90,In Stock
P0660,S012,2,65,In Stock
P0660,S013,3,61,In Stock
P0660,S014,1,109,In Stock
P0660,S015,1,22,In Stock
P0660,S016,1,110,In Stock
P0660,S020,1,65,In Stock
P0660,S021,1,86,In Stock
P0660,S022,1,54,In Stock
P0660,S023,1,98,In Stock
P0660,S025,1,46,In Stock
P0661,S001,1,29,In Stock
P0661,S002,1,119,In Stock
P0661,S003,1,38,In Stock
P0661,S005,1,111,In Stock
P0661,S007,1,97,In Stock
P0661,S008,2,79,In Stock
P0661,S009,2,66,In Stock
P0661,S010,2,92,In Stock
P0661,S013,1,55,In Stock
P0661,S014,1,33,In Stock
P0661,S015,1,107,In Stock
P0661,S016,0,117,Out of Stock
P0661,S019,1,58,In Stock
P0661,S020,1,31,In Stock
P0661,S021,2,65,In Stock
P0662,S001,1,45,In Stock
P0662,S002,1,36,In Stock
P0662,S003,1,26,In Stock
P0662,S004,1,44,In Stock
P0662,S005,1,13,In Stock
P0662,S006,0,7,Out of Stock
P0662,S007,1,22,In Stock
P0662,S008,1,15,In Stock
P0662,S009,1,20,In Stock
P0662,S010,1,42,In Stock
P0662,S011,1,33,In Stock
P0662,S012,2,29,In Stock
P0662,S013,1,34,In Stock
P0662,S014,1,45,In Stock
P0662,S015,1,35,In Stock
P0662,S016,1,38,In Stock
P0662,S017,1,7,In Stock
P0662,S018,1,32,In Stock
P0662,S019,1,40,In Stock
P0662,S020,1,29,In Stock
P0662,S021,3,18,In Stock
P0662,S022,2,23,In Stock
P0662,S023,1,26,In Stock
P0662,S024,1,16,In Stock
P0662,S025,1,16,In Stock
P0662,S026,1,26,In Stock
P0663,S001,0,44,Out of Stock
P0663,S002,1,49,In Stock
P0663,S003,1,80,In Stock
P0663,S006,1,51,In Stock
P0663,S007,1,66,In Stock
P0663,S008,1,50,In Stock
P0663,S009,1,52,In Stock
P0663,S011,1,112,In Stock
P0663,S012,1,71,In Stock
P0663,S013,1,65,In Stock
P0663,S014,1,94,In Stock
P0663,S015,1,112,In Stock
P0663,S017,1,93,In Stock
P0663,S019,1,99,In Stock
P0663,S022,1,30,In Stock
P0663,S023,1,44,In Stock
P0663,S024,1,24,In Stock
P0663,S025,1,107,In Stock
P0663,S026,1,54,In Stock
P0664,S001,4,44,In Stock
P0664,S002,1,44,In Stock
P0664,S003,0,39,Out of Stock
P0664,S004,2,8,In Stock
P0664,S005,7,25,In Stock
P0664,S006,3,7,In Stock
P0664,S007,1,32,In Stock
P0664,S008,3,22,In Stock
P0664,S009,3,10,In Stock
P0664,S010,1,41,In Stock
P0664,S011,1,31,In Stock
P0664,S012,1,38,In Stock
P0664,S013,4,17,In Stock
P0664,S014,1,31,In Stock
P0664,S015,6,42,In Stock
P0664,S016,2,17,In Stock
P0664,S017,1,39,In Stock
P0664,S018,1,6,In Stock
P0664,S019,7,23,In Stock
P0664,S020,1,11,In Stock
P0664,S021,1,42,In Stock
P0664,S022,3,37,In Stock
P0664,S023,2,26,In Stock
P0664,S024,1,42,In Stock
P0664,S025,1,25,In Stock
P0664,S026,1,42,In Stock
P0665,S001,1,95,In Stock
P0665,S002,1,50,In Stock
P0665,S003,1,110,In Stock
P0665,S004,1,60,In Stock
P0665,S006,2,92,In Stock
P0665,S007,0,48,Out of Stock
P0665,S008,2,49,In Stock
P0665,S010,1,72,In Stock
P0665,S013,2,28,In Stock
P0665,S016,1,84,In Stock
P0665,S017,1,94,In Stock
P0665,S018,1,113,In Stock
P0665,S019,1,65,In Stock
P0665,S020,1,80,In Stock
P0665,S021,1,96,In Stock
P0665,S024,0,41,Out of Stock
P0666,S001,1,59,In Stock
P0666,S002,1,59,In Stock
P0666,S004,3,99,In Stock
P0666,S005,1,115,In Stock
P0666,S006,1,62,In Stock
P0666,S007,1,21,In Stock
P0666,S008,1,35,In Stock
P0666,S009,1,38,In Stock
P0666,S010,1,17,In Stock
P0666,S011,2,62,In Stock
P0666,S013,1,22,In Stock
P0666,S014,1,20,In Stock
P0666,S015,1,42,In Stock
P0666,S016,1,95,In Stock
P0666,S018,1,76,In Stock
P0666,S019,1,58,In Stock
P0666,S022,1,51,In Stock
P0666,S023,1,23,In Stock
P0666,S024,1,76,In Stock
P0666,S025,1,40,In Stock
P0667,S001,1,55,In Stock
P0667,S002,1,108,In Stock
P0667,S003,1,28,In Stock
P0667,S005,1,33,In Stock
P0667,S006,1,95,In Stock
P0667,S008,1,87,In Stock
P0667,S010,1,84,In Stock
P0667,S011,1,79,In Stock
P0667,S012,1,48,In Stock
P0667,S013,1,16,In Stock
P0667,S014,1,40,In Stock
P0667,S015,2,107,In Stock
P0667,S016,1,94,In Stock
P0667,S017,1,39,In Stock
P0667,S019,1,64,In Stock
P0667,S020,1,86,In Stock
P0667,S021,1,104,In Stock
P0667,S024,1,27,In Stock
P0667,S025,1,46,In Stock
P0668,S001,67,488,In Stock
P0668,S002,68,307,In Stock
P0668,S003,116,437,In Stock
P0668,S004,99,540,In Stock
P0668,S005,110,388,In Stock
P0668,S006,38,481,In Stock
P0668,S007,48,463,In Stock
P0668,S008,118,482,In Stock
P0668,S009,50,400,In Stock
P0668,S010,127,282,In Stock
P0668,S012,131,487,In Stock
P0668,S013,49,191,In Stock
P0668,S014,147,254,In Stock
P0668,S015,81,314,In Stock
P0668,S016,79,352,In Stock
P0668,S017,141,307,In Stock
P0668,S019,83,410,In Stock
P0668,S020,39,318,In Stock
P0668,S021,50,390,In Stock
P0668,S022,142,509,In Stock
P0668,S024,117,384,In Stock
P0668,S025,108,480,In Stock
P0669,S001,1,30,In Stock
P0669,S002,1,85,In Stock
P0669,S003,1,51,In Stock
P0669,S005,1,63,In Stock
P0669,S008,1,70,In Stock
P0669,S009,1,27,In Stock
P0669,S010,1,33,In Stock
P0669,S011,1,69,In Stock
P0669,S012,0,33,Out of Stock
P0669,S013,1,35,In Stock
P0669,S015,1,83,In Stock
P0669,S018,1,109,In Stock
P0669,S025,1,64,In Stock
P0670,S001,1,131,In Stock
P0670,S002,1,64,In Stock
P0670,S005,1,213,In Stock
P0670,S006,1,170,In Stock
P0670,S007,1,136,In Stock
P0670,S008,1,67,In Stock
P0670,S009,1,89,In Stock
P0670,S010,0,264,Out of Stock
P0670,S011,1,118,In Stock
P0670,S013,1,70,In Stock
P0670,S014,1,86,In Stock
P0670,S015,1,223,In Stock
P0670,S016,0,228,Out of Stock
P0670,S017,1,229,In Stock
P0670,S018,1,73,In Stock
P0670,S019,1,197,In Stock
P0670,S020,1,163,In Stock
P0670,S024,1,190,In Stock
P0670,S026,1,64,In Stock
P0671,S001,1,69,In Stock
P0671,S002,1,49,In Stock
P0671,S005,0,16,Out of Stock
P0671,S006,1,40,In Stock
P0671,S007,1,83,In Stock
P0671,S008,1,98,In Stock
P0671,S010,2,85,In Stock
P0671,S011,1,54,In Stock
P0671,S012,2,17,In Stock
P0671,S013,1,105,In Stock
P0671,S014,1,75,In Stock
P0671,S016,1,53,In Stock
P0671,S017,1,51,In Stock
P0671,S018,1,111,In Stock
P0671,S019,1,58,In Stock
P0671,S020,1,96,In Stock
P0671,S022,1,59,In Stock
P0671,S023,1,20,In Stock
P0671,S024,1,71,In Stock
P0671,S025,1,16,In Stock
P0671,S026,1,67,In Stock
P0672,S001,109,203,In Stock
P0672,S002,95,513,In Stock
P0672,S005,37,435,In Stock
P0672,S006,71,247,In Stock
P0672,S008,109,393,In Stock
P0672,S009,95,266,In Stock
P0672,S010,65,380,In Stock
P0672,S013,78,215,In Stock
P0672,S015,76,470,In Stock
P0672,S016,92,458,In Stock
P0672,S019,86,381,In Stock
P0672,S021,78,522,In Stock
P0672,S022,45,325,In Stock
P0672,S023,117,226,In Stock
P0672,S025,109,219,In Stock
P0673,S001,1,65,In Stock
P0673,S002,1,24,In Stock
P0673,S003,1,117,In Stock
P0673,S005,1,99,In Stock
P0673,S006,1,44,In Stock
P0673,S007,1,53,In Stock
P0673,S008,1,50,In Stock
P0673,S009,1,51,In Stock
P0673,S010,1,100,In Stock
P0673,S011,1,92,In Stock
P0673,S013,1,30,In Stock
P0673,S014,1,115,In Stock
P0673,S016,1,30,In Stock
P0673,S018,1,115,In Stock
P0673,S019,1,98,In Stock
P0673,S020,1,85,In Stock
P0673,S024,1,97,In Stock
P0673,S025,1,110,In Stock
P0673,S026,1,77,In Stock
P0674,S001,4,109,In Stock
P0674,S002,1,47,In Stock
P0674,S005,1,82,In Stock
P0674,S006,1,93,In Stock
P0674,S007,1,22,In Stock
P0674,S008,3,27,In Stock
P0674,S010,3,115,In Stock
P0674,S012,1,34,In Stock
P0674,S013,1,117,In Stock
P0674,S016,1,42,In Stock
P0674,S020,4,45,In Stock
P0674,S022,1,115,In Stock
P0674,S024,2,68,In Stock
P0674,S025,1,94,In Stock
P0674,S026,1,82,In Stock
P0675,S001,4,66,In Stock
P0675,S002,1,51,In Stock
P0675,S003,5,100,In Stock
P0675,S004,1,42,In Stock
P0675,S005,3,97,In Stock
P0675,S006,1,39,In Stock
P0675,S008,4,36,In Stock
P0675,S009,1,115,In Stock
P0675,S010,1,93,In Stock
P0675,S011,1,120,In Stock
P0675,S012,1,29,In Stock
P0675,S013,1,77,In Stock
P0675,S014,1,16,In Stock
P0675,S017,1,100,In Stock
P0675,S019,1,90,In Stock
P0675,S021,1,59,In Stock
P0675,S022,1,59,In Stock
P0675,S024,1,115,In Stock
P0675,S025,1,28,In Stock
P0676,S001,1,103,In Stock
P0676,S004,0,126,Out of Stock
P0676,S005,1,177,In Stock
P0676,S006,1,258,In Stock
P0676,S008,1,129,In Stock
P0676,S009,1,148,In Stock
P0676,S010,1,183,In Stock
P0676,S012,0,184,Out of Stock
P0676,S013,1,76,In Stock
P0676,S014,1,264,In Stock
P0676,S015,1,237,In Stock
P0676,S016,1,120,In Stock
P0676,S018,1,268,In Stock
P0676,S019,1,253,In Stock
P0676,S020,1,203,In Stock
P0676,S024,1,232,In Stock
P0676,S026,1,240,In Stock
P0677,S001,1,50,In Stock
P0677,S002,1,36,In Stock
P0677,S004,1,25,In Stock
P0677,S005,0,68,Out of Stock
P0677,S006,1,113,In Stock
P0677,S007,1,107,In Stock
P0677,S008,1,73,In Stock
P0677,S009,1,48,In Stock
P0677,S010,1,54,In Stock
P0677,S011,2,68,In Stock
P0677,S013,1,107,In Stock
P0677,S014,1,114,In Stock
P0677,S015,1,60,In Stock
P0677,S016,1,31,In Stock
P0677,S019,1,17,In Stock
P0677,S024,1,27,In Stock
P0677,S025,1,71,In Stock
P0677,S026,1,112,In Stock
P0678,S001,3,102,In Stock
P0678,S002,1,92,In Stock
P0678,S003,1,38,In Stock
P0678,S006,4,113,In Stock
P0678,S008,1,50,In Stock
P0678,S009,1,89,In Stock
P0678,S010,1,23,In Stock
P0678,S011,2,110,In Stock
P0678,S013,1,57,In Stock
P0678,S016,1,97,In Stock
P0678,S017,1,18,In Stock
P0678,S019,1,26,In Stock
P0678,S020,1,103,In Stock
P0678,S021,1,56,In Stock
P0678,S024,1,55,In Stock
P0678,S025,1,50,In Stock
P0679,S001,1,181,In Stock
P0679,S002,1,102,In Stock
P0679,S003,1,237,In Stock
P0679,S004,1,118,In Stock
P0679,S006,1,212,In Stock
P0679,S007,1,135,In Stock
P0679,S008,1,269,In Stock
P0679,S009,1,180,In Stock
P0679,S010,1,86,In Stock
P0679,S011,1,136,In Stock
P0679,S013,1,221,In Stock
P0679,S014,1,250,In Stock
P0679,S015,1,268,In Stock
P0679,S016,1,169,In Stock
P0679,S017,1,73,In Stock
P0679,S019,1,241,In Stock
P0679,S020,1,196,In Stock
P0679,S022,0,254,Out of Stock
P0679,S023,1,176,In Stock
P0679,S024,1,165,In Stock
P0679,S025,1,87,In Stock
P0679,S026,1,103,In Stock
P0680,S001,1,53,In Stock
P0680,S002,1,15,In Stock
P0680,S003,1,71,In Stock
P0680,S005,1,21,In Stock
P0680,S006,3,105,In Stock
P0680,S008,1,81,In Stock
P0680,S009,1,106,In Stock
P0680,S010,1,117,In Stock
P0680,S011,1,106,In Stock
P0680,S013,2,89,In Stock
P0680,S014,1,88,In Stock
P0680,S015,1,38,In Stock
P0680,S016,1,88,In Stock
P0680,S017,1,65,In Stock
P0680,S019,1,50,In Stock
P0680,S022,1,51,In Stock
P0680,S023,1,53,In Stock
P0680,S024,1,47,In Stock
P0681,S001,79,429,In Stock
P0681,S002,72,456,In Stock
P0681,S003,51,222,In Stock
P0681,S005,115,516,In Stock
P0681,S006,34,484,In Stock
P0681,S007,42,200,In Stock
P0681,S008,132,235,In Stock
P0681,S010,77,500,In Stock
P0681,S011,120,503,In Stock
P0681,S012,94,426,In Stock
P0681,S013,81,194,In Stock
P0681,S015,74,422,In Stock
P0681,S016,51,227,In Stock
P0681,S018,95,481,In Stock
P0681,S019,81,362,In Stock
P0681,S020,51,340,In Stock
P0681,S023,126,520,In Stock
P0681,S024,140,351,In Stock
P0681,S025,39,322,In Stock
P0682,S001,1,54,In Stock
P0682,S002,1,55,In Stock
P0682,S004,1,37,In Stock
P0682,S005,1,50,In Stock
P0682,S006,1,78,In Stock
P0682,S008,2,78,In Stock
P0682,S009,1,73,In Stock
P0682,S010,1,103,In Stock
P0682,S011,1,18,In Stock
P0682,S012,1,58,In Stock
P0682,S015,1,119,In Stock
P0682,S016,1,74,In Stock
P0682,S017,1,18,In Stock
P0682,S019,1,29,In Stock
P0682,S021,1,48,In Stock
P0682,S023,1,50,In Stock
P0682,S024,1,30,In Stock
P0683,S001,1,62,In Stock
P0683,S002,1,60,In Stock
P0683,S003,1,102,In Stock
P0683,S006,1,100,In Stock
P0683,S007,1,23,In Stock
P0683,S008,1,86,In Stock
P0683,S009,1,55,In Stock
P0683,S010,1,33,In Stock
P0683,S011,1,76,In Stock
P0683,S012,1,111,In Stock
P0683,S013,2,25,In Stock
P0683,S014,1,68,In Stock
P0683,S015,1,117,In Stock
P0683,S016,1,66,In Stock
P0683,S017,1,116,In Stock
P0683,S018,1,90,In Stock
P0683,S019,1,97,In Stock
P0683,S022,1,75,In Stock
P0684,S001,4,73,In Stock
P0684,S003,1,80,In Stock
P0684,S004,2,80,In Stock
P0684,S005,2,113,In Stock
P0684,S006,1,54,In Stock
P0684,S008,1,22,In Stock
P0684,S010,5,94,In Stock
P0684,S011,2,26,In Stock
P0684,S013,4,47,In Stock
P0684,S014,1,115,In Stock
P0684,S016,1,33,In Stock
P0684,S019,1,44,In Stock
P0684,S022,1,50,In Stock
P0684,S024,1,78,In Stock
P0684,S025,1,86,In Stock
P0684,S026,1,42,In Stock
P0685,S001,1,109,In Stock
P0685,S002,1,40,In Stock
P0685,S004,1,59,In Stock
P0685,S005,1,58,In Stock
P0685,S006,1,49,In Stock
P0685,S007,1,70,In Stock
P0685,S008,2,26,In Stock
P0685,S009,2,41,In Stock
P0685,S010,1,75,In Stock
P0685,S011,0,84,Out of Stock
P0685,S013,2,93,In Stock
P0685,S014,1,33,In Stock
P0685,S015,1,42,In Stock
P0685,S016,1,91,In Stock
P0685,S018,0,30,Out of Stock
P0685,S019,1,50,In Stock
P0685,S020,1,78,In Stock
P0685,S022,1,54,In Stock
P0685,S024,1,41,In Stock
P0685,S025,1,55,In Stock
P0685,S026,1,21,In Stock
P0686,S001,1,6,In Stock
P0686,S002,1,26,In Stock
P0686,S003,2,12,In Stock
P0686,S004,1,13,In Stock
P0686,S005,2,10,In Stock
P0686,S006,3,5,In Stock
P0686,S007,3,26,In Stock
P0686,S008,8,37,In Stock
P0686,S009,3,10,In Stock
P0686,S010,6,44,In Stock
P0686,S011,2,7,In Stock
P0686,S012,3,32,In Stock
P0686,S013,5,30,In Stock
P0686,S014,4,38,In Stock
P0686,S015,6,34,In Stock
P0686,S016,6,30,In Stock
P0686,S017,1,29,In Stock
P0686,S018,2,30,In Stock
P0686,S019,6,6,In Stock
P0686,S020,4,27,In Stock
P0686,S021,1,16,In Stock
P0686,S022,3,17,In Stock
P0686,S023,6,19,In Stock
P0686,S024,4,12,In Stock
P0686,S025,1,7,In Stock
P0686,S026,1,40,In Stock
P0687,S001,0,12,Out of Stock
P0687,S002,0,3,Out of Stock
P0687,S003,0,13,Out of Stock
P0687,S004,0,6,Out of Stock
P0687,S005,0,3,Out of Stock
P0687,S006,0,3,Out of Stock
P0687,S007,0,7,Out of Stock
P0687,S008,0,7,Out of Stock
P0687,S009,0,16,Out of Stock
P0687,S010,0,5,Out of Stock
P0687,S011,0,8,Out of Stock
P0687,S012,0,17,Out of Stock
P0687,S013,1,15,In Stock
P0687,S014,0,17,Out of Stock
P0687,S015,0,8,Out of Stock
P0687,S016,0,15,Out of Stock
P0687,S017,0,17,Out of Stock
P0687,S018,0,14,Out of Stock
P0687,S019,0,15,Out of Stock
P0687,S020,0,17,Out of Stock
P0687,S021,0,5,Out of Stock
P0687,S022,0,5,Out of Stock
P0687,S023,0,9,Out of Stock
P0687,S024,0,13,Out of Stock
P0687,S025,0,18,Out of Stock
P0687,S026,0,19,Out of Stock
P0688,S001,1,90,In Stock
P0688,S002,1,20,In Stock
P0688,S003,1,37,In Stock
P0688,S005,1,85,In Stock
P0688,S006,1,105,In Stock
P0688,S008,3,103,In Stock
P0688,S011,1,81,In Stock
P0688,S012,1,109,In Stock
P0688,S013,1,48,In Stock
P0688,S014,1,111,In Stock
P0688,S015,0,36,Out of Stock
P0688,S018,1,115,In Stock
P0688,S019,1,55,In Stock
P0688,S020,1,26,In Stock
P0688,S022,1,48,In Stock
P0688,S023,2,16,In Stock
P0688,S024,1,93,In Stock
P0688,S026,1,39,In Stock
P0689,S001,1,228,In Stock
P0689,S005,1,267,In Stock
P0689,S006,1,91,In Stock
P0689,S008,1,233,In Stock
P0689,S009,1,117,In Stock
P0689,S010,1,113,In Stock
P0689,S011,0,118,Out of Stock
P0689,S013,1,254,In Stock
P0689,S014,1,199,In Stock
P0689,S015,1,259,In Stock
P0689,S016,1,217,In Stock
P0689,S017,1,152,In Stock
P0689,S018,1,203,In Stock
P0689,S019,1,126,In Stock
P0689,S020,1,260,In Stock
P0689,S021,1,258,In Stock
P0689,S024,1,254,In Stock
P0689,S026,1,166,In Stock
P0690,S001,126,394,In Stock
P0690,S003,139,306,In Stock
P0690,S005,41,290,In Stock
P0690,S007,39,366,In Stock
P0690,S008,109,377,In Stock
P0690,S009,47,428,In Stock
P0690,S011,76,205,In Stock
P0690,S013,81,255,In Stock
P0690,S014,44,482,In Stock
P0690,S016,32,308,In Stock
P0690,S018,145,520,In Stock
P0690,S019,109,299,In Stock
P0690,S020,53,252,In Stock
P0690,S022,76,191,In Stock
P0690,S023,70,200,In Stock
P0690,S024,54,498,In Stock
P0690,S025,109,525,In Stock
P0690,S026,47,245,In Stock
P0691,S001,1,49,In Stock
P0691,S002,1,61,In Stock
P0691,S003,1,78,In Stock
P0691,S005,1,70,In Stock
P0691,S006,1,102,In Stock
P0691,S008,1,86,In Stock
P0691,S009,1,63,In Stock
P0691,S010,1,109,In Stock
P0691,S012,1,45,In Stock
P0691,S013,1,70,In Stock
P0691,S014,1,79,In Stock
P0691,S017,1,54,In Stock
P0691,S019,1,15,In Stock
P0691,S020,1,15,In Stock
P0691,S021,1,71,In Stock
P0691,S022,1,29,In Stock
P0691,S023,1,24,In Stock
P0691,S024,1,72,In Stock
P0691,S026,1,27,In Stock
P0692,S001,0,6,Out of Stock
P0692,S002,0,20,Out of Stock
P0692,S003,0,12,Out of Stock
P0692,S004,0,20,Out of Stock
P0692,S005,0,20,Out of Stock
P0692,S006,0,6,Out of Stock
P0692,S007,0,9,Out of Stock
P0692,S008,0,5,Out of Stock
P0692,S009,0,7,Out of Stock
P0692,S010,0,20,Out of Stock
P0692,S011,0,15,Out of Stock
P0692,S012,0,18,Out of Stock
P0692,S013,0,16,Out of Stock
P0692,S014,0,12,Out of Stock
P0692,S015,0,15,Out of Stock
P0692,S016,0,16,Out of Stock
P0692,S017,0,4,Out of Stock
P0692,S018,0,15,Out of Stock
P0692,S019,0,9,Out of Stock
P0692,S020,0,12,Out of Stock
P0692,S021,0,20,Out of Stock
P0692,S022,0,18,Out of Stock
P0692,S023,0,13,Out of Stock
P0692,S024,0,17,Out of Stock
P0692,S025,0,14,Out of Stock
P0692,S026,0,12,Out of Stock
P0693,S001,1,27,In Stock
P0693,S002,1,109,In Stock
P0693,S005,1,70,In Stock
P0693,S006,1,42,In Stock
P0693,S008,1,68,In Stock
P0693,S011,1,64,In Stock
P0693,S013,1,77,In Stock
P0693,S014,1,103,In Stock
P0693,S015,1,74,In Stock
P0693,S017,1,23,In Stock
P0693,S018,1,99,In Stock
P0693,S019,2,102,In Stock
P0693,S020,1,51,In Stock
P0693,S021,1,22,In Stock
P0693,S023,1,49,In Stock
P0693,S024,1,77,In Stock
P0693,S025,1,31,In Stock
P0694,S001,1,144,In Stock
P0694,S002,0,221,Out of Stock
P0694,S003,1,136,In Stock
P0694,S008,1,148,In Stock
P0694,S009,1,117,In Stock
P0694,S010,1,195,In Stock
P0694,S011,1,240,In Stock
P0694,S013,1,89,In Stock
P0694,S015,1,179,In Stock
P0694,S016,1,65,In Stock
P0694,S017,1,196,In Stock
P0694,S019,2,185,In Stock
P0694,S020,0,148,Out of Stock
P0694,S022,1,181,In Stock
P0694,S024,1,239,In Stock
P0695,S001,1,101,In Stock
P0695,S002,1,47,In Stock
P0695,S003,1,87,In Stock
P0695,S004,1,39,In Stock
P0695,S005,1,111,In Stock
P0695,S006,1,39,In Stock
P0695,S007,1,97,In Stock
P0695,S008,3,83,In Stock
P0695,S009,1,18,In Stock
P0695,S010,1,102,In Stock
P0695,S011,0,23,Out of Stock
P0695,S012,1,23,In Stock
P0695,S013,0,103,Out of Stock
P0695,S014,1,80,In Stock
P0695,S017,1,42,In Stock
P0695,S019,1,17,In Stock
P0695,S020,1,109,In Stock
P0695,S022,1,15,In Stock
P0695,S023,1,85,In Stock
P0695,S024,1,95,In Stock
P0696,S001,5,60,In Stock
P0696,S002,2,29,In Stock
P0696,S006,2,16,In Stock
P0696,S007,1,69,In Stock
P0696,S008,4,81,In Stock
P0696,S009,1,66,In Stock
P0696,S010,1,110,In Stock
P0696,S013,1,86,In Stock
P0696,S016,1,50,In Stock
P0696,S018,1,101,In Stock
P0696,S019,0,45,Out of Stock
P0696,S020,1,115,In Stock
P0696,S021,1,22,In Stock
P0696,S022,1,19,In Stock
P0696,S023,1,91,In Stock
P0696,S024,1,18,In Stock
P0696,S025,1,17,In Stock
P0696,S026,2,83,In Stock
P0697,S001,3,20,In Stock
P0697,S002,0,18,Out of Stock
P0697,S003,1,7,In Stock
P0697,S004,2,18,In Stock
P0697,S005,1,27,In Stock
P0697,S006,1,26,In Stock
P0697,S007,1,31,In Stock
P0697,S008,1,8,In Stock
P0697,S009,1,33,In Stock
P0697,S010,1,25,In Stock
P0697,S011,1,41,In Stock
P0697,S012,1,34,In Stock
P0697,S013,2,45,In Stock
P0697,S014,2,14,In Stock
P0697,S015,1,32,In Stock
P0697,S016,1,28,In Stock
P0697,S017,1,7,In Stock
P0697,S018,1,12,In Stock
P0697,S019,1,38,In Stock
P0697,S020,1,43,In Stock
P0697,S021,1,24,In Stock
P0697,S022,1,15,In Stock
P0697,S023,1,26,In Stock
P0697,S024,1,11,In Stock
P0697,S025,0,7,Out of Stock
P0697,S026,1,45,In Stock
P0698,S001,107,459,In Stock
P0698,S003,134,280,In Stock
P0698,S004,143,501,In Stock
P0698,S008,72,240,In Stock
P0698,S010,122,264,In Stock
P0698,S013,49,187,In Stock
P0698,S014,135,273,In Stock
P0698,S017,87,306,In Stock
P0698,S018,131,321,In Stock
P0698,S019,82,359,In Stock
P0698,S020,142,460,In Stock
P0698,S023,141,525,In Stock
P0698,S024,117,325,In Stock
P0698,S025,99,318,In Stock
P0698,S026,84,359,In Stock
P0699,S001,56,275,In Stock
P0699,S002,59,387,In Stock
P0699,S003,74,199,In Stock
P0699,S004,143,516,In Stock
P0699,S008,73,246,In Stock
P0699,S012,80,251,In Stock
P0699,S013,35,473,In Stock
P0699,S014,101,266,In Stock
P0699,S015,108,332,In Stock
P0699,S016,46,247,In Stock
P0699,S019,87,466,In Stock
P0699,S020,148,327,In Stock
P0699,S022,43,352,In Stock
P0699,S023,40,396,In Stock
P0699,S024,68,518,In Stock
P0700,S001,0,18,Out of Stock
P0700,S002,0,14,Out of Stock
P0700,S003,0,6,Out of Stock
P0700,S004,0,6,Out of Stock
P0700,S005,0,20,Out of Stock
P0700,S006,0,7,Out of Stock
P0700,S007,0,9,Out of Stock
P0700,S008,0,7,Out of Stock
P0700,S009,0,7,Out of Stock
P0700,S010,0,20,Out of Stock
P0700,S011,0,17,Out of Stock
P0700,S012,0,13,Out of Stock
P0700,S013,0,2,Out of Stock
P0700,S014,0,20,Out of Stock
P0700,S015,0,17,Out of Stock
P0700,S016,0,7,Out of Stock
P0700,S017,0,13,Out of Stock
P0700,S018,0,16,Out of Stock
P0700,S019,0,17,Out of Stock
P0700,S020,0,15,Out of Stock
P0700,S021,0,12,Out of Stock
P0700,S022,0,9,Out of Stock
P0700,S023,0,15,Out of Stock
P0700,S024,0,16,Out of Stock
P0700,S025,0,5,Out of Stock
P0700,S026,0,10,Out of Stock
P0701,S001,1,156,In Stock
P0701,S002,1,75,In Stock
P0701,S003,1,133,In Stock
P0701,S004,1,254,In Stock
P0701,S007,1,199,In Stock
P0701,S008,1,156,In Stock
P0701,S011,1,160,In Stock
P0701,S014,1,157,In Stock
P0701,S015,1,82,In Stock
P0701,S016,1,161,In Stock
P0701,S017,1,223,In Stock
P0701,S018,1,251,In Stock
P0701,S019,1,251,In Stock
P0701,S021,1,100,In Stock
P0701,S023,1,188,In Stock
P0701,S024,1,236,In Stock
P0701,S025,1,207,In Stock
P0701,S026,1,100,In Stock
P0702,S001,4,36,In Stock
P0702,S002,0,27,Out of Stock
P0702,S003,1,25,In Stock
P0702,S004,1,31,In Stock
P0702,S005,3,5,In Stock
P0702,S006,1,27,In Stock
P0702,S007,1,36,In Stock
P0702,S008,0,22,Out of Stock
P0702,S009,3,18,In Stock
P0702,S010,1,32,In Stock
P0702,S011,2,21,In Stock
P0702,S012,2,17,In Stock
P0702,S013,1,25,In Stock
P0702,S014,2,18,In Stock
P0702,S015,2,40,In Stock
P0702,S016,2,23,In Stock
P0702,S017,2,43,In Stock
P0702,S018,3,36,In Stock
P0702,S019,3,5,In Stock
P0702,S020,1,9,In Stock
P0702,S021,3,20,In Stock
P0702,S022,1,29,In Stock
P0702,S023,1,39,In Stock
P0702,S024,4,8,In Stock
P0702,S025,2,40,In Stock
P0702,S026,1,27,In Stock
P0703,S001,1,17,In Stock
P0703,S002,0,11,Out of Stock
P0703,S003,0,4,Out of Stock
P0703,S004,0,17,Out of Stock
P0703,S005,0,4,Out of Stock
P0703,S006,0,6,Out of Stock
P0703,S007,0,14,Out of Stock
P0703,S008,0,3,Out of Stock
P0703,S009,0,7,Out of Stock
P0703,S010,0,20,Out of Stock
P0703,S011,1,9,In Stock
P0703,S012,0,8,Out of Stock
P0703,S013,0,16,Out of Stock
P0703,S014,0,15,Out of Stock
P0703,S015,0,14,Out of Stock
P0703,S016,0,13,Out of Stock
P0703,S017,0,8,Out of Stock
P0703,S018,0,2,Out of Stock
P0703,S019,0,15,Out of Stock
P0703,S020,0,14,Out of Stock
P0703,S021,0,2,Out of Stock
P0703,S022,0,3,Out of Stock
P0703,S023,0,1,Out of Stock
P0703,S024,0,17,Out of Stock
P0703,S025,0,16,Out of Stock
P0703,S026,0,15,Out of Stock
P0704,S001,31,200,In Stock
P0704,S002,37,346,In Stock
P0704,S003,69,407,In Stock
P0704,S005,41,427,In Stock
P0704,S008,143,278,In Stock
P0704,S009,68,277,In Stock
P0704,S010,111,360,In Stock
P0704,S011,55,403,In Stock
P0704,S013,126,257,In Stock
P0704,S014,48,381,In Stock
P0704,S015,136,381,In Stock
P0704,S016,46,436,In Stock
P0704,S019,43,390,In Stock
P0704,S020,106,461,In Stock
P0704,S021,55,443,In Stock
P0704,S024,55,193,In Stock
P0704,S025,64,403,In Stock
P0704,S026,38,458,In Stock
P0705,S001,3,40,In Stock
P0705,S002,1,27,In Stock
P0705,S003,1,99,In Stock
P0705,S005,1,57,In Stock
P0705,S006,1,44,In Stock
P0705,S008,3,118,In Stock
P0705,S009,1,19,In Stock
P0705,S010,1,93,In Stock
P0705,S011,1,101,In Stock
P0705,S012,1,85,In Stock
P0705,S013,1,97,In Stock
P0705,S015,1,107,In Stock
P0705,S016,1,83,In Stock
P0705,S018,1,116,In Stock
P0705,S019,5,43,In Stock
P0705,S021,1,60,In Stock
P0705,S022,1,39,In Stock
P0705,S024,2,38,In Stock
P0706,S001,7,21,In Stock
P0706,S002,1,53,In Stock
P0706,S003,1,21,In Stock
P0706,S004,1,92,In Stock
P0706,S006,1,40,In Stock
P0706,S008,3,118,In Stock
P0706,S011,1,114,In Stock
P0706,S012,1,70,In Stock
P0706,S013,9,72,In Stock
P0706,S014,1,89,In Stock
P0706,S015,1,17,In Stock
P0706,S017,1,34,In Stock
P0706,S019,4,39,In Stock
P0706,S020,1,114,In Stock
P0706,S021,2,50,In Stock
P0706,S022,1,114,In Stock
P0706,S025,1,107,In Stock
P0706,S026,1,73,In Stock
P0707,S001,90,251,In Stock
P0707,S002,41,442,In Stock
P0707,S003,43,363,In Stock
P0707,S005,141,241,In Stock
P0707,S006,76,321,In Stock
P0707,S008,133,211,In Stock
P0707,S009,47,382,In Stock
P0707,S010,99,291,In Stock
P0707,S013,117,181,In Stock
P0707,S014,127,450,In Stock
P0707,S017,95,331,In Stock
P0707,S019,123,428,In Stock
P0707,S020,80,312,In Stock
P0707,S022,92,466,In Stock
P0707,S024,32,241,In Stock
P0708,S001,86,374,In Stock
P0708,S002,132,435,In Stock
P0708,S005,45,365,In Stock
P0708,S008,134,291,In Stock
P0708,S009,66,446,In Stock
P0708,S010,142,346,In Stock
P0708,S011,82,272,In Stock
P0708,S012,43,478,In Stock
P0708,S013,67,207,In Stock
P0708,S014,130,369,In Stock
P0708,S015,125,368,In Stock
P0708,S018,85,424,In Stock
P0708,S019,72,253,In Stock
P0708,S020,79,280,In Stock
P0708,S023,141,441,In Stock
P0708,S024,34,360,In Stock
P0709,S001,3,6,In Stock
P0709,S002,1,5,In Stock
P0709,S003,1,35,In Stock
P0709,S004,1,25,In Stock
P0709,S005,1,21,In Stock
P0709,S006,2,21,In Stock
P0709,S007,0,18,Out of Stock
P0709,S008,3,7,In Stock
P0709,S009,1,19,In Stock
P0709,S010,1,23,In Stock
P0709,S011,1,22,In Stock
P0709,S012,1,20,In Stock
P0709,S013,4,42,In Stock
P0709,S014,1,31,In Stock
P0709,S015,1,24,In Stock
P0709,S016,1,26,In Stock
P0709,S017,1,41,In Stock
P0709,S018,2,12,In Stock
P0709,S019,3,9,In Stock
P0709,S020,1,40,In Stock
P0709,S021,1,29,In Stock
P0709,S022,1,34,In Stock
P0709,S023,3,36,In Stock
P0709,S024,2,42,In Stock
P0709,S025,2,28,In Stock
P0709,S026,1,7,In Stock
P0710,S001,12,74,In Stock
P0710,S002,3,83,In Stock
P0710,S003,1,117,In Stock
P0710,S004,1,85,In Stock
P0710,S005,2,55,In Stock
P0710,S008,8,66,In Stock
P0710,S009,3,97,In Stock
P0710,S010,4,55,In Stock
P0710,S012,2,94,In Stock
P0710,S013,17,94,In Stock
P0710,S014,9,116,In Stock
P0710,S015,5,57,In Stock
P0710,S016,1,110,In Stock
P0710,S017,6,98,In Stock
P0710,S018,4,100,In Stock
P0710,S019,12,61,In Stock
P0710,S020,1,115,In Stock
P0710,S021,2,31,In Stock
P0710,S024,3,117,In Stock
P0710,S025,1,79,In Stock
P0710,S026,1,56,In Stock
P0711,S001,1,89,In Stock
P0711,S005,1,234,In Stock
P0711,S006,1,197,In Stock
P0711,S007,1,206,In Stock
P0711,S008,1,264,In Stock
P0711,S009,1,75,In Stock
P0711,S011,1,92,In Stock
P0711,S012,1,110,In Stock
P0711,S013,1,171,In Stock
P0711,S014,1,211,In Stock
P0711,S016,0,264,Out of Stock
P0711,S017,1,124,In Stock
P0711,S019,1,263,In Stock
P0711,S021,1,199,In Stock
P0711,S022,1,138,In Stock
P0711,S023,1,195,In Stock
P0712,S001,1,59,In Stock
P0712,S004,1,79,In Stock
P0712,S005,1,70,In Stock
P0712,S006,1,42,In Stock
P0712,S007,1,95,In Stock
P0712,S009,1,107,In Stock
P0712,S010,1,47,In Stock
P0712,S011,1,15,In Stock
P0712,S012,1,93,In Stock
P0712,S013,1,16,In Stock
P0712,S014,1,36,In Stock
P0712,S015,1,91,In Stock
P0712,S016,1,108,In Stock
P0712,S017,1,53,In Stock
P0712,S019,1,68,In Stock
P0712,S020,1,39,In Stock
P0712,S021,1,104,In Stock
P0713,S001,1,232,In Stock
P0713,S002,1,110,In Stock
P0713,S003,1,259,In Stock
P0713,S004,1,143,In Stock
P0713,S006,1,225,In Stock
P0713,S008,1,173,In Stock
P0713,S009,1,103,In Stock
P0713,S010,1,111,In Stock
P0713,S011,1,181,In Stock
P0713,S012,1,175,In Stock
P0713,S013,1,193,In Stock
P0713,S015,1,168,In Stock
P0713,S016,1,209,In Stock
P0713,S018,1,256,In Stock
P0713,S019,1,67,In Stock
P0713,S020,1,176,In Stock
P0713,S022,1,234,In Stock
P0713,S024,1,209,In Stock
P0713,S025,1,131,In Stock
P0714,S001,0,80,Out of Stock
P0714,S002,1,62,In Stock
P0714,S004,1,21,In Stock
P0714,S008,1,45,In Stock
P0714,S009,1,21,In Stock
P0714,S010,1,80,In Stock
P0714,S011,1,72,In Stock
P0714,S012,0,95,Out of Stock
P0714,S013,1,100,In Stock
P0714,S014,1,98,In Stock
P0714,S018,1,94,In Stock
P0714,S019,3,107,In Stock
P0714,S022,1,30,In Stock
P0714,S024,1,109,In Stock
P0714,S026,1,61,In Stock
P0715,S001,2,32,In Stock
P0715,S002,2,15,In Stock
P0715,S003,2,39,In Stock
P0715,S004,2,42,In Stock
P0715,S005,1,24,In Stock
P0715,S006,1,22,In Stock
P0715,S007,1,25,In Stock
P0715,S008,1,43,In Stock
P0715,S009,1,40,In Stock
P0715,S010,1,12,In Stock
P0715,S011,2,26,In Stock
P0715,S012,1,6,In Stock
P0715,S013,1,33,In Stock
P0715,S014,1,5,In Stock
P0715,S015,1,18,In Stock
P0715,S016,1,7,In Stock
P0715,S017,1,33,In Stock
P0715,S018,1,39,In Stock
P0715,S019,1,25,In Stock
P0715,S020,3,34,In Stock
P0715,S021,2,41,In Stock
P0715,S022,1,15,In Stock
P0715,S023,1,15,In Stock
P0715,S024,3,8,In Stock
P0715,S025,1,9,In Stock
P0715,S026,1,38,In Stock
P0716,S001,1,67,In Stock
P0716,S003,1,69,In Stock
P0716,S005,1,21,In Stock
P0716,S006,1,32,In Stock
P0716,S008,1,34,In Stock
P0716,S009,0,16,Out of Stock
P0716,S010,1,61,In Stock
P0716,S013,1,34,In Stock
P0716,S014,1,112,In Stock
P0716,S016,1,30,In Stock
P0716,S019,1,102,In Stock
P0716,S020,1,22,In Stock
P0716,S021,1,48,In Stock
P0716,S022,1,67,In Stock
P0716,S024,1,37,In Stock
P0716,S025,1,39,In Stock
P0716,S026,1,33,In Stock
P0717,S001,1,140,In Stock
P0717,S003,1,243,In Stock
P0717,S004,1,205,In Stock
P0717,S005,1,78,In Stock
P0717,S006,1,243,In Stock
P0717,S007,1,163,In Stock
P0717,S008,1,247,In Stock
P0717,S009,1,149,In Stock
P0717,S010,1,174,In Stock
P0717,S011,1,230,In Stock
P0717,S012,1,189,In Stock
P0717,S013,1,257,In Stock
P0717,S014,1,232,In Stock
P0717,S015,1,80,In Stock
P0717,S016,1,200,In Stock
P0717,S017,1,265,In Stock
P0717,S019,1,116,In Stock
P0717,S020,1,73,In Stock
P0717,S021,1,223,In Stock
P0717,S024,1,73,In Stock
P0717,S026,1,212,In Stock
P0718,S001,1,255,In Stock
P0718,S002,1,235,In Stock
P0718,S003,1,143,In Stock
P0718,S005,1,240,In Stock
P0718,S007,1,188,In Stock
P0718,S008,1,247,In Stock
P0718,S009,1,174,In Stock
P0718,S010,0,239,Out of Stock
P0718,S011,1,183,In Stock
P0718,S012,1,227,In Stock
P0718,S013,1,71,In Stock
P0718,S014,1,222,In Stock
P0718,S015,1,119,In Stock
P0718,S016,1,101,In Stock
P0718,S018,1,261,In Stock
P0718,S019,1,72,In Stock
P0718,S020,1,237,In Stock
P0718,S023,1,126,In Stock
P0718,S024,1,262,In Stock
P0718,S025,1,77,In Stock
P0718,S026,1,145,In Stock
P0719,S001,0,17,Out of Stock
P0719,S002,0,6,Out of Stock
P0719,S003,0,6,Out of Stock
P0719,S004,0,6,Out of Stock
P0719,S005,0,2,Out of Stock
P0719,S006,0,20,Out of Stock
P0719,S007,0,20,Out of Stock
P0719,S008,0,13,Out of Stock
P0719,S009,0,8,Out of Stock
P0719,S010,0,19,Out of Stock
P0719,S011,0,9,Out of Stock
P0719,S012,0,16,Out of Stock
P0719,S013,0,11,Out of Stock
P0719,S014,0,10,Out of Stock
P0719,S015,0,6,Out of Stock
P0719,S016,0,11,Out of Stock
P0719,S017,0,19,Out of Stock
P0719,S018,0,10,Out of Stock
P0719,S019,0,3,Out of Stock
P0719,S020,0,6,Out of Stock
P0719,S021,0,8,Out of Stock
P0719,S022,0,13,Out of Stock
P0719,S023,0,12,Out of Stock
P0719,S024,0,2,Out of Stock
P0719,S025,0,14,Out of Stock
P0719,S026,0,10,Out of Stock
P0720,S001,5,35,In Stock
P0720,S002,2,11,In Stock
P0720,S003,1,18,In Stock
P0720,S004,1,17,In Stock
P0720,S005,1,41,In Stock
P0720,S006,2,10,In Stock
P0720,S007,1,36,In Stock
P0720,S008,1,15,In Stock
P0720,S009,1,43,In Stock
P0720,S010,4,20,In Stock
P0720,S011,1,6,In Stock
P0720,S012,3,25,In Stock
P0720,S013,6,38,In Stock
P0720,S014,2,20,In Stock
P0720,S015,1,31,In Stock
P0720,S016,2,31,In Stock
P0720,S017,1,40,In Stock
P0720,S018,1,18,In Stock
P0720,S019,9,21,In Stock
P0720,S020,0,6,Out of Stock
P0720,S021,2,24,In Stock
P0720,S022,1,29,In Stock
P0720,S023,0,25,Out of Stock
P0720,S024,2,26,In Stock
P0720,S025,2,41,In Stock
P0720,S026,1,32,In Stock
P0721,S001,1,137,In Stock
P0721,S002,1,94,In Stock
P0721,S003,1,224,In Stock
P0721,S004,1,91,In Stock
P0721,S005,1,130,In Stock
P0721,S006,0,73,Out of Stock
P0721,S007,1,77,In Stock
P0721,S008,1,100,In Stock
P0721,S009,0,146,Out of Stock
P0721,S010,1,73,In Stock
P0721,S012,1,181,In Stock
P0721,S013,3,76,In Stock
P0721,S014,1,134,In Stock
P0721,S015,1,117,In Stock
P0721,S017,1,238,In Stock
P0721,S018,1,63,In Stock
P0721,S019,1,270,In Stock
P0721,S022,0,102,Out of Stock
P0721,S023,1,67,In Stock
P0721,S024,1,220,In Stock
P0721,S025,1,218,In Stock
P0721,S026,1,192,In Stock
P0722,S001,5,40,In Stock
P0722,S002,2,12,In Stock
P0722,S003,1,11,In Stock
P0722,S004,1,11,In Stock
P0722,S005,2,41,In Stock
P0722,S006,2,42,In Stock
P0722,S007,3,30,In Stock
P0722,S008,5,7,In Stock
P0722,S009,2,22,In Stock
P0722,S010,8,15,In Stock
P0722,S011,4,14,In Stock
P0722,S012,3,28,In Stock
P0722,S013,6,40,In Stock
P0722,S014,3,21,In Stock
P0722,S015,2,17,In Stock
P0722,S016,3,42,In Stock
P0722,S017,3,13,In Stock
P0722,S018,4,39,In Stock
P0722,S019,16,32,In Stock
P0722,S020,3,35,In Stock
P0722,S021,2,13,In Stock
P0722,S022,3,17,In Stock
P0722,S023,2,29,In Stock
P0722,S024,7,8,In Stock
P0722,S025,4,36,In Stock
P0722,S026,1,25,In Stock
P0723,S001,4,38,In Stock
P0723,S002,1,23,In Stock
P0723,S003,1,7,In Stock
P0723,S004,1,13,In Stock
P0723,S005,0,22,Out of Stock
P0723,S006,1,12,In Stock
P0723,S007,1,39,In Stock
P0723,S008,1,38,In Stock
P0723,S009,1,42,In Stock
P0723,S010,1,14,In Stock
P0723,S011,1,15,In Stock
P0723,S012,1,23,In Stock
P0723,S013,3,40,In Stock
P0723,S014,2,15,In Stock
P0723,S015,1,31,In Stock
P0723,S016,3,25,In Stock
P0723,S017,1,14,In Stock
P0723,S018,2,16,In Stock
P0723,S019,5,10,In Stock
P0723,S020,1,44,In Stock
P0723,S021,1,34,In Stock
P0723,S022,0,18,Out of Stock
P0723,S023,2,32,In Stock
P0723,S024,2,5,In Stock
P0723,S025,1,23,In Stock
P0723,S026,0,14,Out of Stock
P0724,S001,106,352,In Stock
P0724,S002,138,519,In Stock
P0724,S004,118,422,In Stock
P0724,S005,73,302,In Stock
P0724,S007,127,473,In Stock
P0724,S008,65,478,In Stock
P0724,S009,117,366,In Stock
P0724,S011,89,484,In Stock
P0724,S013,116,431,In Stock
P0724,S014,67,188,In Stock
P0724,S015,150,258,In Stock
P0724,S016,94,432,In Stock
P0724,S018,34,271,In Stock
P0724,S019,129,181,In Stock
P0724,S020,125,187,In Stock
P0724,S021,30,299,In Stock
P0724,S023,136,249,In Stock
P0724,S024,147,377,In Stock
P0724,S026,107,285,In Stock
P0725,S001,94,269,In Stock
P0725,S002,66,490,In Stock
P0725,S003,40,330,In Stock
P0725,S005,39,438,In Stock
P0725,S006,106,495,In Stock
P0725,S008,75,227,In Stock
P0725,S011,30,533,In Stock
P0725,S012,108,311,In Stock
P0725,S013,69,538,In Stock
P0725,S017,89,476,In Stock
P0725,S019,89,223,In Stock
P0725,S021,103,298,In Stock
P0725,S023,138,320,In Stock
P0725,S025,112,188,In Stock
P0725,S026,139,451,In Stock
P0726,S001,36,311,In Stock
P0726,S002,64,482,In Stock
P0726,S003,148,204,In Stock
P0726,S004,102,423,In Stock
P0726,S005,110,241,In Stock
P0726,S006,83,433,In Stock
P0726,S007,141,304,In Stock
P0726,S008,104,534,In Stock
P0726,S009,84,431,In Stock
P0726,S010,126,409,In Stock
P0726,S013,101,491,In Stock
P0726,S014,100,527,In Stock
P0726,S015,117,244,In Stock
P0726,S018,121,185,In Stock
P0726,S019,66,338,In Stock
P0726,S024,76,477,In Stock
P0726,S025,44,240,In Stock
P0726,S026,79,323,In Stock
P0727,S001,1,48,In Stock
P0727,S002,1,41,In Stock
P0727,S003,1,27,In Stock
P0727,S005,1,116,In Stock
P0727,S006,1,15,In Stock
P0727,S007,1,98,In Stock
P0727,S008,1,110,In Stock
P0727,S009,1,117,In Stock
P0727,S010,1,107,In Stock
P0727,S011,1,114,In Stock
P0727,S012,1,100,In Stock
P0727,S013,1,55,In Stock
P0727,S015,1,92,In Stock
P0727,S016,1,28,In Stock
P0727,S017,1,63,In Stock
P0727,S019,1,96,In Stock
P0727,S020,1,71,In Stock
P0727,S023,1,110,In Stock
P0727,S024,1,120,In Stock
P0727,S026,1,73,In Stock
P0728,S001,1,92,In Stock
P0728,S002,1,52,In Stock
P0728,S003,1,65,In Stock
P0728,S006,1,83,In Stock
P0728,S008,1,56,In Stock
P0728,S009,1,54,In Stock
P0728,S011,1,68,In Stock
P0728,S012,1,37,In Stock
P0728,S013,1,102,In Stock
P0728,S014,1,72,In Stock
P0728,S016,1,16,In Stock
P0728,S017,1,40,In Stock
P0728,S018,1,52,In Stock
P0728,S019,1,71,In Stock
P0728,S020,1,45,In Stock
P0728,S022,1,86,In Stock
P0728,S024,1,100,In Stock
P0728,S026,1,100,In Stock
P0729,S001,1,232,In Stock
P0729,S002,1,268,In Stock
P0729,S003,1,255,In Stock
P0729,S004,1,144,In Stock
P0729,S005,1,120,In Stock
P0729,S006,1,106,In Stock
P0729,S008,1,233,In Stock
P0729,S009,1,206,In Stock
P0729,S011,1,246,In Stock
P0729,S013,2,258,In Stock
P0729,S015,1,113,In Stock
P0729,S016,1,124,In Stock
P0729,S018,1,217,In Stock
P0729,S019,1,100,In Stock
P0729,S020,1,265,In Stock
P0729,S022,1,161,In Stock
P0729,S024,1,145,In Stock
P0730,S001,5,69,In Stock
P0730,S003,0,43,Out of Stock
P0730,S004,2,98,In Stock
P0730,S005,1,87,In Stock
P0730,S006,2,20,In Stock
P0730,S008,4,97,In Stock
P0730,S009,3,112,In Stock
P0730,S010,3,106,In Stock
P0730,S011,1,39,In Stock
P0730,S012,3,81,In Stock
P0730,S013,10,64,In Stock
P0730,S015,3,29,In Stock
P0730,S017,1,91,In Stock
P0730,S018,2,18,In Stock
P0730,S019,3,69,In Stock
P0730,S020,1,115,In Stock
P0730,S021,6,24,In Stock
P0730,S022,1,16,In Stock
P0730,S023,1,71,In Stock
P0730,S026,1,76,In Stock
P0731,S001,1,99,In Stock
P0731,S003,1,57,In Stock
P0731,S004,1,21,In Stock
P0731,S006,1,44,In Stock
P0731,S007,1,118,In Stock
P0731,S008,0,56,Out of Stock
P0731,S010,1,75,In Stock
P0731,S011,1,110,In Stock
P0731,S013,1,21,In Stock
P0731,S014,1,66,In Stock
P0731,S015,2,22,In Stock
P0731,S017,1,32,In Stock
P0731,S019,1,94,In Stock
P0731,S020,1,72,In Stock
P0731,S022,1,89,In Stock
P0731,S025,1,21,In Stock
P0732,S002,1,224,In Stock
P0732,S003,1,189,In Stock
P0732,S005,1,181,In Stock
P0732,S006,1,103,In Stock
P0732,S007,0,205,Out of Stock
P0732,S008,1,104,In Stock
P0732,S009,1,129,In Stock
P0732,S010,1,147,In Stock
P0732,S011,1,125,In Stock
P0732,S013,1,69,In Stock
P0732,S014,1,106,In Stock
P0732,S016,1,221,In Stock
P0732,S017,1,263,In Stock
P0732,S020,1,152,In Stock
P0732,S021,1,108,In Stock
P0732,S023,1,96,In Stock
P0732,S024,1,209,In Stock
P0732,S025,1,113,In Stock
P0733,S001,1,19,In Stock
P0733,S002,1,27,In Stock
P0733,S003,1,81,In Stock
P0733,S005,1,75,In Stock
P0733,S006,1,36,In Stock
P0733,S007,1,71,In Stock
P0733,S008,1,69,In Stock
P0733,S009,1,20,In Stock
P0733,S010,1,82,In Stock
P0733,S011,1,94,In Stock
P0733,S013,1,35,In Stock
P0733,S015,1,114,In Stock
P0733,S016,1,23,In Stock
P0733,S018,1,29,In Stock
P0733,S019,1,58,In Stock
P0733,S021,1,49,In Stock
P0733,S022,1,32,In Stock
P0733,S023,1,49,In Stock
P0733,S024,1,58,In Stock
P0733,S025,1,107,In Stock
P0733,S026,1,37,In Stock
P0734,S001,1,260,In Stock
P0734,S002,1,79,In Stock
P0734,S003,1,151,In Stock
P0734,S004,1,148,In Stock
P0734,S005,1,187,In Stock
P0734,S006,1,144,In Stock
P0734,S008,1,200,In Stock
P0734,S012,1,87,In Stock
P0734,S013,1,250,In Stock
P0734,S014,1,144,In Stock
P0734,S016,1,183,In Stock
P0734,S017,1,241,In Stock
P0734,S019,1,145,In Stock
P0734,S020,1,199,In Stock
P0734,S022,1,74,In Stock
P0734,S024,1,243,In Stock
P0734,S025,1,154,In Stock
P0734,S026,1,80,In Stock
P0735,S001,2,80,In Stock
P0735,S003,1,114,In Stock
P0735,S004,0,46,Out of Stock
P0735,S005,1,120,In Stock
P0735,S006,1,110,In Stock
P0735,S007,1,37,In Stock
P0735,S008,1,97,In Stock
P0735,S009,1,63,In Stock
P0735,S011,1,95,In Stock
P0735,S012,1,104,In Stock
P0735,S013,1,45,In Stock
P0735,S014,1,99,In Stock
P0735,S015,1,91,In Stock
P0735,S016,1,94,In Stock
P0735,S017,1,120,In Stock
P0735,S018,1,116,In Stock
P0735,S019,1,106,In Stock
P0735,S020,1,104,In Stock
P0735,S021,1,68,In Stock
P0735,S023,1,110,In Stock
P0735,S025,1,77,In Stock
P0735,S026,1,81,In Stock
P0736,S001,117,367,In Stock
P0736,S002,107,445,In Stock
P0736,S003,42,302,In Stock
P0736,S004,116,215,In Stock
P0736,S005,136,185,In Stock
P0736,S006,48,183,In Stock
P0736,S008,36,345,In Stock
P0736,S009,76,359,In Stock
P0736,S011,44,450,In Stock
P0736,S012,148,347,In Stock
P0736,S013,79,348,In Stock
P0736,S015,145,209,In Stock
P0736,S016,85,276,In Stock
P0736,S017,139,309,In Stock
P0736,S018,44,237,In Stock
P0736,S019,101,433,In Stock
P0736,S020,76,291,In Stock
P0736,S021,129,504,In Stock
P0736,S023,127,350,In Stock
P0736,S024,40,405,In Stock
P0737,S003,1,73,In Stock
P0737,S005,1,85,In Stock
P0737,S006,0,25,Out of Stock
P0737,S008,2,48,In Stock
P0737,S009,1,36,In Stock
P0737,S010,1,106,In Stock
P0737,S011,1,47,In Stock
P0737,S013,1,72,In Stock
P0737,S015,1,32,In Stock
P0737,S016,1,37,In Stock
P0737,S017,1,47,In Stock
P0737,S018,1,117,In Stock
P0737,S019,1,33,In Stock
P0737,S020,1,96,In Stock
P0737,S021,1,44,In Stock
P0737,S026,1,79,In Stock
P0738,S001,1,67,In Stock
P0738,S002,0,65,Out of Stock
P0738,S004,1,40,In Stock
P0738,S005,2,93,In Stock
P0738,S006,2,42,In Stock
P0738,S008,4,98,In Stock
P0738,S009,2,99,In Stock
P0738,S010,1,21,In Stock
P0738,S013,1,42,In Stock
P0738,S015,1,60,In Stock
P0738,S016,2,31,In Stock
P0738,S017,1,54,In Stock
P0738,S019,1,34,In Stock
P0738,S020,2,87,In Stock
P0738,S021,1,30,In Stock
P0738,S022,1,15,In Stock
P0738,S023,4,84,In Stock
P0738,S024,1,73,In Stock
P0738,S025,1,21,In Stock
P0739,S001,1,100,In Stock
P0739,S002,1,236,In Stock
P0739,S003,1,264,In Stock
P0739,S004,1,257,In Stock
P0739,S005,1,103,In Stock
P0739,S006,1,67,In Stock
P0739,S007,1,70,In Stock
P0739,S008,1,128,In Stock
P0739,S011,1,84,In Stock
P0739,S012,1,252,In Stock
P0739,S013,1,247,In Stock
P0739,S015,1,155,In Stock
P0739,S016,1,183,In Stock
P0739,S017,1,124,In Stock
P0739,S018,1,270,In Stock
P0739,S019,1,63,In Stock
P0739,S020,1,134,In Stock
P0739,S022,1,252,In Stock
P0739,S023,1,90,In Stock
P0739,S024,1,135,In Stock
P0740,S001,1,57,In Stock
P0740,S002,1,83,In Stock
P0740,S003,1,20,In Stock
P0740,S005,1,43,In Stock
P0740,S006,1,90,In Stock
P0740,S007,1,53,In Stock
P0740,S008,1,32,In Stock
P0740,S009,1,52,In Stock
P0740,S010,1,52,In Stock
P0740,S011,1,118,In Stock
P0740,S012,1,15,In Stock
P0740,S013,3,52,In Stock
P0740,S014,1,119,In Stock
P0740,S015,1,112,In Stock
P0740,S016,1,106,In Stock
P0740,S017,1,21,In Stock
P0740,S018,1,18,In Stock
P0740,S019,1,75,In Stock
P0740,S020,1,119,In Stock
P0740,S022,1,70,In Stock
P0740,S024,1,20,In Stock
P0740,S025,1,109,In Stock
P0741,S001,1,15,In Stock
P0741,S003,1,73,In Stock
P0741,S004,1,37,In Stock
P0741,S005,1,56,In Stock
P0741,S006,1,109,In Stock
P0741,S008,1,105,In Stock
P0741,S010,1,94,In Stock
P0741,S011,1,44,In Stock
P0741,S012,1,80,In Stock
P0741,S013,2,91,In Stock
P0741,S015,1,78,In Stock
P0741,S016,1,30,In Stock
P0741,S019,1,64,In Stock
P0741,S020,1,16,In Stock
P0741,S021,1,21,In Stock
P0741,S022,1,38,In Stock
P0741,S023,1,23,In Stock
P0742,S001,2,42,In Stock
P0742,S003,1,59,In Stock
P0742,S005,1,48,In Stock
P0742,S006,1,60,In Stock
P0742,S007,1,68,In Stock
P0742,S008,2,82,In Stock
P0742,S009,1,41,In Stock
P0742,S010,1,16,In Stock
P0742,S011,1,98,In Stock
P0742,S012,1,112,In Stock
P0742,S013,0,61,Out of Stock
P0742,S014,1,82,In Stock
P0742,S015,1,44,In Stock
P0742,S016,1,105,In Stock
P0742,S017,1,73,In Stock
P0742,S019,2,72,In Stock
P0742,S020,1,82,In Stock
P0742,S021,1,20,In Stock
P0742,S022,1,106,In Stock
P0742,S023,1,20,In Stock
P0742,S024,1,76,In Stock
P0743,S001,1,228,In Stock
P0743,S002,1,68,In Stock
P0743,S004,1,181,In Stock
P0743,S008,1,162,In Stock
P0743,S009,1,100,In Stock
P0743,S010,1,265,In Stock
P0743,S011,1,88,In Stock
P0743,S012,1,266,In Stock
P0743,S013,1,96,In Stock
P0743,S015,1,112,In Stock
P0743,S016,1,229,In Stock
P0743,S017,1,151,In Stock
P0743,S018,1,180,In Stock
P0743,S019,1,186,In Stock
P0743,S020,1,228,In Stock
P0743,S023,1,244,In Stock
P0743,S024,1,202,In Stock
P0744,S001,1,134,In Stock
P0744,S002,1,96,In Stock
P0744,S003,1,206,In Stock
P0744,S004,1,176,In Stock
P0744,S005,1,265,In Stock
P0744,S006,1,229,In Stock
P0744,S007,1,206,In Stock
P0744,S008,1,93,In Stock
P0744,S009,1,188,In Stock
P0744,S010,1,101,In Stock
P0744,S011,1,246,In Stock
P0744,S013,1,63,In Stock
P0744,S014,1,85,In Stock
P0744,S015,1,104,In Stock
P0744,S016,1,134,In Stock
P0744,S019,1,86,In Stock
P0744,S020,1,230,In Stock
P0744,S021,1,60,In Stock
P0744,S022,1,162,In Stock
P0744,S024,1,105,In Stock
P0745,S001,1,45,In Stock
P0745,S002,3,41,In Stock
P0745,S003,1,17,In Stock
P0745,S005,1,32,In Stock
P0745,S006,1,79,In Stock
P0745,S008,4,116,In Stock
P0745,S009,1,61,In Stock
P0745,S013,9,111,In Stock
P0745,S014,5,56,In Stock
P0745,S015,3,51,In Stock
P0745,S016,3,39,In Stock
P0745,S017,1,106,In Stock
P0745,S018,1,45,In Stock
P0745,S019,5,113,In Stock
P0745,S020,4,49,In Stock
P0745,S022,1,90,In Stock
P0745,S023,1,62,In Stock
P0745,S024,2,45,In Stock
P0745,S026,2,20,In Stock
P0746,S001,4,11,In Stock
P0746,S002,0,16,Out of Stock
P0746,S003,0,3,Out of Stock
P0746,S004,0,19,Out of Stock
P0746,S005,0,4,Out of Stock
P0746,S006,1,17,In Stock
P0746,S007,0,1,Out of Stock
P0746,S008,0,18,Out of Stock
P0746,S009,0,2,Out of Stock
P0746,S010,1,7,In Stock
P0746,S011,1,2,In Stock
P0746,S012,1,11,In Stock
P0746,S013,0,2,Out of Stock
P0746,S014,0,17,Out of Stock
P0746,S015,0,2,Out of Stock
P0746,S016,0,8,Out of Stock
P0746,S017,0,19,Out of Stock
P0746,S018,1,17,In Stock
P0746,S019,0,11,Out of Stock
P0746,S020,1,20,In Stock
P0746,S021,1,14,In Stock
P0746,S022,0,16,Out of Stock
P0746,S023,0,12,Out of Stock
P0746,S024,1,4,In Stock
P0746,S025,0,1,Out of Stock
P0746,S026,0,10,Out of Stock
P0747,S001,1,18,In Stock
P0747,S002,2,111,In Stock
P0747,S003,1,56,In Stock
P0747,S004,2,81,In Stock
P0747,S005,1,105,In Stock
P0747,S006,1,101,In Stock
P0747,S007,1,45,In Stock
P0747,S008,2,61,In Stock
P0747,S009,1,104,In Stock
P0747,S010,1,110,In Stock
P0747,S012,1,30,In Stock
P0747,S013,1,28,In Stock
P0747,S014,1,56,In Stock
P0747,S016,1,93,In Stock
P0747,S018,1,120,In Stock
P0747,S020,1,35,In Stock
P0747,S022,1,76,In Stock
P0747,S023,1,33,In Stock
P0748,S001,1,237,In Stock
P0748,S002,1,134,In Stock
P0748,S003,1,70,In Stock
P0748,S005,1,131,In Stock
P0748,S006,1,224,In Stock
P0748,S008,1,106,In Stock
P0748,S009,1,215,In Stock
P0748,S010,1,269,In Stock
P0748,S011,1,95,In Stock
P0748,S012,1,129,In Stock
P0748,S013,1,184,In Stock
P0748,S014,1,187,In Stock
P0748,S016,1,177,In Stock
P0748,S019,1,213,In Stock
P0748,S020,1,146,In Stock
P0748,S021,1,135,In Stock
P0748,S022,1,128,In Stock
P0748,S024,1,143,In Stock
P0749,S002,53,447,In Stock
P0749,S003,111,409,In Stock
P0749,S005,93,225,In Stock
P0749,S006,146,367,In Stock
P0749,S008,57,316,In Stock
P0749,S009,31,398,In Stock
P0749,S010,30,373,In Stock
P0749,S011,35,439,In Stock
P0749,S012,56,393,In Stock
P0749,S013,141,325,In Stock
P0749,S014,69,199,In Stock
P0749,S016,71,412,In Stock
P0749,S019,43,364,In Stock
P0749,S020,31,307,In Stock
P0749,S022,139,247,In Stock
P0749,S025,108,227,In Stock
P0750,S001,1,200,In Stock
P0750,S002,1,150,In Stock
P0750,S003,1,78,In Stock
P0750,S005,1,151,In Stock
P0750,S006,1,267,In Stock
P0750,S008,1,228,In Stock
P0750,S010,1,127,In Stock
P0750,S011,1,149,In Stock
P0750,S013,1,222,In Stock
P0750,S014,1,130,In Stock
P0750,S015,1,249,In Stock
P0750,S016,1,115,In Stock
P0750,S018,1,226,In Stock
P0750,S019,1,227,In Stock
P0750,S020,1,266,In Stock
P0750,S022,1,205,In Stock
P0750,S024,1,251,In Stock
P0750,S026,1,180,In Stock
P0751,S001,5,40,In Stock
P0751,S002,1,42,In Stock
P0751,S003,5,8,In Stock
P0751,S004,1,17,In Stock
P0751,S005,2,26,In Stock
P0751,S006,4,22,In Stock
P0751,S007,1,19,In Stock
P0751,S008,2,30,In Stock
P0751,S009,4,29,In Stock
P0751,S010,2,20,In Stock
P0751,S011,1,10,In Stock
P0751,S012,2,28,In Stock
P0751,S013,1,17,In Stock
P0751,S014,1,39,In Stock
P0751,S015,2,39,In Stock
P0751,S016,1,32,In Stock
P0751,S017,1,17,In Stock
P0751,S018,4,27,In Stock
P0751,S019,5,8,In Stock
P0751,S020,1,7,In Stock
P0751,S021,1,35,In Stock
P0751,S022,1,29,In Stock
P0751,S023,3,23,In Stock
P0751,S024,2,28,In Stock
P0751,S025,1,43,In Stock
P0751,S026,1,13,In Stock
P0752,S001,1,120,In Stock
P0752,S002,1,112,In Stock
P0752,S003,1,112,In Stock
P0752,S004,1,24,In Stock
P0752,S007,1,67,In Stock
P0752,S008,1,56,In Stock
P0752,S009,1,49,In Stock
P0752,S010,1,76,In Stock
P0752,S013,1,66,In Stock
P0752,S016,1,91,In Stock
P0752,S017,2,108,In Stock
P0752,S018,1,58,In Stock
P0752,S019,1,75,In Stock
P0752,S020,1,93,In Stock
P0752,S021,1,73,In Stock
P0752,S022,0,32,Out of Stock
P0752,S023,1,107,In Stock
P0753,S001,125,274,In Stock
P0753,S004,65,199,In Stock
P0753,S005,82,192,In Stock
P0753,S006,86,519,In Stock
P0753,S008,150,196,In Stock
P0753,S010,123,331,In Stock
P0753,S011,116,305,In Stock
P0753,S013,150,358,In Stock
P0753,S014,38,234,In Stock
P0753,S016,108,199,In Stock
P0753,S017,124,252,In Stock
P0753,S019,124,234,In Stock
P0753,S020,64,517,In Stock
P0753,S022,88,524,In Stock
P0753,S023,32,381,In Stock
P0753,S024,62,430,In Stock
P0753,S025,33,230,In Stock
P0754,S001,1,90,In Stock
P0754,S003,1,162,In Stock
P0754,S005,1,213,In Stock
P0754,S006,1,260,In Stock
P0754,S007,0,188,Out of Stock
P0754,S008,1,85,In Stock
P0754,S009,1,61,In Stock
P0754,S010,1,137,In Stock
P0754,S012,1,264,In Stock
P0754,S013,1,125,In Stock
P0754,S014,1,64,In Stock
P0754,S015,1,193,In Stock
P0754,S016,1,100,In Stock
P0754,S019,1,65,In Stock
P0754,S020,1,141,In Stock
P0754,S023,1,72,In Stock
P0754,S026,1,187,In Stock
P0755,S001,3,13,In Stock
P0755,S002,5,25,In Stock
P0755,S003,6,28,In Stock
P0755,S004,1,43,In Stock
P0755,S005,7,27,In Stock
P0755,S006,5,16,In Stock
P0755,S007,2,31,In Stock
P0755,S008,6,10,In Stock
P0755,S009,3,29,In Stock
P0755,S010,3,25,In Stock
P0755,S011,8,21,In Stock
P0755,S012,1,19,In Stock
P0755,S013,2,33,In Stock
P0755,S014,4,17,In Stock
P0755,S015,3,10,In Stock
P0755,S016,3,18,In Stock
P0755,S017,1,9,In Stock
P0755,S018,5,37,In Stock
P0755,S019,1,5,In Stock
P0755,S020,1,25,In Stock
P0755,S021,3,22,In Stock
P0755,S022,1,42,In Stock
P0755,S023,3,34,In Stock
P0755,S024,4,24,In Stock
P0755,S025,3,22,In Stock
P0755,S026,4,43,In Stock
P0756,S001,1,105,In Stock
P0756,S002,1,27,In Stock
P0756,S003,1,100,In Stock
P0756,S005,1,41,In Stock
P0756,S006,3,93,In Stock
P0756,S007,1,76,In Stock
P0756,S008,1,82,In Stock
P0756,S010,1,25,In Stock
P0756,S011,1,23,In Stock
P0756,S013,1,32,In Stock
P0756,S016,0,80,Out of Stock
P0756,S019,1,101,In Stock
P0756,S020,1,88,In Stock
P0756,S021,1,94,In Stock
P0756,S022,1,92,In Stock
P0756,S023,1,94,In Stock
P0756,S024,1,50,In Stock
P0756,S025,1,58,In Stock
P0756,S026,1,61,In Stock
P0757,S001,1,36,In Stock
P0757,S002,1,18,In Stock
P0757,S003,1,34,In Stock
P0757,S004,1,24,In Stock
P0757,S005,2,37,In Stock
P0757,S006,5,26,In Stock
P0757,S007,1,7,In Stock
P0757,S008,2,25,In Stock
P0757,S009,1,9,In Stock
P0757,S010,1,11,In Stock
P0757,S011,0,38,Out of Stock
P0757,S012,2,26,In Stock
P0757,S013,4,42,In Stock
P0757,S014,2,23,In Stock
P0757,S015,2,10,In Stock
P0757,S016,2,7,In Stock
P0757,S017,2,43,In Stock
P0757,S018,1,7,In Stock
P0757,S019,7,18,In Stock
P0757,S020,1,35,In Stock
P0757,S021,2,29,In Stock
P0757,S022,1,11,In Stock
P0757,S023,1,44,In Stock
P0757,S024,2,27,In Stock
P0757,S025,1,28,In Stock
P0757,S026,1,37,In Stock
P0758,S001,1,63,In Stock
P0758,S002,1,120,In Stock
P0758,S003,1,33,In Stock
P0758,S004,1,27,In Stock
P0758,S005,1,111,In Stock
P0758,S006,1,84,In Stock
P0758,S007,1,48,In Stock
P0758,S008,1,62,In Stock
P0758,S009,1,101,In Stock
P0758,S010,1,75,In Stock
P0758,S011,1,18,In Stock
P0758,S012,1,55,In Stock
P0758,S013,1,57,In Stock
P0758,S014,1,79,In Stock
P0758,S015,1,98,In Stock
P0758,S016,1,23,In Stock
P0758,S017,1,64,In Stock
P0758,S019,1,44,In Stock
P0758,S020,1,67,In Stock
P0758,S021,1,29,In Stock
P0758,S022,1,105,In Stock
P0758,S023,1,37,In Stock
P0758,S024,1,84,In Stock
P0759,S001,1,39,In Stock
P0759,S002,1,79,In Stock
P0759,S003,1,111,In Stock
P0759,S005,1,70,In Stock
P0759,S006,1,88,In Stock
P0759,S008,1,70,In Stock
P0759,S009,0,55,Out of Stock
P0759,S010,1,63,In Stock
P0759,S011,1,49,In Stock
P0759,S013,1,17,In Stock
P0759,S014,1,24,In Stock
P0759,S015,1,61,In Stock
P0759,S016,1,76,In Stock
P0759,S019,1,85,In Stock
P0759,S022,1,46,In Stock
P0759,S024,1,38,In Stock
P0759,S026,0,41,Out of Stock
P0760,S001,10,35,In Stock
P0760,S002,6,5,In Stock
P0760,S003,0,41,Out of Stock
P0760,S004,5,36,In Stock
P0760,S005,2,42,In Stock
P0760,S006,6,31,In Stock
P0760,S007,1,13,In Stock
P0760,S008,10,25,In Stock
P0760,S009,9,10,In Stock
P0760,S010,5,10,In Stock
P0760,S011,4,8,In Stock
P0760,S012,1,33,In Stock
P0760,S013,10,28,In Stock
P0760,S014,1,20,In Stock
P0760,S015,8,25,In Stock
P0760,S016,7,24,In Stock
P0760,S017,2,36,In Stock
P0760,S018,4,24,In Stock
P0760,S019,4,34,In Stock
P0760,S020,6,41,In Stock
P0760,S021,2,12,In Stock
P0760,S022,2,16,In Stock
P0760,S023,1,10,In Stock
P0760,S024,10,42,In Stock
P0760,S025,4,38,In Stock
P0760,S026,6,10,In Stock
P0761,S001,3,29,In Stock
P0761,S002,8,15,In Stock
P0761,S003,2,16,In Stock
P0761,S004,2,10,In Stock
P0761,S005,2,8,In Stock
P0761,S006,3,32,In Stock
P0761,S007,3,25,In Stock
P0761,S008,7,36,In Stock
P0761,S009,7,31,In Stock
P0761,S010,1,40,In Stock
P0761,S011,6,41,In Stock
P0761,S012,1,8,In Stock
P0761,S013,6,7,In Stock
P0761,S014,2,18,In Stock
P0761,S015,1,33,In Stock
P0761,S016,1,41,In Stock
P0761,S017,1,40,In Stock
P0761,S018,1,42,In Stock
P0761,S019,2,28,In Stock
P0761,S020,1,32,In Stock
P0761,S021,1,26,In Stock
P0761,S022,1,34,In Stock
P0761,S023,4,24,In Stock
P0761,S024,1,27,In Stock
P0761,S025,1,8,In Stock
P0761,S026,1,13,In Stock
P0762,S001,1,180,In Stock
P0762,S002,1,64,In Stock
P0762,S003,1,181,In Stock
P0762,S005,1,259,In Stock
P0762,S006,1,155,In Stock
P0762,S007,0,185,Out of Stock
P0762,S008,1,170,In Stock
P0762,S009,1,116,In Stock
P0762,S010,1,70,In Stock
P0762,S011,0,68,Out of Stock
P0762,S013,1,167,In Stock
P0762,S014,1,132,In Stock
P0762,S015,1,202,In Stock
P0762,S016,1,186,In Stock
P0762,S017,1,260,In Stock
P0762,S018,1,99,In Stock
P0762,S019,1,243,In Stock
P0762,S020,1,106,In Stock
P0762,S022,1,65,In Stock
P0762,S023,1,245,In Stock
P0762,S024,1,254,In Stock
P0763,S001,1,62,In Stock
P0763,S002,1,41,In Stock
P0763,S003,1,105,In Stock
P0763,S005,1,28,In Stock
P0763,S006,1,73,In Stock
P0763,S008,1,113,In Stock
P0763,S010,1,34,In Stock
P0763,S012,1,26,In Stock
P0763,S013,1,118,In Stock
P0763,S014,1,67,In Stock
P0763,S015,1,120,In Stock
P0763,S016,1,51,In Stock
P0763,S017,1,96,In Stock
P0763,S018,1,100,In Stock
P0763,S019,1,45,In Stock
P0764,S001,1,254,In Stock
P0764,S002,1,70,In Stock
P0764,S003,1,138,In Stock
P0764,S004,1,159,In Stock
P0764,S007,1,62,In Stock
P0764,S008,1,126,In Stock
P0764,S009,1,62,In Stock
P0764,S010,1,208,In Stock
P0764,S011,1,71,In Stock
P0764,S012,0,96,Out of Stock
P0764,S013,1,152,In Stock
P0764,S014,1,220,In Stock
P0764,S015,1,245,In Stock
P0764,S016,1,246,In Stock
P0764,S018,1,267,In Stock
P0764,S021,1,111,In Stock
P0764,S022,1,176,In Stock
P0764,S023,1,219,In Stock
P0764,S025,1,161,In Stock
P0765,S001,1,54,In Stock
P0765,S002,1,116,In Stock
P0765,S003,1,58,In Stock
P0765,S004,0,58,Out of Stock
P0765,S005,1,43,In Stock
P0765,S006,1,106,In Stock
P0765,S008,1,70,In Stock
P0765,S009,1,63,In Stock
P0765,S010,1,72,In Stock
P0765,S012,1,23,In Stock
P0765,S013,1,17,In Stock
P0765,S015,1,105,In Stock
P0765,S016,1,98,In Stock
P0765,S017,1,115,In Stock
P0765,S018,1,27,In Stock
P0765,S019,1,58,In Stock
P0765,S020,1,53,In Stock
P0765,S022,1,57,In Stock
P0765,S023,1,95,In Stock
P0765,S026,1,24,In Stock
P0766,S001,1,63,In Stock
P0766,S002,1,89,In Stock
P0766,S003,1,90,In Stock
P0766,S005,1,25,In Stock
P0766,S006,1,48,In Stock
P0766,S007,1,50,In Stock
P0766,S008,1,90,In Stock
P0766,S009,1,66,In Stock
P0766,S010,1,87,In Stock
P0766,S011,1,27,In Stock
P0766,S012,1,94,In Stock
P0766,S013,1,46,In Stock
P0766,S016,1,17,In Stock
P0766,S019,1,107,In Stock
P0766,S020,1,110,In Stock
P0766,S021,1,34,In Stock
P0766,S022,1,18,In Stock
P0766,S024,1,116,In Stock
P0766,S026,1,102,In Stock
P0767,S001,1,43,In Stock
P0767,S002,1,101,In Stock
P0767,S003,1,15,In Stock
P0767,S004,1,115,In Stock
P0767,S005,1,110,In Stock
P0767,S006,1,36,In Stock
P0767,S008,2,118,In Stock
P0767,S010,1,42,In Stock
P0767,S011,1,85,In Stock
P0767,S012,1,86,In Stock
P0767,S013,1,50,In Stock
P0767,S014,1,65,In Stock
P0767,S015,1,75,In Stock
P0767,S018,1,52,In Stock
P0767,S019,1,86,In Stock
P0767,S021,1,92,In Stock
P0767,S024,1,20,In Stock
P0767,S025,1,86,In Stock
P0768,S001,1,65,In Stock
P0768,S003,1,72,In Stock
P0768,S005,1,79,In Stock
P0768,S006,1,115,In Stock
P0768,S008,1,105,In Stock
P0768,S009,1,15,In Stock
P0768,S010,1,53,In Stock
P0768,S011,1,83,In Stock
P0768,S012,1,28,In Stock
P0768,S013,1,50,In Stock
P0768,S014,1,20,In Stock
P0768,S015,1,20,In Stock
P0768,S016,1,54,In Stock
P0768,S017,1,82,In Stock
P0768,S018,1,72,In Stock
P0768,S019,1,52,In Stock
P0768,S020,1,75,In Stock
P0768,S022,1,73,In Stock
P0768,S023,1,70,In Stock
P0768,S024,1,117,In Stock
P0768,S025,1,25,In Stock
P0768,S026,1,54,In Stock
P0769,S001,1,105,In Stock
P0769,S002,1,46,In Stock
P0769,S005,1,84,In Stock
P0769,S006,1,68,In Stock
P0769,S007,1,70,In Stock
P0769,S008,1,40,In Stock
P0769,S013,1,81,In Stock
P0769,S015,1,46,In Stock
P0769,S016,1,64,In Stock
P0769,S017,1,90,In Stock
P0769,S019,1,17,In Stock
P0769,S020,0,31,Out of Stock
P0769,S023,1,56,In Stock
P0769,S025,1,48,In Stock
P0769,S026,1,71,In Stock
P0770,S001,1,32,In Stock
P0770,S002,1,93,In Stock
P0770,S003,1,47,In Stock
P0770,S004,0,19,Out of Stock
P0770,S005,1,93,In Stock
P0770,S007,1,32,In Stock
P0770,S008,1,23,In Stock
P0770,S010,1,58,In Stock
P0770,S011,1,67,In Stock
P0770,S013,1,78,In Stock
P0770,S014,1,51,In Stock
P0770,S015,2,25,In Stock
P0770,S019,1,59,In Stock
P0770,S020,1,44,In Stock
P0770,S022,1,20,In Stock
P0770,S023,1,105,In Stock
P0770,S024,1,97,In Stock
P0771,S001,92,430,In Stock
P0771,S003,85,256,In Stock
P0771,S004,140,209,In Stock
P0771,S005,94,426,In Stock
P0771,S007,63,285,In Stock
P0771,S008,72,446,In Stock
P0771,S009,138,400,In Stock
P0771,S010,129,393,In Stock
P0771,S012,129,395,In Stock
P0771,S013,141,333,In Stock
P0771,S015,92,525,In Stock
P0771,S017,149,184,In Stock
P0771,S018,134,450,In Stock
P0771,S019,107,511,In Stock
P0771,S020,91,289,In Stock
P0771,S021,36,362,In Stock
P0771,S023,104,539,In Stock
P0772,S001,1,64,In Stock
P0772,S003,1,131,In Stock
P0772,S004,1,202,In Stock
P0772,S005,1,173,In Stock
P0772,S008,1,127,In Stock
P0772,S009,1,150,In Stock
P0772,S010,1,185,In Stock
P0772,S011,1,72,In Stock
P0772,S013,1,138,In Stock
P0772,S014,1,82,In Stock
P0772,S015,1,252,In Stock
P0772,S016,1,201,In Stock
P0772,S017,1,249,In Stock
P0772,S018,1,138,In Stock
P0772,S019,1,94,In Stock
P0772,S020,1,238,In Stock
P0772,S022,1,65,In Stock
P0772,S023,1,220,In Stock
P0772,S026,1,141,In Stock
P0773,S001,2,47,In Stock
P0773,S006,1,45,In Stock
P0773,S008,2,17,In Stock
P0773,S009,1,96,In Stock
P0773,S010,1,16,In Stock
P0773,S013,5,18,In Stock
P0773,S014,3,50,In Stock
P0773,S015,3,27,In Stock
P0773,S016,2,99,In Stock
P0773,S018,2,66,In Stock
P0773,S019,5,77,In Stock
P0773,S020,3,36,In Stock
P0773,S021,1,42,In Stock
P0773,S022,1,79,In Stock
P0773,S024,1,111,In Stock
P0774,S001,1,107,In Stock
P0774,S003,1,31,In Stock
P0774,S004,1,42,In Stock
P0774,S006,1,17,In Stock
P0774,S007,1,70,In Stock
P0774,S008,1,32,In Stock
P0774,S009,1,73,In Stock
P0774,S013,1,24,In Stock
P0774,S014,1,37,In Stock
P0774,S017,1,26,In Stock
P0774,S019,1,56,In Stock
P0774,S020,1,102,In Stock
P0774,S022,1,56,In Stock
P0774,S025,1,72,In Stock
P0774,S026,1,92,In Stock
P0775,S001,1,17,In Stock
P0775,S003,1,22,In Stock
P0775,S005,1,48,In Stock
P0775,S006,1,34,In Stock
P0775,S008,1,72,In Stock
P0775,S009,1,96,In Stock
P0775,S015,1,52,In Stock
P0775,S016,1,99,In Stock
P0775,S018,1,82,In Stock
P0775,S019,1,77,In Stock
P0775,S020,1,73,In Stock
P0775,S021,1,113,In Stock
P0775,S022,1,52,In Stock
P0775,S023,1,53,In Stock
P0775,S024,1,109,In Stock
P0775,S026,1,24,In Stock
P0776,S001,0,16,Out of Stock
P0776,S002,0,18,Out of Stock
P0776,S003,0,17,Out of Stock
P0776,S004,0,7,Out of Stock
P0776,S005,0,15,Out of Stock
P0776,S006,0,20,Out of Stock
P0776,S007,0,10,Out of Stock
P0776,S008,0,17,Out of Stock
P0776,S009,0,17,Out of Stock
P0776,S010,0,9,Out of Stock
P0776,S011,0,1,Out of Stock
P0776,S012,0,18,Out of Stock
P0776,S013,0,13,Out of Stock
P0776,S014,0,18,Out of Stock
P0776,S015,0,7,Out of Stock
P0776,S016,0,20,Out of Stock
P0776,S017,0,8,Out of Stock
P0776,S018,0,4,Out of Stock
P0776,S019,0,6,Out of Stock
P0776,S020,0,18,Out of Stock
P0776,S021,0,16,Out of Stock
P0776,S022,0,17,Out of Stock
P0776,S023,0,7,Out of Stock
P0776,S024,0,15,Out of Stock
P0776,S025,0,17,Out of Stock
P0776,S026,0,5,Out of Stock
P0777,S001,1,114,In Stock
P0777,S003,1,35,In Stock
P0777,S006,1,85,In Stock
P0777,S008,4,66,In Stock
P0777,S010,1,113,In Stock
P0777,S011,1,101,In Stock
P0777,S012,1,77,In Stock
P0777,S013,1,69,In Stock
P0777,S014,1,58,In Stock
P0777,S015,2,26,In Stock
P0777,S016,1,25,In Stock
P0777,S017,1,36,In Stock
P0777,S018,1,84,In Stock
P0777,S019,1,111,In Stock
P0777,S020,1,34,In Stock
P0777,S021,1,105,In Stock
P0777,S022,1,53,In Stock
P0777,S024,1,94,In Stock
P0777,S026,1,116,In Stock
P0778,S001,1,119,In Stock
P0778,S004,1,63,In Stock
P0778,S005,1,92,In Stock
P0778,S006,1,32,In Stock
P0778,S008,2,111,In Stock
P0778,S009,1,91,In Stock
P0778,S013,1,35,In Stock
P0778,S014,1,90,In Stock
P0778,S015,1,74,In Stock
P0778,S019,6,116,In Stock
P0778,S021,1,41,In Stock
P0778,S023,1,51,In Stock
P0778,S026,1,65,In Stock
P0779,S001,1,56,In Stock
P0779,S002,1,76,In Stock
P0779,S003,1,30,In Stock
P0779,S004,1,16,In Stock
P0779,S005,1,62,In Stock
P0779,S006,0,81,Out of Stock
P0779,S008,3,27,In Stock
P0779,S010,1,93,In Stock
P0779,S011,1,82,In Stock
P0779,S013,1,96,In Stock
P0779,S016,1,109,In Stock
P0779,S017,1,47,In Stock
P0779,S018,1,31,In Stock
P0779,S019,1,26,In Stock
P0779,S020,1,43,In Stock
P0779,S021,0,77,Out of Stock
P0779,S025,1,101,In Stock
P0780,S001,2,36,In Stock
P0780,S002,1,45,In Stock
P0780,S003,1,17,In Stock
P0780,S004,1,29,In Stock
P0780,S005,2,37,In Stock
P0780,S006,1,41,In Stock
P0780,S007,1,38,In Stock
P0780,S008,2,44,In Stock
P0780,S009,1,34,In Stock
P0780,S010,1,17,In Stock
P0780,S011,1,44,In Stock
P0780,S012,0,12,Out of Stock
P0780,S013,1,17,In Stock
P0780,S014,2,43,In Stock
P0780,S015,1,39,In Stock
P0780,S016,1,36,In Stock
P0780,S017,1,17,In Stock
P0780,S018,1,10,In Stock
P0780,S019,1,18,In Stock
P0780,S020,1,27,In Stock
P0780,S021,1,28,In Stock
P0780,S022,1,26,In Stock
P0780,S023,2,35,In Stock
P0780,S024,2,15,In Stock
P0780,S025,1,19,In Stock
P0780,S026,1,24,In Stock
P0781,S001,54,244,In Stock
P0781,S003,42,246,In Stock
P0781,S005,73,225,In Stock
P0781,S008,119,424,In Stock
P0781,S009,96,442,In Stock
P0781,S010,95,314,In Stock
P0781,S011,81,339,In Stock
P0781,S012,55,323,In Stock
P0781,S013,111,359,In Stock
P0781,S016,91,443,In Stock
P0781,S017,35,343,In Stock
P0781,S018,116,506,In Stock
P0781,S019,75,201,In Stock
P0781,S020,134,520,In Stock
P0781,S021,91,279,In Stock
P0781,S024,57,238,In Stock
P0781,S025,53,228,In Stock
P0781,S026,76,274,In Stock
P0782,S003,55,513,In Stock
P0782,S004,97,237,In Stock
P0782,S005,86,387,In Stock
P0782,S006,74,417,In Stock
P0782,S007,113,304,In Stock
P0782,S008,45,491,In Stock
P0782,S009,115,510,In Stock
P0782,S011,38,482,In Stock
P0782,S013,40,253,In Stock
P0782,S014,48,512,In Stock
P0782,S015,30,207,In Stock
P0782,S016,38,247,In Stock
P0782,S018,109,439,In Stock
P0782,S019,79,202,In Stock
P0782,S020,49,398,In Stock
P0782,S021,107,269,In Stock
P0782,S023,62,279,In Stock
P0782,S024,129,227,In Stock
P0782,S026,49,441,In Stock
P0783,S001,1,42,In Stock
P0783,S004,1,92,In Stock
P0783,S005,1,51,In Stock
P0783,S006,1,118,In Stock
P0783,S008,1,96,In Stock
P0783,S009,1,75,In Stock
P0783,S010,2,15,In Stock
P0783,S011,1,82,In Stock
P0783,S013,1,40,In Stock
P0783,S016,1,60,In Stock
P0783,S019,1,51,In Stock
P0783,S020,1,83,In Stock
P0783,S021,1,58,In Stock
P0783,S025,1,108,In Stock
P0783,S026,1,19,In Stock
P0784,S001,1,81,In Stock
P0784,S002,1,110,In Stock
P0784,S006,1,211,In Stock
P0784,S008,1,105,In Stock
P0784,S010,1,173,In Stock
P0784,S011,1,255,In Stock
P0784,S012,1,167,In Stock
P0784,S013,1,71,In Stock
P0784,S014,1,141,In Stock
P0784,S015,1,120,In Stock
P0784,S016,1,245,In Stock
P0784,S019,1,76,In Stock
P0784,S020,1,63,In Stock
P0784,S022,1,83,In Stock
P0784,S023,1,153,In Stock
P0785,S001,1,23,In Stock
P0785,S002,1,52,In Stock
P0785,S004,1,15,In Stock
P0785,S005,1,45,In Stock
P0785,S006,1,113,In Stock
P0785,S008,1,98,In Stock
P0785,S009,1,104,In Stock
P0785,S011,1,61,In Stock
P0785,S013,1,68,In Stock
P0785,S014,1,67,In Stock
P0785,S015,1,111,In Stock
P0785,S016,1,57,In Stock
P0785,S017,1,30,In Stock
P0785,S018,1,64,In Stock
P0785,S019,1,21,In Stock
P0785,S020,1,24,In Stock
P0785,S022,1,54,In Stock
P0785,S023,1,104,In Stock
P0785,S025,1,94,In Stock
P0785,S026,1,78,In Stock
P0786,S001,1,37,In Stock
P0786,S002,1,46,In Stock
P0786,S003,1,75,In Stock
P0786,S004,1,94,In Stock
P0786,S006,1,72,In Stock
P0786,S007,1,101,In Stock
P0786,S008,1,18,In Stock
P0786,S009,1,60,In Stock
P0786,S010,1,108,In Stock
P0786,S011,1,105,In Stock
P0786,S013,1,109,In Stock
P0786,S014,1,48,In Stock
P0786,S015,1,92,In Stock
P0786,S016,1,53,In Stock
P0786,S017,1,66,In Stock
P0786,S019,1,56,In Stock
P0786,S020,1,20,In Stock
P0786,S024,1,50,In Stock
P0786,S025,1,83,In Stock
P0787,S001,65,281,In Stock
P0787,S002,105,324,In Stock
P0787,S003,31,457,In Stock
P0787,S004,39,248,In Stock
P0787,S005,53,287,In Stock
P0787,S006,142,391,In Stock
P0787,S008,133,196,In Stock
P0787,S009,80,303,In Stock
P0787,S013,122,227,In Stock
P0787,S014,140,479,In Stock
P0787,S015,115,426,In Stock
P0787,S017,55,342,In Stock
P0787,S018,92,282,In Stock
P0787,S019,102,259,In Stock
P0787,S024,136,529,In Stock
P0787,S025,98,288,In Stock
P0787,S026,32,270,In Stock
P0788,S003,1,267,In Stock
P0788,S004,1,248,In Stock
P0788,S005,1,65,In Stock
P0788,S006,1,86,In Stock
P0788,S007,1,63,In Stock
P0788,S008,1,239,In Stock
P0788,S009,1,85,In Stock
P0788,S010,1,246,In Stock
P0788,S011,1,195,In Stock
P0788,S012,1,69,In Stock
P0788,S013,1,233,In Stock
P0788,S014,1,69,In Stock
P0788,S015,1,71,In Stock
P0788,S016,1,270,In Stock
P0788,S019,1,240,In Stock
P0788,S020,1,113,In Stock
P0788,S024,1,131,In Stock
P0788,S026,1,77,In Stock
P0789,S001,1,94,In Stock
P0789,S003,1,61,In Stock
P0789,S005,1,163,In Stock
P0789,S008,1,205,In Stock
P0789,S009,1,219,In Stock
P0789,S010,1,204,In Stock
P0789,S013,1,158,In Stock
P0789,S014,1,107,In Stock
P0789,S015,1,241,In Stock
P0789,S016,1,155,In Stock
P0789,S018,1,187,In Stock
P0789,S019,1,214,In Stock
P0789,S020,1,253,In Stock
P0789,S021,1,131,In Stock
P0789,S023,1,211,In Stock
P0789,S025,1,150,In Stock
P0790,S001,1,30,In Stock
P0790,S002,1,59,In Stock
P0790,S005,1,28,In Stock
P0790,S007,1,26,In Stock
P0790,S008,1,99,In Stock
P0790,S009,2,39,In Stock
P0790,S010,1,84,In Stock
P0790,S011,1,23,In Stock
P0790,S015,1,98,In Stock
P0790,S016,1,32,In Stock
P0790,S018,1,81,In Stock
P0790,S019,2,113,In Stock
P0790,S021,1,77,In Stock
P0790,S023,1,41,In Stock
P0790,S024,1,54,In Stock
P0790,S025,1,84,In Stock
P0791,S001,46,428,In Stock
P0791,S003,139,260,In Stock
P0791,S005,82,490,In Stock
P0791,S006,62,248,In Stock
P0791,S008,58,440,In Stock
P0791,S010,125,188,In Stock
P0791,S011,80,202,In Stock
P0791,S012,105,524,In Stock
P0791,S013,84,445,In Stock
P0791,S015,103,434,In Stock
P0791,S016,33,292,In Stock
P0791,S017,148,181,In Stock
P0791,S018,82,276,In Stock
P0791,S019,91,339,In Stock
P0791,S021,133,368,In Stock
P0791,S025,66,451,In Stock
P0792,S001,1,62,In Stock
P0792,S002,1,19,In Stock
P0792,S003,1,82,In Stock
P0792,S005,1,42,In Stock
P0792,S006,1,57,In Stock
P0792,S007,1,60,In Stock
P0792,S008,3,100,In Stock
P0792,S009,1,30,In Stock
P0792,S011,1,111,In Stock
P0792,S013,1,88,In Stock
P0792,S014,1,64,In Stock
P0792,S015,1,93,In Stock
P0792,S016,1,113,In Stock
P0792,S017,1,51,In Stock
P0792,S018,1,45,In Stock
P0792,S019,1,52,In Stock
P0792,S020,1,41,In Stock
P0792,S021,1,83,In Stock
P0792,S022,1,77,In Stock
P0792,S024,1,104,In Stock
P0792,S026,1,69,In Stock
P0793,S001,1,10,In Stock
P0793,S002,1,40,In Stock
P0793,S003,1,39,In Stock
P0793,S004,1,22,In Stock
P0793,S005,3,24,In Stock
P0793,S006,1,35,In Stock
P0793,S007,2,23,In Stock
P0793,S008,3,6,In Stock
P0793,S009,1,19,In Stock
P0793,S010,2,9,In Stock
P0793,S011,1,18,In Stock
P0793,S012,4,24,In Stock
P0793,S013,8,17,In Stock
P0793,S014,1,34,In Stock
P0793,S015,4,8,In Stock
P0793,S016,1,6,In Stock
P0793,S017,1,17,In Stock
P0793,S018,1,23,In Stock
P0793,S019,7,33,In Stock
P0793,S020,1,5,In Stock
P0793,S021,1,18,In Stock
P0793,S022,2,45,In Stock
P0793,S023,1,15,In Stock
P0793,S024,2,39,In Stock
P0793,S025,2,16,In Stock
P0793,S026,1,18,In Stock
P0794,S001,2,35,In Stock
P0794,S002,1,28,In Stock
P0794,S003,1,43,In Stock
P0794,S004,3,17,In Stock
P0794,S005,1,19,In Stock
P0794,S006,1,5,In Stock
P0794,S007,3,25,In Stock
P0794,S008,1,12,In Stock
P0794,S009,1,37,In Stock
P0794,S010,1,28,In Stock
P0794,S011,2,12,In Stock
P0794,S012,1,17,In Stock
P0794,S013,0,45,Out of Stock
P0794,S014,4,41,In Stock
P0794,S015,1,39,In Stock
P0794,S016,4,8,In Stock
P0794,S017,0,30,Out of Stock
P0794,S018,1,32,In Stock
P0794,S019,1,26,In Stock
P0794,S020,1,17,In Stock
P0794,S021,1,29,In Stock
P0794,S022,1,30,In Stock
P0794,S023,1,43,In Stock
P0794,S024,1,17,In Stock
P0794,S025,2,16,In Stock
P0794,S026,0,9,Out of Stock
P0795,S001,1,221,In Stock
P0795,S002,1,135,In Stock
P0795,S003,1,191,In Stock
P0795,S004,1,218,In Stock
P0795,S005,1,103,In Stock
P0795,S006,1,64,In Stock
P0795,S007,1,203,In Stock
P0795,S008,1,140,In Stock
P0795,S009,1,128,In Stock
P0795,S010,1,64,In Stock
P0795,S011,1,88,In Stock
P0795,S013,1,207,In Stock
P0795,S014,1,173,In Stock
P0795,S016,1,132,In Stock
P0795,S017,1,158,In Stock
P0795,S018,1,163,In Stock
P0795,S019,1,248,In Stock
P0795,S020,1,197,In Stock
P0795,S024,1,141,In Stock
P0796,S001,1,107,In Stock
P0796,S002,1,97,In Stock
P0796,S003,1,69,In Stock
P0796,S004,1,109,In Stock
P0796,S005,1,112,In Stock
P0796,S006,1,60,In Stock
P0796,S007,1,31,In Stock
P0796,S008,1,110,In Stock
P0796,S010,1,46,In Stock
P0796,S011,2,60,In Stock
P0796,S013,1,31,In Stock
P0796,S014,1,79,In Stock
P0796,S015,1,98,In Stock
P0796,S016,1,83,In Stock
P0796,S017,1,107,In Stock
P0796,S019,3,36,In Stock
P0796,S020,1,119,In Stock
P0796,S022,1,97,In Stock
P0796,S023,1,34,In Stock
P0796,S024,1,52,In Stock
P0796,S026,1,20,In Stock
P0797,S001,1,47,In Stock
P0797,S002,1,88,In Stock
P0797,S003,1,37,In Stock
P0797,S005,1,25,In Stock
P0797,S006,1,43,In Stock
P0797,S008,1,120,In Stock
P0797,S009,1,71,In Stock
P0797,S011,1,67,In Stock
P0797,S013,1,94,In Stock
P0797,S014,1,41,In Stock
P0797,S015,1,120,In Stock
P0797,S016,1,111,In Stock
P0797,S017,1,67,In Stock
P0797,S018,1,51,In Stock
P0797,S019,1,70,In Stock
P0797,S020,1,69,In Stock
P0797,S022,1,100,In Stock
P0797,S023,1,118,In Stock
P0797,S024,1,60,In Stock
P0798,S001,1,250,In Stock
P0798,S002,1,111,In Stock
P0798,S004,1,77,In Stock
P0798,S005,1,188,In Stock
P0798,S006,1,203,In Stock
P0798,S008,1,179,In Stock
P0798,S009,1,226,In Stock
P0798,S011,1,170,In Stock
P0798,S012,1,106,In Stock
P0798,S013,1,214,In Stock
P0798,S014,1,246,In Stock
P0798,S015,1,80,In Stock
P0798,S018,1,175,In Stock
P0798,S019,1,79,In Stock
P0798,S020,1,261,In Stock
P0798,S021,1,171,In Stock
P0798,S026,1,251,In Stock
P0799,S001,1,90,In Stock
P0799,S002,2,58,In Stock
P0799,S003,3,28,In Stock
P0799,S004,1,65,In Stock
P0799,S006,1,94,In Stock
P0799,S008,1,107,In Stock
P0799,S009,1,87,In Stock
P0799,S010,1,57,In Stock
P0799,S013,4,71,In Stock
P0799,S014,1,66,In Stock
P0799,S015,2,116,In Stock
P0799,S016,1,55,In Stock
P0799,S017,1,97,In Stock
P0799,S019,2,24,In Stock
P0799,S020,1,43,In Stock
P0799,S021,1,106,In Stock
P0799,S022,3,120,In Stock
P0799,S023,1,34,In Stock
P0799,S024,1,67,In Stock
P0799,S025,1,55,In Stock
P0800,S001,3,78,In Stock
P0800,S002,3,25,In Stock
P0800,S003,1,97,In Stock
P0800,S004,2,88,In Stock
P0800,S005,2,101,In Stock
P0800,S008,1,39,In Stock
P0800,S009,1,70,In Stock
P0800,S010,5,93,In Stock
P0800,S011,1,27,In Stock
P0800,S012,2,25,In Stock
P0800,S013,2,64,In Stock
P0800,S015,1,64,In Stock
P0800,S017,1,41,In Stock
P0800,S018,1,35,In Stock
P0800,S019,1,61,In Stock
P0800,S020,1,62,In Stock
P0800,S024,2,28,In Stock
P0800,S025,1,54,In Stock
P0800,S026,1,17,In Stock
P0801,S001,1,120,In Stock
P0801,S002,1,98,In Stock
P0801,S003,1,68,In Stock
P0801,S006,1,34,In Stock
P0801,S007,0,20,Out of Stock
P0801,S008,1,41,In Stock
P0801,S010,1,87,In Stock
P0801,S011,1,66,In Stock
P0801,S013,1,20,In Stock
P0801,S014,1,33,In Stock
P0801,S016,1,17,In Stock
P0801,S019,1,23,In Stock
P0801,S022,1,33,In Stock
P0801,S024,1,108,In Stock
P0801,S026,1,108,In Stock
P0802,S001,1,23,In Stock
P0802,S002,1,107,In Stock
P0802,S004,1,45,In Stock
P0802,S005,2,105,In Stock
P0802,S006,1,98,In Stock
P0802,S008,1,17,In Stock
P0802,S010,1,76,In Stock
P0802,S011,1,77,In Stock
P0802,S012,1,48,In Stock
P0802,S013,1,75,In Stock
P0802,S015,2,69,In Stock
P0802,S016,2,116,In Stock
P0802,S019,1,42,In Stock
P0802,S020,1,98,In Stock
P0802,S021,1,55,In Stock
P0802,S022,1,29,In Stock
P0802,S025,1,78,In Stock
P0802,S026,1,39,In Stock
P0803,S001,110,432,In Stock
P0803,S002,36,188,In Stock
P0803,S005,97,283,In Stock
P0803,S008,127,451,In Stock
P0803,S009,121,254,In Stock
P0803,S011,72,288,In Stock
P0803,S013,83,518,In Stock
P0803,S016,135,212,In Stock
P0803,S017,63,483,In Stock
P0803,S018,35,339,In Stock
P0803,S019,110,217,In Stock
P0803,S020,72,333,In Stock
P0803,S021,85,411,In Stock
P0803,S023,45,256,In Stock
P0803,S025,37,437,In Stock
P0804,S001,1,80,In Stock
P0804,S002,2,54,In Stock
P0804,S003,1,99,In Stock
P0804,S006,1,107,In Stock
P0804,S007,3,86,In Stock
P0804,S008,1,84,In Stock
P0804,S009,0,82,Out of Stock
P0804,S010,1,15,In Stock
P0804,S011,3,34,In Stock
P0804,S013,1,42,In Stock
P0804,S014,1,65,In Stock
P0804,S015,1,28,In Stock
P0804,S016,2,21,In Stock
P0804,S018,1,64,In Stock
P0804,S019,2,81,In Stock
P0804,S020,2,46,In Stock
P0804,S023,0,80,Out of Stock
P0805,S001,1,110,In Stock
P0805,S002,1,44,In Stock
P0805,S003,1,110,In Stock
P0805,S006,1,43,In Stock
P0805,S008,2,90,In Stock
P0805,S009,2,68,In Stock
P0805,S010,1,93,In Stock
P0805,S011,1,42,In Stock
P0805,S012,1,56,In Stock
P0805,S014,1,16,In Stock
P0805,S017,1,58,In Stock
P0805,S018,1,49,In Stock
P0805,S019,1,23,In Stock
P0805,S020,1,119,In Stock
P0805,S024,1,118,In Stock
P0805,S025,1,117,In Stock
P0806,S001,1,90,In Stock
P0806,S002,2,119,In Stock
P0806,S003,1,77,In Stock
P0806,S004,1,102,In Stock
P0806,S005,1,111,In Stock
P0806,S008,1,59,In Stock
P0806,S009,1,72,In Stock
P0806,S010,1,109,In Stock
P0806,S012,1,61,In Stock
P0806,S014,1,41,In Stock
P0806,S015,1,101,In Stock
P0806,S016,1,60,In Stock
P0806,S019,1,103,In Stock
P0806,S022,1,101,In Stock
P0807,S001,0,72,Out of Stock
P0807,S002,1,115,In Stock
P0807,S003,1,85,In Stock
P0807,S005,1,94,In Stock
P0807,S006,1,52,In Stock
P0807,S008,1,112,In Stock
P0807,S009,1,79,In Stock
P0807,S010,1,111,In Stock
P0807,S011,1,115,In Stock
P0807,S012,1,57,In Stock
P0807,S013,1,49,In Stock
P0807,S014,1,58,In Stock
P0807,S015,0,107,Out of Stock
P0807,S016,1,104,In Stock
P0807,S019,2,49,In Stock
P0807,S022,1,21,In Stock
P0807,S024,1,86,In Stock
P0807,S026,1,37,In Stock
P0808,S001,1,157,In Stock
P0808,S003,1,140,In Stock
P0808,S004,1,68,In Stock
P0808,S005,1,94,In Stock
P0808,S006,1,146,In Stock
P0808,S008,1,138,In Stock
P0808,S011,1,120,In Stock
P0808,S012,1,145,In Stock
P0808,S014,1,185,In Stock
P0808,S015,1,247,In Stock
P0808,S016,1,129,In Stock
P0808,S017,1,225,In Stock
P0808,S019,1,262,In Stock
P0808,S020,1,92,In Stock
P0808,S021,1,79,In Stock
P0808,S022,0,242,Out of Stock
P0808,S023,1,176,In Stock
P0808,S025,1,75,In Stock
P0808,S026,1,90,In Stock
P0809,S001,6,31,In Stock
P0809,S002,10,9,In Stock
P0809,S003,6,14,In Stock
P0809,S004,1,42,In Stock
P0809,S005,4,18,In Stock
P0809,S006,11,24,In Stock
P0809,S007,4,8,In Stock
P0809,S008,12,16,In Stock
P0809,S009,4,40,In Stock
P0809,S010,2,5,In Stock
P0809,S011,5,24,In Stock
P0809,S012,3,11,In Stock
P0809,S013,29,45,In Stock
P0809,S014,6,22,In Stock
P0809,S015,8,16,In Stock
P0809,S016,5,45,In Stock
P0809,S017,6,39,In Stock
P0809,S018,2,24,In Stock
P0809,S019,10,10,In Stock
P0809,S020,8,31,In Stock
P0809,S021,5,6,In Stock
P0809,S022,3,19,In Stock
P0809,S023,1,36,In Stock
P0809,S024,7,32,In Stock
P0809,S025,3,39,In Stock
P0809,S026,1,12,In Stock
P0810,S001,1,246,In Stock
P0810,S006,1,110,In Stock
P0810,S008,1,75,In Stock
P0810,S009,1,163,In Stock
P0810,S010,1,186,In Stock
P0810,S013,1,233,In Stock
P0810,S014,1,162,In Stock
P0810,S015,1,97,In Stock
P0810,S016,1,107,In Stock
P0810,S017,1,78,In Stock
P0810,S019,1,117,In Stock
P0810,S020,1,238,In Stock
P0810,S022,1,241,In Stock
P0810,S023,1,86,In Stock
P0810,S024,1,246,In Stock
P0810,S025,1,249,In Stock
P0810,S026,1,268,In Stock
P0811,S001,1,31,In Stock
P0811,S002,1,21,In Stock
P0811,S003,1,39,In Stock
P0811,S004,1,85,In Stock
P0811,S005,1,62,In Stock
P0811,S007,1,108,In Stock
P0811,S008,1,101,In Stock
P0811,S009,1,59,In Stock
P0811,S010,1,18,In Stock
P0811,S011,1,45,In Stock
P0811,S013,1,42,In Stock
P0811,S014,1,61,In Stock
P0811,S015,1,55,In Stock
P0811,S016,1,100,In Stock
P0811,S017,1,47,In Stock
P0811,S018,1,106,In Stock
P0811,S019,1,89,In Stock
P0811,S023,1,19,In Stock
P0811,S024,1,89,In Stock
P0811,S026,1,53,In Stock
P0812,S001,0,17,Out of Stock
P0812,S002,0,8,Out of Stock
P0812,S003,0,9,Out of Stock
P0812,S004,0,4,Out of Stock
P0812,S005,0,19,Out of Stock
P0812,S006,0,16,Out of Stock
P0812,S007,0,5,Out of Stock
P0812,S008,0,12,Out of Stock
P0812,S009,0,6,Out of Stock
P0812,S010,0,17,Out of Stock
P0812,S011,0,4,Out of Stock
P0812,S012,0,10,Out of Stock
P0812,S013,0,19,Out of Stock
P0812,S014,0,14,Out of Stock
P0812,S015,1,5,In Stock
P0812,S016,0,10,Out of Stock
P0812,S017,0,8,Out of Stock
P0812,S018,0,18,Out of Stock
P0812,S019,0,13,Out of Stock
P0812,S020,0,16,Out of Stock
P0812,S021,0,16,Out of Stock
P0812,S022,0,18,Out of Stock
P0812,S023,0,4,Out of Stock
P0812,S024,0,14,Out of Stock
P0812,S025,0,10,Out of Stock
P0812,S026,0,16,Out of Stock
P0813,S001,1,22,In Stock
P0813,S003,1,118,In Stock
P0813,S005,1,78,In Stock
P0813,S006,1,101,In Stock
P0813,S007,1,81,In Stock
P0813,S008,2,34,In Stock
P0813,S010,1,81,In Stock
P0813,S011,1,56,In Stock
P0813,S012,1,28,In Stock
P0813,S013,1,40,In Stock
P0813,S014,1,35,In Stock
P0813,S015,1,117,In Stock
P0813,S016,1,107,In Stock
P0813,S017,1,51,In Stock
P0813,S018,1,91,In Stock
P0813,S019,3,15,In Stock
P0813,S020,1,93,In Stock
P0813,S022,1,87,In Stock
P0813,S023,1,88,In Stock
P0813,S024,1,53,In Stock
P0813,S026,1,74,In Stock
P0814,S001,7,23,In Stock
P0814,S002,1,57,In Stock
P0814,S003,2,82,In Stock
P0814,S004,2,66,In Stock
P0814,S005,1,79,In Stock
P0814,S006,2,95,In Stock
P0814,S007,1,19,In Stock
P0814,S008,3,61,In Stock
P0814,S009,2,54,In Stock
P0814,S011,0,23,Out of Stock
P0814,S012,1,18,In Stock
P0814,S013,2,45,In Stock
P0814,S014,1,67,In Stock
P0814,S016,3,64,In Stock
P0814,S017,1,61,In Stock
P0814,S019,2,81,In Stock
P0814,S020,1,38,In Stock
P0814,S021,2,50,In Stock
P0814,S022,1,55,In Stock
P0814,S023,1,58,In Stock
P0814,S024,3,117,In Stock
P0814,S025,1,113,In Stock
P0814,S026,1,100,In Stock
P0815,S001,1,81,In Stock
P0815,S002,1,75,In Stock
P0815,S003,1,93,In Stock
P0815,S004,1,16,In Stock
P0815,S005,1,35,In Stock
P0815,S007,1,70,In Stock
P0815,S008,1,57,In Stock
P0815,S009,1,74,In Stock
P0815,S010,1,110,In Stock
P0815,S011,1,74,In Stock
P0815,S012,0,64,Out of Stock
P0815,S013,1,111,In Stock
P0815,S015,1,97,In Stock
P0815,S016,1,54,In Stock
P0815,S017,1,44,In Stock
P0815,S018,1,62,In Stock
P0815,S019,3,26,In Stock
P0815,S020,1,76,In Stock
P0815,S023,1,76,In Stock
P0815,S024,2,36,In Stock
P0815,S025,1,29,In Stock
P0816,S001,1,170,In Stock
P0816,S002,1,244,In Stock
P0816,S003,1,93,In Stock
P0816,S005,1,191,In Stock
P0816,S006,1,231,In Stock
P0816,S007,1,182,In Stock
P0816,S008,1,213,In Stock
P0816,S010,1,237,In Stock
P0816,S011,1,237,In Stock
P0816,S013,1,234,In Stock
P0816,S014,1,164,In Stock
P0816,S015,1,179,In Stock
P0816,S016,1,210,In Stock
P0816,S017,1,260,In Stock
P0816,S018,1,149,In Stock
P0816,S019,1,223,In Stock
P0816,S020,1,160,In Stock
P0816,S022,1,136,In Stock
P0816,S023,1,207,In Stock
P0817,S001,2,120,In Stock
P0817,S002,1,108,In Stock
P0817,S003,1,116,In Stock
P0817,S006,1,92,In Stock
P0817,S007,1,62,In Stock
P0817,S008,2,16,In Stock
P0817,S009,1,84,In Stock
P0817,S010,1,33,In Stock
P0817,S011,2,71,In Stock
P0817,S013,1,24,In Stock
P0817,S014,1,29,In Stock
P0817,S015,1,101,In Stock
P0817,S016,1,83,In Stock
P0817,S017,1,97,In Stock
P0817,S018,1,50,In Stock
P0817,S019,1,21,In Stock
P0817,S021,1,71,In Stock
P0817,S024,1,59,In Stock
P0817,S026,1,110,In Stock
P0818,S001,2,62,In Stock
P0818,S002,4,98,In Stock
P0818,S003,3,55,In Stock
P0818,S005,5,65,In Stock
P0818,S007,1,35,In Stock
P0818,S008,3,37,In Stock
P0818,S011,3,45,In Stock
P0818,S013,4,17,In Stock
P0818,S014,5,57,In Stock
P0818,S015,1,101,In Stock
P0818,S016,1,51,In Stock
P0818,S017,1,78,In Stock
P0818,S019,3,28,In Stock
P0818,S020,3,85,In Stock
P0818,S022,5,59,In Stock
P0818,S023,1,22,In Stock
P0818,S024,1,43,In Stock
P0818,S025,1,114,In Stock
P0818,S026,1,66,In Stock
P0819,S001,2,59,In Stock
P0819,S002,1,96,In Stock
P0819,S003,1,61,In Stock
P0819,S004,1,83,In Stock
P0819,S005,1,41,In Stock
P0819,S006,1,92,In Stock
P0819,S008,5,54,In Stock
P0819,S010,3,53,In Stock
P0819,S011,1,116,In Stock
P0819,S012,1,96,In Stock
P0819,S013,3,63,In Stock
P0819,S014,1,108,In Stock
P0819,S016,1,52,In Stock
P0819,S017,1,85,In Stock
P0819,S019,1,74,In Stock
P0819,S020,1,95,In Stock
P0819,S021,1,56,In Stock
P0819,S022,1,62,In Stock
P0819,S025,1,28,In Stock
P0820,S001,1,34,In Stock
P0820,S003,1,88,In Stock
P0820,S005,1,83,In Stock
P0820,S006,1,114,In Stock
P0820,S008,1,26,In Stock
P0820,S010,1,72,In Stock
P0820,S011,1,80,In Stock
P0820,S013,1,49,In Stock
P0820,S014,1,24,In Stock
P0820,S016,1,78,In Stock
P0820,S017,1,60,In Stock
P0820,S019,1,66,In Stock
P0820,S020,1,101,In Stock
P0820,S022,1,74,In Stock
P0820,S024,1,43,In Stock
P0820,S025,1,37,In Stock
P0821,S001,1,56,In Stock
P0821,S003,1,39,In Stock
P0821,S005,1,39,In Stock
P0821,S006,0,104,Out of Stock
P0821,S007,1,105,In Stock
P0821,S008,1,56,In Stock
P0821,S009,1,110,In Stock
P0821,S011,1,52,In Stock
P0821,S013,1,47,In Stock
P0821,S014,1,104,In Stock
P0821,S015,1,52,In Stock
P0821,S017,1,74,In Stock
P0821,S018,1,67,In Stock
P0821,S019,1,40,In Stock
P0821,S020,2,44,In Stock
P0821,S021,1,108,In Stock
P0821,S022,1,79,In Stock
P0821,S023,1,20,In Stock
P0821,S024,1,35,In Stock
P0821,S025,1,75,In Stock
P0822,S001,1,200,In Stock
P0822,S002,1,226,In Stock
P0822,S003,1,74,In Stock
P0822,S005,1,68,In Stock
P0822,S008,1,90,In Stock
P0822,S009,1,88,In Stock
P0822,S010,1,60,In Stock
P0822,S011,1,100,In Stock
P0822,S012,1,245,In Stock
P0822,S013,1,179,In Stock
P0822,S014,1,195,In Stock
P0822,S015,1,88,In Stock
P0822,S019,1,161,In Stock
P0822,S021,1,201,In Stock
P0822,S024,1,233,In Stock
P0822,S026,1,244,In Stock
P0823,S001,1,114,In Stock
P0823,S002,1,26,In Stock
P0823,S003,1,48,In Stock
P0823,S004,1,119,In Stock
P0823,S005,4,19,In Stock
P0823,S006,1,96,In Stock
P0823,S008,1,35,In Stock
P0823,S011,1,46,In Stock
P0823,S013,1,31,In Stock
P0823,S014,1,111,In Stock
P0823,S016,1,82,In Stock
P0823,S018,1,75,In Stock
P0823,S019,1,116,In Stock
P0823,S020,1,23,In Stock
P0823,S021,1,45,In Stock
P0823,S023,1,45,In Stock
P0823,S024,1,69,In Stock
P0824,S001,1,19,In Stock
P0824,S002,1,23,In Stock
P0824,S003,1,30,In Stock
P0824,S004,1,97,In Stock
P0824,S006,1,52,In Stock
P0824,S007,1,102,In Stock
P0824,S008,2,46,In Stock
P0824,S009,1,35,In Stock
P0824,S013,1,106,In Stock
P0824,S014,1,104,In Stock
P0824,S015,1,88,In Stock
P0824,S017,1,32,In Stock
P0824,S019,1,59,In Stock
P0824,S022,1,58,In Stock
P0824,S023,1,46,In Stock
P0824,S024,1,76,In Stock
P0824,S025,1,74,In Stock
P0825,S001,1,106,In Stock
P0825,S002,1,105,In Stock
P0825,S003,1,117,In Stock
P0825,S008,1,104,In Stock
P0825,S012,1,50,In Stock
P0825,S013,3,101,In Stock
P0825,S017,1,18,In Stock
P0825,S018,1,87,In Stock
P0825,S019,1,74,In Stock
P0825,S021,1,89,In Stock
P0825,S024,1,119,In Stock
P0825,S026,1,65,In Stock
P0826,S001,1,107,In Stock
P0826,S003,1,99,In Stock
P0826,S004,1,108,In Stock
P0826,S006,1,46,In Stock
P0826,S007,1,56,In Stock
P0826,S008,1,42,In Stock
P0826,S009,1,22,In Stock
P0826,S010,1,19,In Stock
P0826,S011,0,56,Out of Stock
P0826,S013,1,25,In Stock
P0826,S014,1,74,In Stock
P0826,S015,1,62,In Stock
P0826,S019,1,113,In Stock
P0826,S020,1,84,In Stock
P0826,S022,1,82,In Stock
P0826,S024,1,52,In Stock
P0826,S025,1,76,In Stock
P0827,S001,1,25,In Stock
P0827,S002,1,61,In Stock
P0827,S004,3,93,In Stock
P0827,S006,0,107,Out of Stock
P0827,S007,1,76,In Stock
P0827,S008,6,106,In Stock
P0827,S010,4,67,In Stock
P0827,S011,2,113,In Stock
P0827,S014,14,60,In Stock
P0827,S015,12,87,In Stock
P0827,S016,7,120,In Stock
P0827,S019,15,110,In Stock
P0827,S020,6,36,In Stock
P0827,S023,1,70,In Stock
P0827,S024,1,51,In Stock
P0827,S025,2,28,In Stock
P0827,S026,1,32,In Stock
P0828,S001,1,46,In Stock
P0828,S002,1,56,In Stock
P0828,S003,1,103,In Stock
P0828,S005,3,88,In Stock
P0828,S006,1,49,In Stock
P0828,S007,1,102,In Stock
P0828,S008,1,98,In Stock
P0828,S009,1,55,In Stock
P0828,S013,1,54,In Stock
P0828,S014,1,24,In Stock
P0828,S015,1,87,In Stock
P0828,S016,1,46,In Stock
P0828,S018,2,28,In Stock
P0828,S019,1,81,In Stock
P0828,S020,1,92,In Stock
P0828,S021,1,66,In Stock
P0828,S024,1,60,In Stock
P0828,S025,1,56,In Stock
P0829,S001,1,92,In Stock
P0829,S002,1,49,In Stock
P0829,S003,1,115,In Stock
P0829,S004,1,39,In Stock
P0829,S005,1,96,In Stock
P0829,S007,1,50,In Stock
P0829,S008,1,88,In Stock
P0829,S009,1,98,In Stock
P0829,S010,1,52,In Stock
P0829,S011,1,62,In Stock
P0829,S012,1,36,In Stock
P0829,S013,1,110,In Stock
P0829,S014,1,119,In Stock
P0829,S015,1,47,In Stock
P0829,S016,1,80,In Stock
P0829,S019,1,18,In Stock
P0829,S020,1,96,In Stock
P0829,S021,0,36,Out of Stock
P0829,S024,1,107,In Stock
P0829,S025,1,60,In Stock
P0830,S001,65,486,In Stock
P0830,S002,94,277,In Stock
P0830,S003,77,349,In Stock
P0830,S004,85,371,In Stock
P0830,S005,132,359,In Stock
P0830,S006,118,476,In Stock
P0830,S008,138,442,In Stock
P0830,S009,113,390,In Stock
P0830,S010,80,331,In Stock
P0830,S011,103,334,In Stock
P0830,S012,74,327,In Stock
P0830,S013,86,353,In Stock
P0830,S014,116,285,In Stock
P0830,S016,88,309,In Stock
P0830,S018,143,370,In Stock
P0830,S019,116,271,In Stock
P0830,S020,41,268,In Stock
P0830,S021,103,365,In Stock
P0830,S023,36,304,In Stock
P0830,S024,90,270,In Stock
P0830,S025,65,192,In Stock
P0830,S026,55,403,In Stock
P0831,S001,3,68,In Stock
P0831,S002,1,104,In Stock
P0831,S004,1,116,In Stock
P0831,S006,0,41,Out of Stock
P0831,S008,1,39,In Stock
P0831,S009,1,48,In Stock
P0831,S010,1,103,In Stock
P0831,S011,1,54,In Stock
P0831,S013,1,54,In Stock
P0831,S014,1,79,In Stock
P0831,S016,1,106,In Stock
P0831,S017,1,98,In Stock
P0831,S018,1,80,In Stock
P0831,S019,1,79,In Stock
P0831,S020,1,18,In Stock
P0831,S022,1,70,In Stock
P0831,S023,1,36,In Stock
P0831,S024,1,108,In Stock
P0831,S026,1,118,In Stock
P0832,S001,1,30,In Stock
P0832,S002,1,26,In Stock
P0832,S003,7,68,In Stock
P0832,S005,1,38,In Stock
P0832,S006,2,35,In Stock
P0832,S007,1,40,In Stock
P0832,S008,6,59,In Stock
P0832,S009,3,88,In Stock
P0832,S010,4,106,In Stock
P0832,S011,1,101,In Stock
P0832,S012,1,23,In Stock
P0832,S013,3,119,In Stock
P0832,S014,2,77,In Stock
P0832,S015,1,46,In Stock
P0832,S016,1,112,In Stock
P0832,S017,1,47,In Stock
P0832,S018,2,91,In Stock
P0832,S019,1,70,In Stock
P0832,S020,3,111,In Stock
P0832,S022,2,67,In Stock
P0832,S024,3,30,In Stock
P0832,S026,1,19,In Stock
P0833,S001,1,56,In Stock
P0833,S002,1,95,In Stock
P0833,S005,1,80,In Stock
P0833,S006,1,115,In Stock
P0833,S008,1,48,In Stock
P0833,S010,1,58,In Stock
P0833,S012,1,62,In Stock
P0833,S013,1,38,In Stock
P0833,S015,1,34,In Stock
P0833,S018,1,108,In Stock
P0833,S019,1,76,In Stock
P0833,S020,1,92,In Stock
P0833,S021,1,93,In Stock
P0833,S022,1,79,In Stock
P0833,S024,1,117,In Stock
P0834,S001,1,39,In Stock
P0834,S002,1,71,In Stock
P0834,S003,1,88,In Stock
P0834,S004,1,97,In Stock
P0834,S005,1,48,In Stock
P0834,S007,1,43,In Stock
P0834,S008,1,106,In Stock
P0834,S009,0,69,Out of Stock
P0834,S012,1,115,In Stock
P0834,S013,1,36,In Stock
P0834,S014,1,109,In Stock
P0834,S018,1,73,In Stock
P0834,S020,2,105,In Stock
P0834,S021,1,30,In Stock
P0834,S024,1,34,In Stock
P0835,S001,0,54,Out of Stock
P0835,S004,2,49,In Stock
P0835,S005,1,22,In Stock
P0835,S006,1,44,In Stock
P0835,S007,1,24,In Stock
P0835,S008,1,16,In Stock
P0835,S010,1,59,In Stock
P0835,S012,1,50,In Stock
P0835,S013,1,75,In Stock
P0835,S014,1,68,In Stock
P0835,S016,1,88,In Stock
P0835,S019,4,80,In Stock
P0835,S020,1,33,In Stock
P0835,S022,1,81,In Stock
P0835,S024,1,119,In Stock
P0835,S025,1,93,In Stock
P0835,S026,1,41,In Stock
P0836,S001,0,8,Out of Stock
P0836,S002,0,9,Out of Stock
P0836,S003,0,9,Out of Stock
P0836,S004,0,6,Out of Stock
P0836,S005,1,17,In Stock
P0836,S006,0,17,Out of Stock
P0836,S007,0,4,Out of Stock
P0836,S008,0,8,Out of Stock
P0836,S009,0,7,Out of Stock
P0836,S010,0,5,Out of Stock
P0836,S011,1,1,In Stock
P0836,S012,1,5,In Stock
P0836,S013,1,15,In Stock
P0836,S014,0,16,Out of Stock
P0836,S015,0,20,Out of Stock
P0836,S016,1,8,In Stock
P0836,S017,0,6,Out of Stock
P0836,S018,1,13,In Stock
P0836,S019,0,15,Out of Stock
P0836,S020,0,7,Out of Stock
P0836,S021,0,6,Out of Stock
P0836,S022,1,8,In Stock
P0836,S023,1,2,In Stock
P0836,S024,0,16,Out of Stock
P0836,S025,0,10,Out of Stock
P0836,S026,1,19,In Stock
P0837,S001,1,91,In Stock
P0837,S003,1,169,In Stock
P0837,S004,1,236,In Stock
P0837,S005,1,255,In Stock
P0837,S008,1,105,In Stock
P0837,S009,1,216,In Stock
P0837,S011,1,115,In Stock
P0837,S013,1,222,In Stock
P0837,S014,1,121,In Stock
P0837,S017,1,160,In Stock
P0837,S018,1,218,In Stock
P0837,S019,1,248,In Stock
P0837,S020,1,188,In Stock
P0837,S021,1,64,In Stock
P0837,S022,1,98,In Stock
P0837,S023,1,190,In Stock
P0837,S024,1,221,In Stock
P0837,S025,1,98,In Stock
P0837,S026,1,119,In Stock
P0838,S001,1,37,In Stock
P0838,S002,1,102,In Stock
P0838,S003,1,15,In Stock
P0838,S005,1,57,In Stock
P0838,S006,1,114,In Stock
P0838,S008,1,108,In Stock
P0838,S010,1,43,In Stock
P0838,S011,1,82,In Stock
P0838,S012,1,87,In Stock
P0838,S013,2,22,In Stock
P0838,S014,2,52,In Stock
P0838,S015,1,41,In Stock
P0838,S016,1,31,In Stock
P0838,S017,1,48,In Stock
P0838,S019,1,51,In Stock
P0838,S020,1,56,In Stock
P0838,S021,1,47,In Stock
P0838,S022,0,72,Out of Stock
P0838,S024,1,70,In Stock
P0838,S025,1,87,In Stock
P0838,S026,1,109,In Stock
P0839,S001,1,37,In Stock
P0839,S002,1,91,In Stock
P0839,S003,2,60,In Stock
P0839,S005,1,46,In Stock
P0839,S006,1,32,In Stock
P0839,S007,2,69,In Stock
P0839,S008,1,33,In Stock
P0839,S009,1,20,In Stock
P0839,S010,1,107,In Stock
P0839,S011,1,23,In Stock
P0839,S013,1,28,In Stock
P0839,S014,0,26,Out of Stock
P0839,S019,1,50,In Stock
P0839,S024,1,46,In Stock
P0839,S025,2,78,In Stock
P0839,S026,1,111,In Stock
P0840,S001,5,120,In Stock
P0840,S004,0,96,Out of Stock
P0840,S007,1,55,In Stock
P0840,S008,7,59,In Stock
P0840,S010,3,40,In Stock
P0840,S011,4,48,In Stock
P0840,S012,1,115,In Stock
P0840,S015,6,69,In Stock
P0840,S016,3,52,In Stock
P0840,S018,2,74,In Stock
P0840,S021,2,89,In Stock
P0841,S001,0,35,Out of Stock
P0841,S002,1,38,In Stock
P0841,S004,1,74,In Stock
P0841,S005,1,73,In Stock
P0841,S006,1,75,In Stock
P0841,S007,1,115,In Stock
P0841,S008,1,47,In Stock
P0841,S010,1,53,In Stock
P0841,S012,1,67,In Stock
P0841,S013,1,24,In Stock
P0841,S015,1,77,In Stock
P0841,S016,1,68,In Stock
P0841,S018,1,70,In Stock
P0841,S019,1,35,In Stock
P0841,S020,1,109,In Stock
P0841,S022,1,115,In Stock
P0841,S024,1,49,In Stock
P0842,S002,1,18,In Stock
P0842,S003,2,82,In Stock
P0842,S004,2,95,In Stock
P0842,S005,1,31,In Stock
P0842,S006,1,42,In Stock
P0842,S008,0,55,Out of Stock
P0842,S009,1,88,In Stock
P0842,S010,2,75,In Stock
P0842,S011,1,47,In Stock
P0842,S012,1,81,In Stock
P0842,S013,1,112,In Stock
P0842,S014,1,109,In Stock
P0842,S015,1,80,In Stock
P0842,S019,1,62,In Stock
P0842,S020,1,66,In Stock
P0842,S021,1,80,In Stock
P0842,S024,1,86,In Stock
P0843,S001,5,81,In Stock
P0843,S002,2,53,In Stock
P0843,S003,1,58,In Stock
P0843,S005,1,35,In Stock
P0843,S006,2,115,In Stock
P0843,S007,1,69,In Stock
P0843,S008,3,94,In Stock
P0843,S010,2,16,In Stock
P0843,S011,1,114,In Stock
P0843,S012,1,91,In Stock
P0843,S013,1,49,In Stock
P0843,S014,1,78,In Stock
P0843,S015,4,95,In Stock
P0843,S016,1,54,In Stock
P0843,S018,1,20,In Stock
P0843,S019,1,21,In Stock
P0843,S020,3,71,In Stock
P0843,S021,2,40,In Stock
P0843,S023,1,57,In Stock
P0843,S024,1,47,In Stock
P0844,S001,2,19,In Stock
P0844,S002,1,78,In Stock
P0844,S003,1,113,In Stock
P0844,S004,1,99,In Stock
P0844,S005,0,105,Out of Stock
P0844,S006,1,59,In Stock
P0844,S008,1,41,In Stock
P0844,S009,3,24,In Stock
P0844,S010,1,101,In Stock
P0844,S011,1,31,In Stock
P0844,S012,1,87,In Stock
P0844,S013,1,102,In Stock
P0844,S014,2,55,In Stock
P0844,S015,1,16,In Stock
P0844,S016,1,75,In Stock
P0844,S017,1,37,In Stock
P0844,S018,1,40,In Stock
P0844,S019,1,108,In Stock
P0844,S020,1,70,In Stock
P0844,S022,1,110,In Stock
P0844,S024,1,105,In Stock
P0844,S026,1,104,In Stock
P0845,S001,1,108,In Stock
P0845,S003,1,73,In Stock
P0845,S006,1,111,In Stock
P0845,S007,1,43,In Stock
P0845,S008,1,37,In Stock
P0845,S009,1,39,In Stock
P0845,S010,0,34,Out of Stock
P0845,S011,1,88,In Stock
P0845,S013,1,63,In Stock
P0845,S014,1,48,In Stock
P0845,S015,1,117,In Stock
P0845,S017,1,68,In Stock
P0845,S019,1,88,In Stock
P0845,S020,1,105,In Stock
P0845,S021,1,116,In Stock
P0845,S023,1,105,In Stock
P0845,S026,1,95,In Stock
P0846,S001,1,179,In Stock
P0846,S002,1,93,In Stock
P0846,S003,1,77,In Stock
P0846,S005,1,153,In Stock
P0846,S006,1,163,In Stock
P0846,S007,1,149,In Stock
P0846,S008,1,244,In Stock
P0846,S009,1,265,In Stock
P0846,S010,1,180,In Stock
P0846,S011,1,201,In Stock
P0846,S012,1,218,In Stock
P0846,S013,1,194,In Stock
P0846,S015,1,112,In Stock
P0846,S016,1,182,In Stock
P0846,S017,1,184,In Stock
P0846,S019,1,168,In Stock
P0846,S021,1,187,In Stock
P0846,S022,0,134,Out of Stock
P0846,S023,1,71,In Stock
P0846,S024,1,116,In Stock
P0847,S001,1,247,In Stock
P0847,S002,1,158,In Stock
P0847,S003,1,112,In Stock
P0847,S007,0,87,Out of Stock
P0847,S008,1,131,In Stock
P0847,S010,1,263,In Stock
P0847,S011,1,231,In Stock
P0847,S013,1,244,In Stock
P0847,S014,1,263,In Stock
P0847,S016,1,190,In Stock
P0847,S017,1,189,In Stock
P0847,S019,1,240,In Stock
P0847,S021,1,66,In Stock
P0847,S023,1,152,In Stock
P0847,S024,1,142,In Stock
P0847,S025,1,167,In Stock
P0847,S026,1,68,In Stock
P0848,S001,1,68,In Stock
P0848,S002,3,20,In Stock
P0848,S003,1,26,In Stock
P0848,S005,1,22,In Stock
P0848,S008,2,80,In Stock
P0848,S009,1,116,In Stock
P0848,S010,1,64,In Stock
P0848,S011,1,49,In Stock
P0848,S012,1,112,In Stock
P0848,S013,5,72,In Stock
P0848,S014,2,39,In Stock
P0848,S015,1,75,In Stock
P0848,S016,1,107,In Stock
P0848,S019,1,106,In Stock
P0848,S020,0,23,Out of Stock
P0848,S022,1,117,In Stock
P0848,S023,1,40,In Stock
P0848,S024,1,114,In Stock
P0849,S001,1,18,In Stock
P0849,S002,0,9,Out of Stock
P0849,S003,0,18,Out of Stock
P0849,S004,0,17,Out of Stock
P0849,S005,0,6,Out of Stock
P0849,S006,0,13,Out of Stock
P0849,S007,0,14,Out of Stock
P0849,S008,0,2,Out of Stock
P0849,S009,0,11,Out of Stock
P0849,S010,0,12,Out of Stock
P0849,S011,0,13,Out of Stock
P0849,S012,1,18,In Stock
P0849,S013,0,13,Out of Stock
P0849,S014,0,15,Out of Stock
P0849,S015,0,10,Out of Stock
P0849,S016,0,19,Out of Stock
P0849,S017,0,6,Out of Stock
P0849,S018,0,10,Out of Stock
P0849,S019,1,11,In Stock
P0849,S020,1,8,In Stock
P0849,S021,0,1,Out of Stock
P0849,S022,0,12,Out of Stock
P0849,S023,0,6,Out of Stock
P0849,S024,0,15,Out of Stock
P0849,S025,0,19,Out of Stock
P0849,S026,0,13,Out of Stock
P0850,S001,1,87,In Stock
P0850,S002,1,184,In Stock
P0850,S003,1,240,In Stock
P0850,S006,1,133,In Stock
P0850,S008,1,182,In Stock
P0850,S010,1,96,In Stock
P0850,S013,1,134,In Stock
P0850,S014,1,153,In Stock
P0850,S016,1,213,In Stock
P0850,S019,1,240,In Stock
P0850,S020,1,71,In Stock
P0850,S022,1,140,In Stock
P0850,S023,1,94,In Stock
P0850,S025,1,135,In Stock
P0850,S026,1,138,In Stock
P0851,S001,36,182,In Stock
P0851,S002,61,446,In Stock
P0851,S005,75,280,In Stock
P0851,S006,49,469,In Stock
P0851,S008,32,326,In Stock
P0851,S009,107,241,In Stock
P0851,S011,102,386,In Stock
P0851,S012,74,370,In Stock
P0851,S013,38,249,In Stock
P0851,S014,110,269,In Stock
P0851,S015,134,238,In Stock
P0851,S016,142,328,In Stock
P0851,S017,124,431,In Stock
P0851,S019,134,378,In Stock
P0851,S021,117,385,In Stock
P0851,S022,113,439,In Stock
P0851,S023,76,512,In Stock
P0851,S024,78,422,In Stock
P0851,S026,96,295,In Stock
P0852,S001,111,217,In Stock
P0852,S003,120,508,In Stock
P0852,S004,69,222,In Stock
P0852,S008,50,186,In Stock
P0852,S010,141,495,In Stock
P0852,S013,133,224,In Stock
P0852,S014,134,493,In Stock
P0852,S015,87,241,In Stock
P0852,S018,138,187,In Stock
P0852,S019,40,456,In Stock
P0852,S020,109,418,In Stock
P0852,S021,66,312,In Stock
P0852,S026,124,318,In Stock
P0853,S001,1,35,In Stock
P0853,S002,1,42,In Stock
P0853,S003,1,16,In Stock
P0853,S004,1,22,In Stock
P0853,S005,1,10,In Stock
P0853,S006,1,16,In Stock
P0853,S007,1,31,In Stock
P0853,S008,2,7,In Stock
P0853,S009,1,13,In Stock
P0853,S010,1,40,In Stock
P0853,S011,1,45,In Stock
P0853,S012,1,40,In Stock
P0853,S013,1,8,In Stock
P0853,S014,1,25,In Stock
P0853,S015,1,9,In Stock
P0853,S016,1,31,In Stock
P0853,S017,0,23,Out of Stock
P0853,S018,1,37,In Stock
P0853,S019,2,44,In Stock
P0853,S020,1,15,In Stock
P0853,S021,1,5,In Stock
P0853,S022,1,30,In Stock
P0853,S023,1,32,In Stock
P0853,S024,1,36,In Stock
P0853,S025,1,35,In Stock
P0853,S026,1,19,In Stock
P0854,S001,1,98,In Stock
P0854,S003,1,28,In Stock
P0854,S004,1,42,In Stock
P0854,S005,1,103,In Stock
P0854,S006,1,21,In Stock
P0854,S009,1,30,In Stock
P0854,S010,1,44,In Stock
P0854,S011,2,54,In Stock
P0854,S012,1,114,In Stock
P0854,S013,2,34,In Stock
P0854,S014,2,112,In Stock
P0854,S015,1,60,In Stock
P0854,S016,1,112,In Stock
P0854,S018,1,19,In Stock
P0854,S019,1,117,In Stock
P0854,S020,1,119,In Stock
P0854,S021,1,38,In Stock
P0854,S025,1,40,In Stock
P0854,S026,1,77,In Stock
P0855,S001,2,36,In Stock
P0855,S002,1,8,In Stock
P0855,S003,6,29,In Stock
P0855,S004,2,19,In Stock
P0855,S005,1,7,In Stock
P0855,S006,4,20,In Stock
P0855,S007,1,30,In Stock
P0855,S008,5,26,In Stock
P0855,S009,1,29,In Stock
P0855,S010,2,15,In Stock
P0855,S011,2,41,In Stock
P0855,S012,4,41,In Stock
P0855,S013,5,7,In Stock
P0855,S014,2,12,In Stock
P0855,S015,4,42,In Stock
P0855,S016,1,10,In Stock
P0855,S017,3,32,In Stock
P0855,S018,1,20,In Stock
P0855,S019,4,18,In Stock
P0855,S020,4,41,In Stock
P0855,S021,5,28,In Stock
P0855,S022,2,15,In Stock
P0855,S023,2,43,In Stock
P0855,S024,3,16,In Stock
P0855,S025,3,38,In Stock
P0855,S026,2,41,In Stock
P0856,S001,1,176,In Stock
P0856,S003,2,86,In Stock
P0856,S005,1,266,In Stock
P0856,S006,1,210,In Stock
P0856,S008,1,159,In Stock
P0856,S009,1,107,In Stock
P0856,S010,1,252,In Stock
P0856,S013,1,129,In Stock
P0856,S014,1,75,In Stock
P0856,S015,1,159,In Stock
P0856,S016,1,248,In Stock
P0856,S017,1,242,In Stock
P0856,S019,1,217,In Stock
P0856,S020,1,146,In Stock
P0856,S022,1,121,In Stock
P0856,S024,1,100,In Stock
P0856,S025,1,72,In Stock
P0856,S026,1,168,In Stock
P0857,S001,1,61,In Stock
P0857,S002,1,73,In Stock
P0857,S004,1,49,In Stock
P0857,S006,1,105,In Stock
P0857,S007,1,87,In Stock
P0857,S008,1,40,In Stock
P0857,S009,1,102,In Stock
P0857,S010,1,110,In Stock
P0857,S011,1,76,In Stock
P0857,S012,1,40,In Stock
P0857,S013,1,84,In Stock
P0857,S015,1,98,In Stock
P0857,S016,1,54,In Stock
P0857,S017,1,61,In Stock
P0857,S019,1,68,In Stock
P0857,S020,1,63,In Stock
P0857,S022,1,71,In Stock
P0857,S024,1,90,In Stock
P0857,S025,1,17,In Stock
P0858,S001,1,53,In Stock
P0858,S002,1,78,In Stock
P0858,S003,1,82,In Stock
P0858,S005,1,38,In Stock
P0858,S006,1,95,In Stock
P0858,S007,1,87,In Stock
P0858,S008,1,47,In Stock
P0858,S010,1,116,In Stock
P0858,S011,1,106,In Stock
P0858,S013,1,104,In Stock
P0858,S014,0,77,Out of Stock
P0858,S016,2,107,In Stock
P0858,S018,1,83,In Stock
P0858,S019,1,79,In Stock
P0858,S023,1,104,In Stock
P0858,S025,1,97,In Stock
P0859,S001,3,44,In Stock
P0859,S002,1,28,In Stock
P0859,S005,2,98,In Stock
P0859,S006,1,39,In Stock
P0859,S008,0,50,Out of Stock
P0859,S012,1,64,In Stock
P0859,S013,1,40,In Stock
P0859,S014,1,96,In Stock
P0859,S016,2,87,In Stock
P0859,S020,4,46,In Stock
P0859,S022,1,46,In Stock
P0859,S023,3,32,In Stock
P0859,S024,1,28,In Stock
P0859,S025,1,36,In Stock
P0859,S026,1,52,In Stock
P0860,S001,4,108,In Stock
P0860,S002,1,27,In Stock
P0860,S003,1,19,In Stock
P0860,S004,2,102,In Stock
P0860,S005,1,46,In Stock
P0860,S006,1,53,In Stock
P0860,S007,0,110,Out of Stock
P0860,S008,2,52,In Stock
P0860,S009,4,16,In Stock
P0860,S013,4,20,In Stock
P0860,S014,1,15,In Stock
P0860,S015,3,32,In Stock
P0860,S016,2,43,In Stock
P0860,S018,2,34,In Stock
P0860,S019,7,74,In Stock
P0860,S022,3,26,In Stock
P0860,S023,2,32,In Stock
P0860,S024,1,118,In Stock
P0860,S025,1,92,In Stock
P0860,S026,1,69,In Stock
P0861,S001,1,118,In Stock
P0861,S002,1,69,In Stock
P0861,S005,2,70,In Stock
P0861,S006,1,39,In Stock
P0861,S007,1,88,In Stock
P0861,S008,1,40,In Stock
P0861,S009,1,105,In Stock
P0861,S011,1,107,In Stock
P0861,S013,1,109,In Stock
P0861,S014,1,37,In Stock
P0861,S016,1,46,In Stock
P0861,S019,1,19,In Stock
P0861,S020,1,98,In Stock
P0861,S021,1,54,In Stock
P0861,S022,1,119,In Stock
P0861,S024,1,69,In Stock
P0861,S025,1,38,In Stock
P0861,S026,1,91,In Stock
P0862,S001,2,30,In Stock
P0862,S002,1,17,In Stock
P0862,S003,1,41,In Stock
P0862,S004,1,16,In Stock
P0862,S005,1,12,In Stock
P0862,S006,1,44,In Stock
P0862,S007,1,37,In Stock
P0862,S008,1,30,In Stock
P0862,S009,1,15,In Stock
P0862,S010,1,24,In Stock
P0862,S011,1,31,In Stock
P0862,S012,1,37,In Stock
P0862,S013,2,21,In Stock
P0862,S014,1,9,In Stock
P0862,S015,2,42,In Stock
P0862,S016,1,12,In Stock
P0862,S017,1,10,In Stock
P0862,S018,1,6,In Stock
P0862,S019,1,9,In Stock
P0862,S020,1,38,In Stock
P0862,S021,1,16,In Stock
P0862,S022,1,18,In Stock
P0862,S023,1,42,In Stock
P0862,S024,2,40,In Stock
P0862,S025,1,22,In Stock
P0862,S026,1,39,In Stock
P0863,S001,1,110,In Stock
P0863,S002,1,101,In Stock
P0863,S004,1,94,In Stock
P0863,S006,1,102,In Stock
P0863,S008,1,110,In Stock
P0863,S009,1,107,In Stock
P0863,S010,1,25,In Stock
P0863,S011,1,18,In Stock
P0863,S013,1,63,In Stock
P0863,S014,1,23,In Stock
P0863,S016,1,26,In Stock
P0863,S017,1,103,In Stock
P0863,S019,2,70,In Stock
P0863,S021,1,73,In Stock
P0863,S024,1,115,In Stock
P0863,S026,1,20,In Stock
P0864,S001,4,96,In Stock
P0864,S002,1,23,In Stock
P0864,S003,1,72,In Stock
P0864,S004,1,31,In Stock
P0864,S005,1,76,In Stock
P0864,S006,1,27,In Stock
P0864,S007,2,82,In Stock
P0864,S008,1,83,In Stock
P0864,S009,1,47,In Stock
P0864,S010,1,49,In Stock
P0864,S011,2,45,In Stock
P0864,S013,1,23,In Stock
P0864,S014,1,25,In Stock
P0864,S015,1,57,In Stock
P0864,S016,1,79,In Stock
P0864,S017,1,93,In Stock
P0864,S018,1,19,In Stock
P0864,S019,1,54,In Stock
P0864,S020,1,102,In Stock
P0864,S024,1,48,In Stock
P0864,S025,1,18,In Stock
P0864,S026,1,16,In Stock
P0865,S001,1,36,In Stock
P0865,S003,1,110,In Stock
P0865,S004,1,52,In Stock
P0865,S005,2,115,In Stock
P0865,S006,1,59,In Stock
P0865,S008,1,74,In Stock
P0865,S009,1,64,In Stock
P0865,S010,1,100,In Stock
P0865,S011,1,16,In Stock
P0865,S012,1,63,In Stock
P0865,S013,1,97,In Stock
P0865,S014,1,69,In Stock
P0865,S015,1,21,In Stock
P0865,S016,1,63,In Stock
P0865,S017,1,52,In Stock
P0865,S018,1,53,In Stock
P0865,S019,1,47,In Stock
P0865,S020,1,22,In Stock
P0865,S021,1,57,In Stock
P0865,S024,1,33,In Stock
P0865,S025,1,51,In Stock
P0866,S001,1,54,In Stock
P0866,S003,1,73,In Stock
P0866,S004,1,16,In Stock
P0866,S005,1,83,In Stock
P0866,S008,1,51,In Stock
P0866,S010,1,80,In Stock
P0866,S012,1,92,In Stock
P0866,S014,1,57,In Stock
P0866,S016,1,38,In Stock
P0866,S017,1,21,In Stock
P0866,S018,1,81,In Stock
P0866,S019,1,38,In Stock
P0866,S020,1,59,In Stock
P0866,S023,1,82,In Stock
P0867,S001,64,504,In Stock
P0867,S002,101,223,In Stock
P0867,S003,137,200,In Stock
P0867,S004,40,426,In Stock
P0867,S005,150,181,In Stock
P0867,S008,124,196,In Stock
P0867,S011,62,473,In Stock
P0867,S013,45,259,In Stock
P0867,S014,73,481,In Stock
P0867,S019,146,201,In Stock
P0867,S020,134,371,In Stock
P0867,S022,57,338,In Stock
P0867,S023,38,360,In Stock
P0867,S025,132,297,In Stock
P0867,S026,146,376,In Stock
P0868,S003,1,28,In Stock
P0868,S004,1,21,In Stock
P0868,S005,1,29,In Stock
P0868,S006,1,54,In Stock
P0868,S007,1,105,In Stock
P0868,S008,1,85,In Stock
P0868,S010,1,118,In Stock
P0868,S012,1,101,In Stock
P0868,S013,1,79,In Stock
P0868,S014,1,105,In Stock
P0868,S015,1,113,In Stock
P0868,S016,1,44,In Stock
P0868,S018,1,109,In Stock
P0868,S019,1,112,In Stock
P0868,S020,1,48,In Stock
P0868,S021,1,95,In Stock
P0868,S024,1,108,In Stock
P0868,S026,1,48,In Stock
P0869,S001,0,3,Out of Stock
P0869,S002,1,12,In Stock
P0869,S003,0,1,Out of Stock
P0869,S004,0,17,Out of Stock
P0869,S005,0,16,Out of Stock
P0869,S006,0,2,Out of Stock
P0869,S007,0,12,Out of Stock
P0869,S008,0,9,Out of Stock
P0869,S009,0,9,Out of Stock
P0869,S010,0,4,Out of Stock
P0869,S011,0,10,Out of Stock
P0869,S012,0,19,Out of Stock
P0869,S013,0,14,Out of Stock
P0869,S014,0,5,Out of Stock
P0869,S015,0,7,Out of Stock
P0869,S016,1,16,In Stock
P0869,S017,0,9,Out of Stock
P0869,S018,0,9,Out of Stock
P0869,S019,0,2,Out of Stock
P0869,S020,0,20,Out of Stock
P0869,S021,0,17,Out of Stock
P0869,S022,0,7,Out of Stock
P0869,S023,0,11,Out of Stock
P0869,S024,0,6,Out of Stock
P0869,S025,0,15,Out of Stock
P0869,S026,0,8,Out of Stock
P0870,S001,1,74,In Stock
P0870,S002,1,60,In Stock
P0870,S003,1,71,In Stock
P0870,S005,1,28,In Stock
P0870,S007,2,48,In Stock
P0870,S008,1,67,In Stock
P0870,S009,1,20,In Stock
P0870,S010,1,116,In Stock
P0870,S011,1,27,In Stock
P0870,S012,1,112,In Stock
P0870,S013,1,69,In Stock
P0870,S015,1,52,In Stock
P0870,S016,1,18,In Stock
P0870,S018,1,98,In Stock
P0870,S019,2,55,In Stock
P0870,S022,1,120,In Stock
P0870,S024,1,120,In Stock
P0870,S025,1,31,In Stock
P0870,S026,1,45,In Stock
P0871,S001,1,58,In Stock
P0871,S004,1,64,In Stock
P0871,S006,1,118,In Stock
P0871,S007,1,60,In Stock
P0871,S008,1,61,In Stock
P0871,S009,1,43,In Stock
P0871,S011,1,119,In Stock
P0871,S012,1,48,In Stock
P0871,S013,1,68,In Stock
P0871,S015,1,61,In Stock
P0871,S016,0,87,Out of Stock
P0871,S019,1,90,In Stock
P0871,S020,1,103,In Stock
P0871,S021,1,71,In Stock
P0871,S023,1,21,In Stock
P0871,S024,1,38,In Stock
P0872,S001,1,19,In Stock
P0872,S002,1,105,In Stock
P0872,S003,1,79,In Stock
P0872,S005,1,61,In Stock
P0872,S006,1,26,In Stock
P0872,S007,1,81,In Stock
P0872,S008,1,90,In Stock
P0872,S009,1,20,In Stock
P0872,S010,1,48,In Stock
P0872,S012,1,40,In Stock
P0872,S014,1,38,In Stock
P0872,S015,1,15,In Stock
P0872,S016,1,66,In Stock
P0872,S017,1,45,In Stock
P0872,S018,1,95,In Stock
P0872,S019,1,62,In Stock
P0872,S021,1,38,In Stock
P0872,S022,1,50,In Stock
P0872,S023,1,71,In Stock
P0872,S024,1,21,In Stock
P0872,S025,1,25,In Stock
P0872,S026,1,59,In Stock
P0873,S001,6,43,In Stock
P0873,S002,3,29,In Stock
P0873,S003,2,14,In Stock
P0873,S004,1,20,In Stock
P0873,S005,6,32,In Stock
P0873,S006,4,7,In Stock
P0873,S007,0,23,Out of Stock
P0873,S008,4,12,In Stock
P0873,S009,0,26,Out of Stock
P0873,S010,1,23,In Stock
P0873,S011,2,29,In Stock
P0873,S012,2,13,In Stock
P0873,S013,8,11,In Stock
P0873,S014,6,24,In Stock
P0873,S015,1,11,In Stock
P0873,S016,3,24,In Stock
P0873,S017,1,15,In Stock
P0873,S018,3,35,In Stock
P0873,S019,10,9,In Stock
P0873,S020,2,8,In Stock
P0873,S021,1,14,In Stock
P0873,S022,1,43,In Stock
P0873,S023,2,11,In Stock
P0873,S024,2,30,In Stock
P0873,S025,1,29,In Stock
P0873,S026,1,10,In Stock
P0874,S002,2,118,In Stock
P0874,S003,1,26,In Stock
P0874,S006,1,72,In Stock
P0874,S008,1,115,In Stock
P0874,S010,1,40,In Stock
P0874,S012,1,87,In Stock
P0874,S013,0,74,Out of Stock
P0874,S014,1,23,In Stock
P0874,S015,1,41,In Stock
P0874,S016,2,50,In Stock
P0874,S019,5,97,In Stock
P0874,S020,1,105,In Stock
P0874,S021,1,71,In Stock
P0874,S022,0,80,Out of Stock
P0874,S023,1,102,In Stock
P0874,S024,1,27,In Stock
P0874,S025,1,17,In Stock
P0875,S001,0,88,Out of Stock
P0875,S002,2,56,In Stock
P0875,S003,2,97,In Stock
P0875,S006,1,62,In Stock
P0875,S007,1,56,In Stock
P0875,S008,1,104,In Stock
P0875,S009,0,59,Out of Stock
P0875,S010,0,107,Out of Stock
P0875,S011,1,96,In Stock
P0875,S012,2,16,In Stock
P0875,S013,4,81,In Stock
P0875,S014,5,110,In Stock
P0875,S015,3,112,In Stock
P0875,S016,3,109,In Stock
P0875,S018,2,69,In Stock
P0875,S019,1,49,In Stock
P0875,S022,1,101,In Stock
P0875,S024,2,87,In Stock
P0876,S001,1,21,In Stock
P0876,S002,1,33,In Stock
P0876,S006,1,95,In Stock
P0876,S008,1,33,In Stock
P0876,S009,0,37,Out of Stock
P0876,S010,1,54,In Stock
P0876,S011,1,30,In Stock
P0876,S013,1,21,In Stock
P0876,S014,1,112,In Stock
P0876,S015,1,76,In Stock
P0876,S016,1,74,In Stock
P0876,S018,2,48,In Stock
P0876,S019,1,39,In Stock
P0876,S022,1,57,In Stock
P0876,S023,1,51,In Stock
P0876,S024,1,23,In Stock
P0877,S001,2,45,In Stock
P0877,S002,1,37,In Stock
P0877,S003,1,85,In Stock
P0877,S005,2,107,In Stock
P0877,S007,2,95,In Stock
P0877,S008,1,63,In Stock
P0877,S009,1,114,In Stock
P0877,S013,1,98,In Stock
P0877,S017,1,43,In Stock
P0877,S019,1,108,In Stock
P0877,S020,1,109,In Stock
P0877,S022,1,96,In Stock
P0877,S023,1,108,In Stock
P0877,S024,1,38,In Stock
P0878,S001,1,18,In Stock
P0878,S002,1,30,In Stock
P0878,S003,1,120,In Stock
P0878,S006,1,54,In Stock
P0878,S008,1,45,In Stock
P0878,S011,1,107,In Stock
P0878,S013,1,55,In Stock
P0878,S014,1,35,In Stock
P0878,S015,1,17,In Stock
P0878,S016,1,54,In Stock
P0878,S017,1,84,In Stock
P0878,S018,1,79,In Stock
P0878,S019,2,90,In Stock
P0878,S022,1,107,In Stock
P0879,S002,1,37,In Stock
P0879,S003,1,120,In Stock
P0879,S008,1,116,In Stock
P0879,S009,1,51,In Stock
P0879,S010,1,51,In Stock
P0879,S011,1,97,In Stock
P0879,S012,1,77,In Stock
P0879,S013,1,50,In Stock
P0879,S014,1,62,In Stock
P0879,S015,1,27,In Stock
P0879,S016,1,104,In Stock
P0879,S019,1,76,In Stock
P0879,S020,1,26,In Stock
P0879,S022,1,114,In Stock
P0879,S023,1,120,In Stock
P0879,S025,1,113,In Stock
P0880,S001,5,102,In Stock
P0880,S002,2,106,In Stock
P0880,S003,0,96,Out of Stock
P0880,S004,1,29,In Stock
P0880,S006,6,70,In Stock
P0880,S007,1,116,In Stock
P0880,S008,1,60,In Stock
P0880,S010,1,17,In Stock
P0880,S011,5,103,In Stock
P0880,S012,2,62,In Stock
P0880,S013,7,78,In Stock
P0880,S015,3,64,In Stock
P0880,S017,1,48,In Stock
P0880,S019,11,65,In Stock
P0880,S020,3,29,In Stock
P0880,S022,1,29,In Stock
P0880,S024,2,63,In Stock
P0880,S025,1,48,In Stock
P0881,S001,1,33,In Stock
P0881,S002,1,22,In Stock
P0881,S003,1,61,In Stock
P0881,S005,1,81,In Stock
P0881,S008,1,30,In Stock
P0881,S009,1,65,In Stock
P0881,S010,1,115,In Stock
P0881,S011,1,95,In Stock
P0881,S013,1,98,In Stock
P0881,S014,1,91,In Stock
P0881,S015,1,88,In Stock
P0881,S016,1,104,In Stock
P0881,S017,1,88,In Stock
P0881,S018,1,34,In Stock
P0881,S019,2,42,In Stock
P0881,S020,1,72,In Stock
P0881,S021,1,95,In Stock
P0881,S022,1,101,In Stock
P0881,S023,1,96,In Stock
P0881,S024,1,80,In Stock
P0881,S026,1,73,In Stock
P0882,S001,1,115,In Stock
P0882,S003,1,105,In Stock
P0882,S006,1,113,In Stock
P0882,S007,1,26,In Stock
P0882,S008,1,83,In Stock
P0882,S009,2,63,In Stock
P0882,S010,1,95,In Stock
P0882,S011,1,20,In Stock
P0882,S012,1,49,In Stock
P0882,S013,1,16,In Stock
P0882,S014,1,102,In Stock
P0882,S015,1,36,In Stock
P0882,S016,1,86,In Stock
P0882,S017,1,83,In Stock
P0882,S018,1,117,In Stock
P0882,S019,1,26,In Stock
P0882,S020,1,15,In Stock
P0882,S025,1,67,In Stock
P0883,S001,1,181,In Stock
P0883,S002,1,112,In Stock
P0883,S004,1,126,In Stock
P0883,S005,1,109,In Stock
P0883,S006,1,171,In Stock
P0883,S008,1,109,In Stock
P0883,S010,1,259,In Stock
P0883,S011,1,166,In Stock
P0883,S012,1,88,In Stock
P0883,S013,1,202,In Stock
P0883,S014,1,83,In Stock
P0883,S016,1,180,In Stock
P0883,S017,1,202,In Stock
P0883,S018,1,174,In Stock
P0883,S019,1,210,In Stock
P0883,S021,1,246,In Stock
P0883,S023,1,219,In Stock
P0884,S001,1,204,In Stock
P0884,S002,1,241,In Stock
P0884,S003,1,216,In Stock
P0884,S005,1,61,In Stock
P0884,S006,1,223,In Stock
P0884,S008,1,99,In Stock
P0884,S009,1,228,In Stock
P0884,S010,1,114,In Stock
P0884,S011,1,62,In Stock
P0884,S013,1,219,In Stock
P0884,S014,1,171,In Stock
P0884,S015,1,247,In Stock
P0884,S017,1,134,In Stock
P0884,S018,1,148,In Stock
P0884,S019,1,91,In Stock
P0884,S020,1,204,In Stock
P0884,S021,1,219,In Stock
P0884,S022,0,270,Out of Stock
P0884,S023,1,267,In Stock
P0884,S024,1,233,In Stock
P0885,S001,0,60,Out of Stock
P0885,S002,1,47,In Stock
P0885,S003,2,40,In Stock
P0885,S005,1,47,In Stock
P0885,S008,1,17,In Stock
P0885,S009,1,46,In Stock
P0885,S010,1,78,In Stock
P0885,S012,1,32,In Stock
P0885,S013,1,77,In Stock
P0885,S014,1,52,In Stock
P0885,S015,1,77,In Stock
P0885,S016,1,53,In Stock
P0885,S018,1,62,In Stock
P0885,S019,1,72,In Stock
P0885,S020,1,68,In Stock
P0885,S022,1,83,In Stock
P0885,S024,1,27,In Stock
P0885,S025,1,23,In Stock
P0886,S001,1,24,In Stock
P0886,S002,1,16,In Stock
P0886,S003,1,24,In Stock
P0886,S004,4,35,In Stock
P0886,S005,3,5,In Stock
P0886,S006,5,25,In Stock
P0886,S007,2,43,In Stock
P0886,S008,8,36,In Stock
P0886,S009,0,15,Out of Stock
P0886,S010,5,23,In Stock
P0886,S011,5,45,In Stock
P0886,S012,8,24,In Stock
P0886,S013,3,22,In Stock
P0886,S014,1,7,In Stock
P0886,S015,1,11,In Stock
P0886,S016,7,16,In Stock
P0886,S017,1,41,In Stock
P0886,S018,3,20,In Stock
P0886,S019,3,37,In Stock
P0886,S020,0,45,Out of Stock
P0886,S021,2,30,In Stock
P0886,S022,4,23,In Stock
P0886,S023,2,15,In Stock
P0886,S024,4,16,In Stock
P0886,S025,1,6,In Stock
P0886,S026,5,40,In Stock
P0887,S001,1,94,In Stock
P0887,S002,1,64,In Stock
P0887,S003,1,36,In Stock
P0887,S004,1,43,In Stock
P0887,S006,1,73,In Stock
P0887,S008,3,50,In Stock
P0887,S009,1,19,In Stock
P0887,S010,1,47,In Stock
P0887,S011,1,86,In Stock
P0887,S012,1,31,In Stock
P0887,S013,1,69,In Stock
P0887,S014,1,83,In Stock
P0887,S016,1,52,In Stock
P0887,S017,1,108,In Stock
P0887,S018,2,51,In Stock
P0887,S022,1,66,In Stock
P0887,S024,1,69,In Stock
P0887,S025,1,62,In Stock
P0888,S001,2,25,In Stock
P0888,S002,1,20,In Stock
P0888,S003,1,55,In Stock
P0888,S004,1,101,In Stock
P0888,S005,1,90,In Stock
P0888,S008,1,115,In Stock
P0888,S009,1,71,In Stock
P0888,S010,1,85,In Stock
P0888,S012,1,93,In Stock
P0888,S013,1,116,In Stock
P0888,S014,1,65,In Stock
P0888,S015,1,27,In Stock
P0888,S016,1,85,In Stock
P0888,S017,1,32,In Stock
P0888,S019,1,72,In Stock
P0888,S020,1,31,In Stock
P0888,S021,1,108,In Stock
P0888,S022,1,21,In Stock
P0888,S024,1,50,In Stock
P0889,S001,62,397,In Stock
P0889,S002,78,502,In Stock
P0889,S004,95,478,In Stock
P0889,S005,90,432,In Stock
P0889,S006,149,352,In Stock
P0889,S008,132,466,In Stock
P0889,S011,118,455,In Stock
P0889,S012,76,536,In Stock
P0889,S013,97,421,In Stock
P0889,S015,74,493,In Stock
P0889,S016,49,274,In Stock
P0889,S019,56,242,In Stock
P0889,S020,147,296,In Stock
P0889,S021,71,463,In Stock
P0889,S022,146,299,In Stock
P0889,S024,119,194,In Stock
P0889,S025,45,335,In Stock
P0890,S001,3,8,In Stock
P0890,S002,5,9,In Stock
P0890,S003,4,22,In Stock
P0890,S004,1,40,In Stock
P0890,S005,4,5,In Stock
P0890,S006,2,10,In Stock
P0890,S007,2,15,In Stock
P0890,S008,3,11,In Stock
P0890,S009,1,26,In Stock
P0890,S010,2,34,In Stock
P0890,S011,1,5,In Stock
P0890,S012,2,6,In Stock
P0890,S013,1,10,In Stock
P0890,S014,1,20,In Stock
P0890,S015,2,21,In Stock
P0890,S016,1,30,In Stock
P0890,S017,1,35,In Stock
P0890,S018,2,11,In Stock
P0890,S019,4,13,In Stock
P0890,S020,1,15,In Stock
P0890,S021,0,29,Out of Stock
P0890,S022,1,29,In Stock
P0890,S023,1,15,In Stock
P0890,S024,1,21,In Stock
P0890,S025,1,45,In Stock
P0890,S026,2,27,In Stock
P0891,S001,1,113,In Stock
P0891,S003,1,243,In Stock
P0891,S005,1,127,In Stock
P0891,S006,1,185,In Stock
P0891,S007,1,186,In Stock
P0891,S008,1,207,In Stock
P0891,S009,1,237,In Stock
P0891,S010,1,252,In Stock
P0891,S013,1,71,In Stock
P0891,S014,1,210,In Stock
P0891,S015,1,80,In Stock
P0891,S016,1,136,In Stock
P0891,S019,1,191,In Stock
P0891,S020,1,120,In Stock
P0891,S021,1,168,In Stock
P0891,S024,1,98,In Stock
P0891,S026,1,176,In Stock
P0892,S001,1,62,In Stock
P0892,S002,1,109,In Stock
P0892,S005,1,59,In Stock
P0892,S006,1,15,In Stock
P0892,S008,1,37,In Stock
P0892,S009,1,118,In Stock
P0892,S010,1,59,In Stock
P0892,S011,1,21,In Stock
P0892,S013,1,98,In Stock
P0892,S014,1,97,In Stock
P0892,S015,1,52,In Stock
P0892,S016,1,31,In Stock
P0892,S018,0,45,Out of Stock
P0892,S019,1,24,In Stock
P0892,S021,1,17,In Stock
P0892,S022,1,32,In Stock
P0892,S024,1,71,In Stock
P0892,S025,1,25,In Stock
P0893,S001,1,64,In Stock
P0893,S002,1,22,In Stock
P0893,S003,1,96,In Stock
P0893,S004,1,108,In Stock
P0893,S006,1,76,In Stock
P0893,S008,3,76,In Stock
P0893,S009,1,109,In Stock
P0893,S010,0,116,Out of Stock
P0893,S012,1,62,In Stock
P0893,S014,1,39,In Stock
P0893,S015,1,118,In Stock
P0893,S016,1,30,In Stock
P0893,S017,1,60,In Stock
P0893,S018,1,81,In Stock
P0893,S019,1,73,In Stock
P0893,S022,1,38,In Stock
P0893,S024,1,95,In Stock
P0893,S026,1,119,In Stock
P0894,S001,1,157,In Stock
P0894,S002,1,233,In Stock
P0894,S003,1,107,In Stock
P0894,S004,1,167,In Stock
P0894,S006,1,224,In Stock
P0894,S008,1,80,In Stock
P0894,S009,1,61,In Stock
P0894,S011,1,185,In Stock
P0894,S015,1,222,In Stock
P0894,S016,1,183,In Stock
P0894,S019,1,110,In Stock
P0894,S020,1,130,In Stock
P0894,S022,1,158,In Stock
P0894,S024,1,240,In Stock
P0894,S025,1,181,In Stock
P0895,S001,1,25,In Stock
P0895,S002,1,44,In Stock
P0895,S003,1,37,In Stock
P0895,S004,2,19,In Stock
P0895,S005,3,29,In Stock
P0895,S006,1,19,In Stock
P0895,S007,1,8,In Stock
P0895,S008,1,24,In Stock
P0895,S009,1,39,In Stock
P0895,S010,2,32,In Stock
P0895,S011,1,31,In Stock
P0895,S012,2,5,In Stock
P0895,S013,1,27,In Stock
P0895,S014,1,20,In Stock
P0895,S015,2,8,In Stock
P0895,S016,1,13,In Stock
P0895,S017,1,28,In Stock
P0895,S018,1,24,In Stock
P0895,S019,3,5,In Stock
P0895,S020,3,31,In Stock
P0895,S021,2,17,In Stock
P0895,S022,1,21,In Stock
P0895,S023,1,31,In Stock
P0895,S024,1,29,In Stock
P0895,S025,1,11,In Stock
P0895,S026,1,38,In Stock
P0896,S001,71,242,In Stock
P0896,S002,94,487,In Stock
P0896,S003,33,523,In Stock
P0896,S005,113,419,In Stock
P0896,S006,88,393,In Stock
P0896,S008,93,214,In Stock
P0896,S009,121,512,In Stock
P0896,S010,60,308,In Stock
P0896,S011,77,393,In Stock
P0896,S013,129,430,In Stock
P0896,S016,90,438,In Stock
P0896,S018,111,201,In Stock
P0896,S019,113,526,In Stock
P0896,S021,130,280,In Stock
P0896,S024,129,296,In Stock
P0896,S025,92,388,In Stock
P0896,S026,80,328,In Stock
P0897,S001,4,12,In Stock
P0897,S002,1,40,In Stock
P0897,S003,4,33,In Stock
P0897,S004,0,17,Out of Stock
P0897,S005,1,43,In Stock
P0897,S006,3,34,In Stock
P0897,S007,3,44,In Stock
P0897,S008,3,5,In Stock
P0897,S009,1,43,In Stock
P0897,S010,1,44,In Stock
P0897,S011,5,23,In Stock
P0897,S012,1,22,In Stock
P0897,S013,7,34,In Stock
P0897,S014,1,9,In Stock
P0897,S015,1,16,In Stock
P0897,S016,2,7,In Stock
P0897,S017,1,32,In Stock
P0897,S018,1,34,In Stock
P0897,S019,11,42,In Stock
P0897,S020,4,26,In Stock
P0897,S021,1,22,In Stock
P0897,S022,1,8,In Stock
P0897,S023,2,29,In Stock
P0897,S024,4,43,In Stock
P0897,S025,1,19,In Stock
P0897,S026,1,7,In Stock
P0898,S001,1,132,In Stock
P0898,S004,1,207,In Stock
P0898,S008,1,241,In Stock
P0898,S009,1,262,In Stock
P0898,S010,1,80,In Stock
P0898,S011,1,212,In Stock
P0898,S013,1,122,In Stock
P0898,S014,1,215,In Stock
P0898,S015,1,85,In Stock
P0898,S016,1,82,In Stock
P0898,S017,1,166,In Stock
P0898,S019,1,238,In Stock
P0898,S020,1,190,In Stock
P0898,S023,1,238,In Stock
P0898,S025,1,182,In Stock
P0899,S001,2,96,In Stock
P0899,S003,1,95,In Stock
P0899,S004,0,104,Out of Stock
P0899,S005,1,96,In Stock
P0899,S006,1,91,In Stock
P0899,S007,2,94,In Stock
P0899,S008,1,63,In Stock
P0899,S009,1,116,In Stock
P0899,S010,2,32,In Stock
P0899,S011,1,81,In Stock
P0899,S014,1,43,In Stock
P0899,S016,1,90,In Stock
P0899,S017,1,48,In Stock
P0899,S019,4,16,In Stock
P0899,S020,1,87,In Stock
P0899,S021,1,117,In Stock
P0899,S024,1,72,In Stock
P0900,S001,6,35,In Stock
P0900,S002,17,38,In Stock
P0900,S003,6,21,In Stock
P0900,S004,4,40,In Stock
P0900,S005,4,33,In Stock
P0900,S006,15,25,In Stock
P0900,S007,2,39,In Stock
P0900,S008,16,8,In Stock
P0900,S009,8,19,In Stock
P0900,S010,3,20,In Stock
P0900,S011,6,36,In Stock
P0900,S012,2,21,In Stock
P0900,S013,12,35,In Stock
P0900,S014,10,30,In Stock
P0900,S015,11,43,In Stock
P0900,S016,14,34,In Stock
P0900,S017,8,35,In Stock
P0900,S018,4,28,In Stock
P0900,S019,19,16,In Stock
P0900,S020,5,29,In Stock
P0900,S021,2,34,In Stock
P0900,S022,5,14,In Stock
P0900,S023,0,11,Out of Stock
P0900,S024,15,16,In Stock
P0900,S025,1,31,In Stock
P0900,S026,5,28,In Stock
P0901,S001,1,107,In Stock
P0901,S002,1,78,In Stock
P0901,S003,1,202,In Stock
P0901,S006,1,125,In Stock
P0901,S007,1,264,In Stock
P0901,S008,1,232,In Stock
P0901,S009,1,61,In Stock
P0901,S010,1,261,In Stock
P0901,S011,1,200,In Stock
P0901,S013,1,93,In Stock
P0901,S015,1,166,In Stock
P0901,S016,1,82,In Stock
P0901,S017,1,256,In Stock
P0901,S019,1,72,In Stock
P0901,S020,1,157,In Stock
P0901,S021,1,181,In Stock
P0901,S024,1,259,In Stock
P0901,S026,1,79,In Stock
P0902,S001,2,38,In Stock
P0902,S002,2,7,In Stock
P0902,S003,0,37,Out of Stock
P0902,S004,1,5,In Stock
P0902,S005,5,37,In Stock
P0902,S006,4,24,In Stock
P0902,S007,1,11,In Stock
P0902,S008,3,42,In Stock
P0902,S009,1,32,In Stock
P0902,S010,4,10,In Stock
P0902,S011,3,11,In Stock
P0902,S012,3,8,In Stock
P0902,S013,1,33,In Stock
P0902,S014,3,8,In Stock
P0902,S015,2,22,In Stock
P0902,S016,3,43,In Stock
P0902,S017,2,32,In Stock
P0902,S018,2,35,In Stock
P0902,S019,13,45,In Stock
P0902,S020,2,26,In Stock
P0902,S021,3,13,In Stock
P0902,S022,1,12,In Stock
P0902,S023,3,16,In Stock
P0902,S024,1,42,In Stock
P0902,S025,1,27,In Stock
P0902,S026,4,34,In Stock
P0903,S001,0,10,Out of Stock
P0903,S002,0,19,Out of Stock
P0903,S003,0,15,Out of Stock
P0903,S004,0,7,Out of Stock
P0903,S005,0,2,Out of Stock
P0903,S006,0,16,Out of Stock
P0903,S007,0,16,Out of Stock
P0903,S008,0,4,Out of Stock
P0903,S009,0,6,Out of Stock
P0903,S010,0,12,Out of Stock
P0903,S011,0,2,Out of Stock
P0903,S012,0,3,Out of Stock
P0903,S013,1,10,In Stock
P0903,S014,0,10,Out of Stock
P0903,S015,0,8,Out of Stock
P0903,S016,0,7,Out of Stock
P0903,S017,0,1,Out of Stock
P0903,S018,0,1,Out of Stock
P0903,S019,0,2,Out of Stock
P0903,S020,0,12,Out of Stock
P0903,S021,0,5,Out of Stock
P0903,S022,0,9,Out of Stock
P0903,S023,0,16,Out of Stock
P0903,S024,0,13,Out of Stock
P0903,S025,0,18,Out of Stock
P0903,S026,0,10,Out of Stock
P0904,S001,1,128,In Stock
P0904,S002,1,110,In Stock
P0904,S005,1,137,In Stock
P0904,S006,1,249,In Stock
P0904,S008,1,90,In Stock
P0904,S009,1,113,In Stock
P0904,S011,1,135,In Stock
P0904,S012,1,146,In Stock
P0904,S015,1,212,In Stock
P0904,S016,1,107,In Stock
P0904,S019,1,210,In Stock
P0904,S020,1,103,In Stock
P0904,S022,1,246,In Stock
P0904,S023,1,70,In Stock
P0904,S024,1,141,In Stock
P0904,S025,1,250,In Stock
P0905,S001,1,55,In Stock
P0905,S002,1,23,In Stock
P0905,S003,1,72,In Stock
P0905,S005,1,27,In Stock
P0905,S006,1,72,In Stock
P0905,S007,1,34,In Stock
P0905,S008,5,39,In Stock
P0905,S009,1,49,In Stock
P0905,S010,1,55,In Stock
P0905,S011,1,91,In Stock
P0905,S012,2,84,In Stock
P0905,S013,2,102,In Stock
P0905,S014,2,116,In Stock
P0905,S015,1,37,In Stock
P0905,S016,1,119,In Stock
P0905,S019,2,98,In Stock
P0905,S020,1,97,In Stock
P0905,S021,1,117,In Stock
P0905,S022,1,51,In Stock
P0905,S023,1,63,In Stock
P0905,S024,1,68,In Stock
P0906,S001,104,356,In Stock
P0906,S002,138,302,In Stock
P0906,S004,72,366,In Stock
P0906,S005,101,391,In Stock
P0906,S006,64,363,In Stock
P0906,S008,67,313,In Stock
P0906,S009,66,513,In Stock
P0906,S010,45,364,In Stock
P0906,S011,135,218,In Stock
P0906,S012,65,449,In Stock
P0906,S013,58,210,In Stock
P0906,S015,112,273,In Stock
P0906,S016,133,539,In Stock
P0906,S017,58,354,In Stock
P0906,S018,130,529,In Stock
P0906,S019,145,498,In Stock
P0906,S020,88,435,In Stock
P0906,S021,80,530,In Stock
P0906,S022,72,495,In Stock
P0906,S024,88,314,In Stock
P0906,S025,103,373,In Stock
P0906,S026,105,263,In Stock
P0907,S001,4,37,In Stock
P0907,S003,7,68,In Stock
P0907,S004,0,100,Out of Stock
P0907,S005,1,93,In Stock
P0907,S007,3,35,In Stock
P0907,S008,2,42,In Stock
P0907,S009,4,46,In Stock
P0907,S011,1,22,In Stock
P0907,S013,7,64,In Stock
P0907,S015,4,28,In Stock
P0907,S016,1,44,In Stock
P0907,S017,1,15,In Stock
P0907,S018,1,46,In Stock
P0907,S019,8,94,In Stock
P0907,S020,1,46,In Stock
P0907,S021,2,116,In Stock
P0907,S022,2,54,In Stock
P0907,S023,2,33,In Stock
P0907,S024,1,20,In Stock
P0907,S025,1,47,In Stock
P0907,S026,2,30,In Stock
P0908,S001,1,56,In Stock
P0908,S003,1,49,In Stock
P0908,S005,1,56,In Stock
P0908,S006,1,118,In Stock
P0908,S007,1,91,In Stock
P0908,S008,1,101,In Stock
P0908,S009,1,46,In Stock
P0908,S011,1,32,In Stock
P0908,S012,1,21,In Stock
P0908,S013,1,86,In Stock
P0908,S015,1,80,In Stock
P0908,S016,1,107,In Stock
P0908,S018,1,16,In Stock
P0908,S019,1,92,In Stock
P0908,S021,1,111,In Stock
P0908,S024,1,23,In Stock
P0908,S025,1,48,In Stock
P0909,S001,1,91,In Stock
P0909,S002,0,50,Out of Stock
P0909,S003,1,70,In Stock
P0909,S005,1,58,In Stock
P0909,S006,1,18,In Stock
P0909,S008,3,94,In Stock
P0909,S009,0,26,Out of Stock
P0909,S013,1,93,In Stock
P0909,S014,1,43,In Stock
P0909,S016,1,18,In Stock
P0909,S017,1,86,In Stock
P0909,S018,1,95,In Stock
P0909,S019,1,59,In Stock
P0909,S022,2,68,In Stock
P0909,S024,1,92,In Stock
P0909,S025,1,45,In Stock
P0909,S026,1,21,In Stock
P0910,S001,6,34,In Stock
P0910,S002,2,40,In Stock
P0910,S003,6,43,In Stock
P0910,S004,5,39,In Stock
P0910,S005,3,7,In Stock
P0910,S006,4,5,In Stock
P0910,S007,2,5,In Stock
P0910,S008,14,23,In Stock
P0910,S009,5,29,In Stock
P0910,S010,10,30,In Stock
P0910,S011,1,7,In Stock
P0910,S012,4,29,In Stock
P0910,S013,20,21,In Stock
P0910,S014,1,12,In Stock
P0910,S015,8,35,In Stock
P0910,S016,6,13,In Stock
P0910,S017,3,32,In Stock
P0910,S018,1,17,In Stock
P0910,S019,12,38,In Stock
P0910,S020,6,32,In Stock
P0910,S021,2,25,In Stock
P0910,S022,2,29,In Stock
P0910,S023,8,10,In Stock
P0910,S024,11,41,In Stock
P0910,S025,1,37,In Stock
P0910,S026,1,21,In Stock
P0911,S001,125,365,In Stock
P0911,S002,134,484,In Stock
P0911,S003,30,208,In Stock
P0911,S005,33,387,In Stock
P0911,S006,129,496,In Stock
P0911,S007,67,349,In Stock
P0911,S008,132,399,In Stock
P0911,S009,121,251,In Stock
P0911,S010,80,473,In Stock
P0911,S011,141,442,In Stock
P0911,S012,36,437,In Stock
P0911,S013,30,509,In Stock
P0911,S015,117,351,In Stock
P0911,S016,91,337,In Stock
P0911,S018,114,297,In Stock
P0911,S019,132,454,In Stock
P0911,S020,53,357,In Stock
P0911,S021,131,351,In Stock
P0911,S022,126,529,In Stock
P0911,S023,127,492,In Stock
P0911,S024,134,220,In Stock
P0911,S025,97,358,In Stock
P0912,S001,0,7,Out of Stock
P0912,S002,0,17,Out of Stock
P0912,S003,0,6,Out of Stock
P0912,S004,0,15,Out of Stock
P0912,S005,0,14,Out of Stock
P0912,S006,0,10,Out of Stock
P0912,S007,0,1,Out of Stock
P0912,S008,1,1,In Stock
P0912,S009,0,10,Out of Stock
P0912,S010,0,8,Out of Stock
P0912,S011,0,15,Out of Stock
P0912,S012,0,11,Out of Stock
P0912,S013,0,5,Out of Stock
P0912,S014,0,4,Out of Stock
P0912,S015,0,4,Out of Stock
P0912,S016,0,6,Out of Stock
P0912,S017,0,4,Out of Stock
P0912,S018,0,16,Out of Stock
P0912,S019,0,6,Out of Stock
P0912,S020,0,5,Out of Stock
P0912,S021,0,8,Out of Stock
P0912,S022,0,14,Out of Stock
P0912,S023,0,1,Out of Stock
P0912,S024,0,19,Out of Stock
P0912,S025,0,12,Out of Stock
P0912,S026,0,8,Out of Stock
P0913,S001,1,98,In Stock
P0913,S002,2,62,In Stock
P0913,S003,1,93,In Stock
P0913,S004,1,61,In Stock
P0913,S005,1,29,In Stock
P0913,S007,1,59,In Stock
P0913,S008,1,117,In Stock
P0913,S010,1,61,In Stock
P0913,S013,1,97,In Stock
P0913,S014,1,50,In Stock
P0913,S018,1,103,In Stock
P0913,S019,1,57,In Stock
P0913,S020,1,84,In Stock
P0913,S021,1,67,In Stock
P0913,S024,1,19,In Stock
P0914,S001,1,88,In Stock
P0914,S002,1,21,In Stock
P0914,S003,1,42,In Stock
P0914,S004,1,61,In Stock
P0914,S006,1,103,In Stock
P0914,S008,1,66,In Stock
P0914,S009,1,55,In Stock
P0914,S013,1,112,In Stock
P0914,S015,1,96,In Stock
P0914,S017,1,31,In Stock
P0914,S018,1,55,In Stock
P0914,S019,1,82,In Stock
P0914,S021,1,70,In Stock
P0914,S025,1,105,In Stock
P0914,S026,1,54,In Stock
P0915,S001,1,64,In Stock
P0915,S002,1,120,In Stock
P0915,S005,1,20,In Stock
P0915,S006,1,25,In Stock
P0915,S008,1,51,In Stock
P0915,S009,1,83,In Stock
P0915,S012,1,71,In Stock
P0915,S013,1,56,In Stock
P0915,S015,1,48,In Stock
P0915,S017,1,88,In Stock
P0915,S019,2,107,In Stock
P0915,S020,1,32,In Stock
P0915,S021,1,112,In Stock
P0915,S022,1,79,In Stock
P0915,S023,1,25,In Stock
P0915,S025,1,83,In Stock
P0915,S026,1,32,In Stock
P0916,S001,2,21,In Stock
P0916,S002,1,69,In Stock
P0916,S004,1,80,In Stock
P0916,S005,1,107,In Stock
P0916,S006,0,56,Out of Stock
P0916,S008,1,83,In Stock
P0916,S009,1,50,In Stock
P0916,S011,1,75,In Stock
P0916,S013,1,118,In Stock
P0916,S017,4,93,In Stock
P0916,S018,1,92,In Stock
P0916,S019,1,109,In Stock
P0916,S022,1,62,In Stock
P0916,S023,1,106,In Stock
P0916,S025,1,31,In Stock
P0917,S001,1,220,In Stock
P0917,S003,1,207,In Stock
P0917,S006,1,251,In Stock
P0917,S008,1,126,In Stock
P0917,S009,1,185,In Stock
P0917,S011,1,257,In Stock
P0917,S012,1,231,In Stock
P0917,S014,1,228,In Stock
P0917,S015,1,258,In Stock
P0917,S019,1,261,In Stock
P0917,S020,1,219,In Stock
P0917,S022,1,185,In Stock
P0917,S025,1,245,In Stock
P0918,S001,1,191,In Stock
P0918,S002,1,201,In Stock
P0918,S003,1,103,In Stock
P0918,S008,1,240,In Stock
P0918,S009,1,252,In Stock
P0918,S010,1,231,In Stock
P0918,S013,1,96,In Stock
P0918,S014,1,76,In Stock
P0918,S015,1,243,In Stock
P0918,S016,1,139,In Stock
P0918,S019,1,95,In Stock
P0918,S020,1,165,In Stock
P0918,S021,1,170,In Stock
P0918,S022,1,244,In Stock
P0918,S024,1,155,In Stock
P0919,S001,1,182,In Stock
P0919,S002,1,64,In Stock
P0919,S003,1,177,In Stock
P0919,S005,1,254,In Stock
P0919,S006,1,263,In Stock
P0919,S008,1,211,In Stock
P0919,S010,1,95,In Stock
P0919,S011,1,260,In Stock
P0919,S015,1,93,In Stock
P0919,S016,1,164,In Stock
P0919,S017,1,124,In Stock
P0919,S020,1,238,In Stock
P0919,S022,1,118,In Stock
P0919,S024,1,213,In Stock
P0919,S025,1,63,In Stock
P0919,S026,1,172,In Stock
P0920,S001,4,92,In Stock
P0920,S002,1,33,In Stock
P0920,S003,1,70,In Stock
P0920,S006,1,59,In Stock
P0920,S007,1,83,In Stock
P0920,S008,1,70,In Stock
P0920,S009,1,22,In Stock
P0920,S010,1,40,In Stock
P0920,S011,4,43,In Stock
P0920,S012,1,45,In Stock
P0920,S013,1,84,In Stock
P0920,S014,2,37,In Stock
P0920,S015,1,49,In Stock
P0920,S016,1,15,In Stock
P0920,S017,1,27,In Stock
P0920,S018,1,113,In Stock
P0920,S019,3,31,In Stock
P0920,S021,1,45,In Stock
P0920,S023,1,91,In Stock
P0920,S024,1,43,In Stock
P0920,S025,1,89,In Stock
P0921,S001,1,26,In Stock
P0921,S002,1,45,In Stock
P0921,S003,1,99,In Stock
P0921,S005,1,45,In Stock
P0921,S006,1,105,In Stock
P0921,S007,1,114,In Stock
P0921,S008,1,15,In Stock
P0921,S009,1,60,In Stock
P0921,S010,1,106,In Stock
P0921,S012,1,56,In Stock
P0921,S013,1,86,In Stock
P0921,S014,0,43,Out of Stock
P0921,S015,1,81,In Stock
P0921,S016,1,106,In Stock
P0921,S018,1,115,In Stock
P0921,S019,1,97,In Stock
P0921,S020,1,55,In Stock
P0921,S021,0,44,Out of Stock
P0921,S022,1,63,In Stock
P0921,S024,1,41,In Stock
P0921,S025,1,77,In Stock
P0921,S026,1,95,In Stock
P0922,S001,1,6,In Stock
P0922,S002,2,29,In Stock
P0922,S003,1,19,In Stock
P0922,S004,1,24,In Stock
P0922,S005,1,9,In Stock
P0922,S006,1,34,In Stock
P0922,S007,1,30,In Stock
P0922,S008,1,28,In Stock
P0922,S009,3,36,In Stock
P0922,S010,1,27,In Stock
P0922,S011,2,10,In Stock
P0922,S012,1,6,In Stock
P0922,S013,5,19,In Stock
P0922,S014,1,18,In Stock
P0922,S015,1,12,In Stock
P0922,S016,1,45,In Stock
P0922,S017,1,23,In Stock
P0922,S018,1,42,In Stock
P0922,S019,1,13,In Stock
P0922,S020,3,39,In Stock
P0922,S021,1,45,In Stock
P0922,S022,1,33,In Stock
P0922,S023,0,24,Out of Stock
P0922,S024,2,13,In Stock
P0922,S025,1,9,In Stock
P0922,S026,1,23,In Stock
P0923,S001,1,48,In Stock
P0923,S002,2,42,In Stock
P0923,S003,1,31,In Stock
P0923,S005,1,120,In Stock
P0923,S007,1,69,In Stock
P0923,S008,1,108,In Stock
P0923,S009,1,26,In Stock
P0923,S010,1,81,In Stock
P0923,S011,1,103,In Stock
P0923,S012,1,111,In Stock
P0923,S013,1,25,In Stock
P0923,S015,1,89,In Stock
P0923,S017,1,102,In Stock
P0923,S018,0,76,Out of Stock
P0923,S019,1,108,In Stock
P0923,S021,1,117,In Stock
P0923,S024,1,80,In Stock
P0924,S001,4,85,In Stock
P0924,S002,2,71,In Stock
P0924,S003,1,75,In Stock
P0924,S004,1,64,In Stock
P0924,S005,1,111,In Stock
P0924,S006,2,70,In Stock
P0924,S008,1,98,In Stock
P0924,S011,1,25,In Stock
P0924,S012,2,19,In Stock
P0924,S013,2,49,In Stock
P0924,S014,1,104,In Stock
P0924,S015,2,22,In Stock
P0924,S016,1,117,In Stock
P0924,S017,0,83,Out of Stock
P0924,S018,1,67,In Stock
P0924,S019,3,53,In Stock
P0924,S020,1,96,In Stock
P0924,S021,1,66,In Stock
P0924,S022,1,45,In Stock
P0924,S023,1,109,In Stock
P0924,S024,1,39,In Stock
P0924,S026,1,99,In Stock
P0925,S001,1,92,In Stock
P0925,S002,1,53,In Stock
P0925,S003,1,78,In Stock
P0925,S004,1,47,In Stock
P0925,S005,1,118,In Stock
P0925,S006,0,61,Out of Stock
P0925,S007,1,46,In Stock
P0925,S008,1,86,In Stock
P0925,S009,1,109,In Stock
P0925,S010,1,53,In Stock
P0925,S012,1,57,In Stock
P0925,S013,1,28,In Stock
P0925,S014,1,28,In Stock
P0925,S016,1,48,In Stock
P0925,S017,1,44,In Stock
P0925,S018,1,54,In Stock
P0925,S019,1,108,In Stock
P0925,S020,1,101,In Stock
P0925,S022,1,46,In Stock
P0925,S023,1,93,In Stock
P0925,S024,0,62,Out of Stock
P0925,S026,1,38,In Stock
P0926,S001,1,58,In Stock
P0926,S002,1,23,In Stock
P0926,S003,1,87,In Stock
P0926,S008,0,53,Out of Stock
P0926,S009,1,47,In Stock
P0926,S010,1,42,In Stock
P0926,S011,1,94,In Stock
P0926,S014,1,112,In Stock
P0926,S015,1,23,In Stock
P0926,S016,1,15,In Stock
P0926,S019,1,31,In Stock
P0926,S020,1,65,In Stock
P0926,S021,1,115,In Stock
P0926,S023,1,97,In Stock
P0926,S024,1,50,In Stock
P0926,S025,1,18,In Stock
P0926,S026,1,40,In Stock
P0927,S001,53,484,In Stock
P0927,S002,87,365,In Stock
P0927,S005,46,362,In Stock
P0927,S007,120,196,In Stock
P0927,S012,83,321,In Stock
P0927,S014,85,311,In Stock
P0927,S015,133,216,In Stock
P0927,S016,76,254,In Stock
P0927,S019,49,306,In Stock
P0927,S020,132,209,In Stock
P0927,S021,138,518,In Stock
P0927,S023,55,216,In Stock
P0927,S024,142,217,In Stock
P0928,S001,1,114,In Stock
P0928,S002,1,94,In Stock
P0928,S003,1,199,In Stock
P0928,S005,1,158,In Stock
P0928,S006,1,161,In Stock
P0928,S008,0,262,Out of Stock
P0928,S009,1,161,In Stock
P0928,S010,1,116,In Stock
P0928,S011,0,187,Out of Stock
P0928,S012,1,71,In Stock
P0928,S013,1,60,In Stock
P0928,S014,1,259,In Stock
P0928,S015,1,122,In Stock
P0928,S016,1,81,In Stock
P0928,S019,1,62,In Stock
P0928,S020,1,82,In Stock
P0928,S021,1,225,In Stock
P0928,S023,1,235,In Stock
P0928,S026,1,100,In Stock
P0929,S001,1,104,In Stock
P0929,S002,1,195,In Stock
P0929,S003,1,217,In Stock
P0929,S004,1,106,In Stock
P0929,S005,1,156,In Stock
P0929,S006,1,155,In Stock
P0929,S008,1,250,In Stock
P0929,S010,1,100,In Stock
P0929,S013,1,95,In Stock
P0929,S014,1,177,In Stock
P0929,S015,1,79,In Stock
P0929,S016,1,84,In Stock
P0929,S019,1,87,In Stock
P0929,S020,1,83,In Stock
P0929,S021,1,112,In Stock
P0929,S024,1,63,In Stock
P0929,S025,1,223,In Stock
P0929,S026,1,197,In Stock
P0930,S001,0,3,Out of Stock
P0930,S002,0,18,Out of Stock
P0930,S003,0,7,Out of Stock
P0930,S004,0,20,Out of Stock
P0930,S005,0,16,Out of Stock
P0930,S006,0,5,Out of Stock
P0930,S007,0,15,Out of Stock
P0930,S008,0,14,Out of Stock
P0930,S009,0,16,Out of Stock
P0930,S010,0,15,Out of Stock
P0930,S011,0,14,Out of Stock
P0930,S012,0,6,Out of Stock
P0930,S013,0,6,Out of Stock
P0930,S014,0,8,Out of Stock
P0930,S015,0,13,Out of Stock
P0930,S016,0,4,Out of Stock
P0930,S017,0,16,Out of Stock
P0930,S018,0,1,Out of Stock
P0930,S019,0,12,Out of Stock
P0930,S020,0,20,Out of Stock
P0930,S021,0,4,Out of Stock
P0930,S022,0,10,Out of Stock
P0930,S023,0,7,Out of Stock
P0930,S024,0,15,Out of Stock
P0930,S025,0,4,Out of Stock
P0930,S026,0,13,Out of Stock
P0931,S001,1,88,In Stock
P0931,S002,1,151,In Stock
P0931,S003,1,183,In Stock
P0931,S005,1,221,In Stock
P0931,S006,1,85,In Stock
P0931,S008,1,193,In Stock
P0931,S009,1,211,In Stock
P0931,S010,1,233,In Stock
P0931,S011,1,125,In Stock
P0931,S013,1,187,In Stock
P0931,S014,1,113,In Stock
P0931,S015,1,219,In Stock
P0931,S016,1,101,In Stock
P0931,S019,1,84,In Stock
P0931,S020,1,157,In Stock
P0931,S021,1,234,In Stock
P0931,S024,1,238,In Stock
P0932,S001,1,58,In Stock
P0932,S003,1,117,In Stock
P0932,S005,1,82,In Stock
P0932,S006,1,70,In Stock
P0932,S007,1,107,In Stock
P0932,S008,1,64,In Stock
P0932,S009,1,27,In Stock
P0932,S010,1,17,In Stock
P0932,S011,1,96,In Stock
P0932,S013,1,94,In Stock
P0932,S014,1,41,In Stock
P0932,S015,1,116,In Stock
P0932,S016,1,114,In Stock
P0932,S019,1,43,In Stock
P0932,S020,1,31,In Stock
P0932,S021,1,45,In Stock
P0932,S023,1,86,In Stock
P0932,S024,1,64,In Stock
P0932,S026,0,73,Out of Stock
P0933,S001,1,22,In Stock
P0933,S002,1,51,In Stock
P0933,S003,1,60,In Stock
P0933,S004,1,47,In Stock
P0933,S005,1,58,In Stock
P0933,S006,3,17,In Stock
P0933,S009,1,90,In Stock
P0933,S010,1,94,In Stock
P0933,S011,1,112,In Stock
P0933,S012,1,38,In Stock
P0933,S013,2,68,In Stock
P0933,S014,1,117,In Stock
P0933,S015,1,85,In Stock
P0933,S016,1,115,In Stock
P0933,S017,1,108,In Stock
P0933,S018,1,104,In Stock
P0933,S020,1,73,In Stock
P0933,S021,1,53,In Stock
P0933,S022,1,53,In Stock
P0933,S023,0,56,Out of Stock
P0933,S024,1,58,In Stock
P0933,S025,1,81,In Stock
P0934,S001,0,61,Out of Stock
P0934,S003,2,93,In Stock
P0934,S006,1,83,In Stock
P0934,S008,1,21,In Stock
P0934,S009,1,56,In Stock
P0934,S012,1,41,In Stock
P0934,S013,1,108,In Stock
P0934,S015,1,52,In Stock
P0934,S016,2,62,In Stock
P0934,S018,1,72,In Stock
P0934,S019,1,70,In Stock
P0934,S021,1,62,In Stock
P0935,S001,1,100,In Stock
P0935,S002,1,105,In Stock
P0935,S003,1,71,In Stock
P0935,S005,0,27,Out of Stock
P0935,S006,1,105,In Stock
P0935,S007,1,29,In Stock
P0935,S008,1,18,In Stock
P0935,S009,1,98,In Stock
P0935,S011,1,24,In Stock
P0935,S012,1,61,In Stock
P0935,S013,1,85,In Stock
P0935,S014,0,30,Out of Stock
P0935,S015,1,120,In Stock
P0935,S016,1,114,In Stock
P0935,S017,1,29,In Stock
P0935,S018,1,83,In Stock
P0935,S019,1,86,In Stock
P0935,S024,1,102,In Stock
P0936,S001,1,54,In Stock
P0936,S007,1,63,In Stock
P0936,S008,1,54,In Stock
P0936,S009,1,115,In Stock
P0936,S011,2,62,In Stock
P0936,S012,1,111,In Stock
P0936,S013,1,92,In Stock
P0936,S014,1,101,In Stock
P0936,S015,1,59,In Stock
P0936,S016,1,24,In Stock
P0936,S019,1,97,In Stock
P0936,S023,1,23,In Stock
P0936,S026,1,54,In Stock
P0937,S001,1,49,In Stock
P0937,S002,1,36,In Stock
P0937,S003,1,91,In Stock
P0937,S004,1,112,In Stock
P0937,S005,1,28,In Stock
P0937,S007,1,38,In Stock
P0937,S008,1,69,In Stock
P0937,S009,1,18,In Stock
P0937,S010,1,65,In Stock
P0937,S012,1,119,In Stock
P0937,S013,1,38,In Stock
P0937,S014,1,26,In Stock
P0937,S015,1,119,In Stock
P0937,S016,1,33,In Stock
P0937,S018,1,32,In Stock
P0937,S019,1,74,In Stock
P0937,S020,0,44,Out of Stock
P0937,S021,2,86,In Stock
P0937,S022,1,99,In Stock
P0937,S024,1,61,In Stock
P0937,S025,1,75,In Stock
P0938,S001,1,106,In Stock
P0938,S002,1,104,In Stock
P0938,S003,2,95,In Stock
P0938,S005,2,70,In Stock
P0938,S006,1,46,In Stock
P0938,S007,1,22,In Stock
P0938,S008,2,99,In Stock
P0938,S009,1,46,In Stock
P0938,S013,1,77,In Stock
P0938,S018,1,19,In Stock
P0938,S019,2,39,In Stock
P0938,S020,1,109,In Stock
P0938,S022,1,85,In Stock
P0938,S023,0,69,Out of Stock
P0938,S024,4,15,In Stock
P0938,S025,2,18,In Stock
P0938,S026,1,20,In Stock
P0939,S001,1,75,In Stock
P0939,S002,1,45,In Stock
P0939,S003,1,91,In Stock
P0939,S004,0,50,Out of Stock
P0939,S005,1,105,In Stock
P0939,S006,1,32,In Stock
P0939,S008,1,51,In Stock
P0939,S009,1,112,In Stock
P0939,S010,1,105,In Stock
P0939,S012,0,81,Out of Stock
P0939,S013,1,27,In Stock
P0939,S015,1,60,In Stock
P0939,S016,0,120,Out of Stock
P0939,S017,1,77,In Stock
P0939,S019,1,30,In Stock
P0939,S020,1,34,In Stock
P0939,S023,1,96,In Stock
P0939,S024,1,61,In Stock
P0939,S026,1,88,In Stock
P0940,S001,105,222,In Stock
P0940,S002,91,405,In Stock
P0940,S003,87,363,In Stock
P0940,S004,39,248,In Stock
P0940,S005,133,368,In Stock
P0940,S006,47,533,In Stock
P0940,S007,97,386,In Stock
P0940,S008,144,185,In Stock
P0940,S009,130,454,In Stock
P0940,S010,84,218,In Stock
P0940,S011,54,425,In Stock
P0940,S012,60,468,In Stock
P0940,S013,75,412,In Stock
P0940,S014,55,346,In Stock
P0940,S015,82,321,In Stock
P0940,S016,60,217,In Stock
P0940,S019,86,253,In Stock
P0940,S023,117,205,In Stock
P0940,S024,73,400,In Stock
P0941,S004,1,21,In Stock
P0941,S005,1,107,In Stock
P0941,S006,1,62,In Stock
P0941,S008,1,72,In Stock
P0941,S010,1,98,In Stock
P0941,S013,1,23,In Stock
P0941,S014,1,104,In Stock
P0941,S015,1,85,In Stock
P0941,S016,1,57,In Stock
P0941,S017,1,53,In Stock
P0941,S018,1,102,In Stock
P0941,S019,1,41,In Stock
P0941,S020,1,97,In Stock
P0941,S022,1,77,In Stock
P0941,S024,1,51,In Stock
P0941,S026,1,27,In Stock
P0942,S001,1,26,In Stock
P0942,S002,1,97,In Stock
P0942,S003,1,29,In Stock
P0942,S005,1,101,In Stock
P0942,S006,1,25,In Stock
P0942,S008,1,82,In Stock
P0942,S009,1,120,In Stock
P0942,S012,1,25,In Stock
P0942,S013,1,51,In Stock
P0942,S014,1,22,In Stock
P0942,S015,1,116,In Stock
P0942,S016,1,36,In Stock
P0942,S017,0,90,Out of Stock
P0942,S020,1,89,In Stock
P0942,S022,1,90,In Stock
P0942,S023,2,61,In Stock
P0942,S024,1,72,In Stock
P0942,S025,1,28,In Stock
P0942,S026,1,81,In Stock
P0943,S001,1,17,In Stock
P0943,S002,0,14,Out of Stock
P0943,S003,0,8,Out of Stock
P0943,S004,0,5,Out of Stock
P0943,S005,0,10,Out of Stock
P0943,S006,0,6,Out of Stock
P0943,S007,0,7,Out of Stock
P0943,S008,0,19,Out of Stock
P0943,S009,0,4,Out of Stock
P0943,S010,1,15,In Stock
P0943,S011,0,3,Out of Stock
P0943,S012,0,10,Out of Stock
P0943,S013,0,1,Out of Stock
P0943,S014,0,1,Out of Stock
P0943,S015,0,18,Out of Stock
P0943,S016,0,1,Out of Stock
P0943,S017,0,6,Out of Stock
P0943,S018,0,18,Out of Stock
P0943,S019,1,12,In Stock
P0943,S020,0,20,Out of Stock
P0943,S021,0,4,Out of Stock
P0943,S022,0,2,Out of Stock
P0943,S023,0,9,Out of Stock
P0943,S024,0,19,Out of Stock
P0943,S025,0,10,Out of Stock
P0943,S026,0,8,Out of Stock
P0944,S001,1,242,In Stock
P0944,S002,1,136,In Stock
P0944,S003,1,268,In Stock
P0944,S004,1,196,In Stock
P0944,S005,1,167,In Stock
P0944,S006,1,129,In Stock
P0944,S008,1,129,In Stock
P0944,S009,1,246,In Stock
P0944,S012,1,212,In Stock
P0944,S013,1,90,In Stock
P0944,S015,1,267,In Stock
P0944,S017,1,82,In Stock
P0944,S018,1,224,In Stock
P0944,S019,1,125,In Stock
P0944,S020,1,202,In Stock
P0944,S021,1,173,In Stock
P0944,S022,1,96,In Stock
P0944,S023,1,86,In Stock
P0944,S024,1,126,In Stock
P0944,S026,1,238,In Stock
P0945,S001,0,7,Out of Stock
P0945,S002,0,16,Out of Stock
P0945,S003,0,2,Out of Stock
P0945,S004,0,1,Out of Stock
P0945,S005,0,3,Out of Stock
P0945,S006,0,18,Out of Stock
P0945,S007,0,17,Out of Stock
P0945,S008,0,6,Out of Stock
P0945,S009,0,10,Out of Stock
P0945,S010,1,18,In Stock
P0945,S011,0,13,Out of Stock
P0945,S012,0,1,Out of Stock
P0945,S013,0,18,Out of Stock
P0945,S014,0,3,Out of Stock
P0945,S015,0,12,Out of Stock
P0945,S016,0,20,Out of Stock
P0945,S017,0,2,Out of Stock
P0945,S018,1,16,In Stock
P0945,S019,1,13,In Stock
P0945,S020,0,2,Out of Stock
P0945,S021,1,13,In Stock
P0945,S022,0,17,Out of Stock
P0945,S023,0,12,Out of Stock
P0945,S024,0,10,Out of Stock
P0945,S025,0,20,Out of Stock
P0945,S026,1,17,In Stock
P0946,S001,1,120,In Stock
P0946,S002,1,45,In Stock
P0946,S004,1,39,In Stock
P0946,S005,1,94,In Stock
P0946,S006,1,65,In Stock
P0946,S008,1,81,In Stock
P0946,S009,1,118,In Stock
P0946,S010,1,32,In Stock
P0946,S012,1,23,In Stock
P0946,S013,2,41,In Stock
P0946,S017,1,71,In Stock
P0946,S019,1,61,In Stock
P0946,S020,1,104,In Stock
P0946,S023,1,104,In Stock
P0946,S024,1,55,In Stock
P0946,S026,1,46,In Stock
P0947,S001,3,45,In Stock
P0947,S002,2,19,In Stock
P0947,S003,3,36,In Stock
P0947,S004,2,10,In Stock
P0947,S005,6,34,In Stock
P0947,S006,8,25,In Stock
P0947,S007,1,37,In Stock
P0947,S008,2,17,In Stock
P0947,S009,1,5,In Stock
P0947,S010,2,11,In Stock
P0947,S011,1,12,In Stock
P0947,S012,0,11,Out of Stock
P0947,S013,1,44,In Stock
P0947,S014,1,21,In Stock
P0947,S015,2,24,In Stock
P0947,S016,1,15,In Stock
P0947,S017,3,24,In Stock
P0947,S018,1,36,In Stock
P0947,S019,0,28,Out of Stock
P0947,S020,1,27,In Stock
P0947,S021,4,44,In Stock
P0947,S022,3,24,In Stock
P0947,S023,5,25,In Stock
P0947,S024,3,7,In Stock
P0947,S025,1,15,In Stock
P0947,S026,2,17,In Stock
P0948,S001,1,75,In Stock
P0948,S002,1,108,In Stock
P0948,S003,1,118,In Stock
P0948,S005,1,64,In Stock
P0948,S006,1,54,In Stock
P0948,S008,1,116,In Stock
P0948,S009,1,33,In Stock
P0948,S010,1,99,In Stock
P0948,S011,1,114,In Stock
P0948,S013,1,113,In Stock
P0948,S014,1,100,In Stock
P0948,S015,1,23,In Stock
P0948,S019,1,89,In Stock
P0948,S021,1,100,In Stock
P0948,S024,1,88,In Stock
P0948,S025,1,19,In Stock
P0948,S026,1,112,In Stock
P0949,S001,1,33,In Stock
P0949,S002,1,98,In Stock
P0949,S004,1,40,In Stock
P0949,S005,1,67,In Stock
P0949,S006,0,53,Out of Stock
P0949,S007,1,62,In Stock
P0949,S008,1,120,In Stock
P0949,S009,1,49,In Stock
P0949,S010,1,67,In Stock
P0949,S011,1,50,In Stock
P0949,S012,1,92,In Stock
P0949,S013,1,96,In Stock
P0949,S014,1,102,In Stock
P0949,S015,1,118,In Stock
P0949,S017,1,115,In Stock
P0949,S019,1,71,In Stock
P0949,S020,1,98,In Stock
P0949,S023,1,108,In Stock
P0949,S024,1,119,In Stock
P0949,S025,1,58,In Stock
P0949,S026,1,50,In Stock
P0950,S001,1,26,In Stock
P0950,S002,1,105,In Stock
P0950,S004,1,22,In Stock
P0950,S005,1,66,In Stock
P0950,S007,1,24,In Stock
P0950,S008,3,42,In Stock
P0950,S009,1,116,In Stock
P0950,S010,1,77,In Stock
P0950,S011,1,88,In Stock
P0950,S012,0,51,Out of Stock
P0950,S013,1,34,In Stock
P0950,S014,1,104,In Stock
P0950,S015,2,112,In Stock
P0950,S016,1,47,In Stock
P0950,S019,0,98,Out of Stock
P0950,S020,1,32,In Stock
P0950,S023,1,57,In Stock
P0950,S024,1,97,In Stock
P0950,S025,1,118,In Stock
P0951,S001,1,29,In Stock
P0951,S005,2,68,In Stock
P0951,S006,2,66,In Stock
P0951,S008,3,44,In Stock
P0951,S009,1,18,In Stock
P0951,S010,0,87,Out of Stock
P0951,S011,2,64,In Stock
P0951,S012,1,44,In Stock
P0951,S013,5,110,In Stock
P0951,S014,1,90,In Stock
P0951,S015,1,24,In Stock
P0951,S016,2,83,In Stock
P0951,S017,2,21,In Stock
P0951,S019,1,109,In Stock
P0951,S022,1,75,In Stock
P0951,S023,1,19,In Stock
P0951,S024,4,19,In Stock
P0951,S025,1,104,In Stock
P0952,S001,1,24,In Stock
P0952,S002,1,41,In Stock
P0952,S003,1,22,In Stock
P0952,S004,1,70,In Stock
P0952,S006,1,105,In Stock
P0952,S008,1,80,In Stock
P0952,S009,1,96,In Stock
P0952,S010,1,26,In Stock
P0952,S011,3,82,In Stock
P0952,S013,1,39,In Stock
P0952,S014,1,42,In Stock
P0952,S015,1,41,In Stock
P0952,S016,0,28,Out of Stock
P0952,S018,1,71,In Stock
P0952,S019,1,85,In Stock
P0952,S022,1,29,In Stock
P0952,S024,1,37,In Stock
P0953,S001,1,116,In Stock
P0953,S002,1,84,In Stock
P0953,S003,1,27,In Stock
P0953,S005,1,34,In Stock
P0953,S006,1,57,In Stock
P0953,S007,1,87,In Stock
P0953,S008,0,98,Out of Stock
P0953,S009,1,95,In Stock
P0953,S010,1,35,In Stock
P0953,S012,1,116,In Stock
P0953,S013,1,49,In Stock
P0953,S014,1,83,In Stock
P0953,S015,1,40,In Stock
P0953,S016,1,18,In Stock
P0953,S018,1,47,In Stock
P0953,S019,1,118,In Stock
P0953,S020,1,70,In Stock
P0953,S024,0,87,Out of Stock
P0953,S025,1,28,In Stock
P0953,S026,1,88,In Stock
P0954,S001,0,4,Out of Stock
P0954,S002,0,18,Out of Stock
P0954,S003,0,12,Out of Stock
P0954,S004,0,4,Out of Stock
P0954,S005,0,6,Out of Stock
P0954,S006,0,10,Out of Stock
P0954,S007,0,9,Out of Stock
P0954,S008,1,11,In Stock
P0954,S009,2,11,In Stock
P0954,S010,0,13,Out of Stock
P0954,S011,0,10,Out of Stock
P0954,S012,0,11,Out of Stock
P0954,S013,0,13,Out of Stock
P0954,S014,0,8,Out of Stock
P0954,S015,0,12,Out of Stock
P0954,S016,0,20,Out of Stock
P0954,S017,0,9,Out of Stock
P0954,S018,0,11,Out of Stock
P0954,S019,0,10,Out of Stock
P0954,S020,0,7,Out of Stock
P0954,S021,0,11,Out of Stock
P0954,S022,0,12,Out of Stock
P0954,S023,0,2,Out of Stock
P0954,S024,0,4,Out of Stock
P0954,S025,0,7,Out of Stock
P0954,S026,0,5,Out of Stock
P0955,S001,1,21,In Stock
P0955,S002,1,24,In Stock
P0955,S003,1,59,In Stock
P0955,S005,1,111,In Stock
P0955,S006,1,111,In Stock
P0955,S007,1,97,In Stock
P0955,S008,1,106,In Stock
P0955,S010,1,63,In Stock
P0955,S011,1,86,In Stock
P0955,S013,4,42,In Stock
P0955,S015,0,107,Out of Stock
P0955,S016,1,72,In Stock
P0955,S019,1,75,In Stock
P0955,S020,0,57,Out of Stock
P0955,S022,1,51,In Stock
P0955,S024,1,103,In Stock
P0955,S025,1,109,In Stock
P0955,S026,1,17,In Stock
P0956,S001,3,61,In Stock
P0956,S002,1,21,In Stock
P0956,S003,1,70,In Stock
P0956,S006,1,99,In Stock
P0956,S008,1,66,In Stock
P0956,S009,1,88,In Stock
P0956,S010,1,92,In Stock
P0956,S011,0,47,Out of Stock
P0956,S013,1,55,In Stock
P0956,S014,1,68,In Stock
P0956,S015,1,98,In Stock
P0956,S018,1,22,In Stock
P0956,S019,1,40,In Stock
P0956,S020,2,68,In Stock
P0956,S021,1,62,In Stock
P0956,S022,1,120,In Stock
P0956,S023,0,62,Out of Stock
P0956,S024,2,105,In Stock
P0957,S001,1,64,In Stock
P0957,S002,1,25,In Stock
P0957,S003,1,69,In Stock
P0957,S004,1,75,In Stock
P0957,S005,1,61,In Stock
P0957,S006,1,24,In Stock
P0957,S007,1,15,In Stock
P0957,S008,1,57,In Stock
P0957,S009,1,93,In Stock
P0957,S010,1,117,In Stock
P0957,S011,1,40,In Stock
P0957,S013,1,47,In Stock
P0957,S015,1,118,In Stock
P0957,S016,1,71,In Stock
P0957,S018,0,114,Out of Stock
P0957,S019,1,75,In Stock
P0957,S023,1,71,In Stock
P0957,S024,1,114,In Stock
P0958,S001,0,7,Out of Stock
P0958,S002,0,7,Out of Stock
P0958,S003,0,20,Out of Stock
P0958,S004,0,6,Out of Stock
P0958,S005,0,3,Out of Stock
P0958,S006,2,5,In Stock
P0958,S007,0,1,Out of Stock
P0958,S008,0,19,Out of Stock
P0958,S009,1,8,In Stock
P0958,S010,0,17,Out of Stock
P0958,S011,0,4,Out of Stock
P0958,S012,1,12,In Stock
P0958,S013,0,3,Out of Stock
P0958,S014,0,10,Out of Stock
P0958,S015,1,16,In Stock
P0958,S016,2,2,In Stock
P0958,S017,1,20,In Stock
P0958,S018,1,18,In Stock
P0958,S019,1,3,In Stock
P0958,S020,0,2,Out of Stock
P0958,S021,1,18,In Stock
P0958,S022,0,3,Out of Stock
P0958,S023,0,2,Out of Stock
P0958,S024,0,14,Out of Stock
P0958,S025,0,9,Out of Stock
P0958,S026,1,12,In Stock
P0959,S001,3,36,In Stock
P0959,S003,1,33,In Stock
P0959,S006,2,71,In Stock
P0959,S007,1,92,In Stock
P0959,S008,6,60,In Stock
P0959,S009,1,29,In Stock
P0959,S010,1,98,In Stock
P0959,S011,1,116,In Stock
P0959,S013,3,54,In Stock
P0959,S014,1,86,In Stock
P0959,S015,0,66,Out of Stock
P0959,S016,1,104,In Stock
P0959,S017,1,42,In Stock
P0959,S018,1,20,In Stock
P0959,S019,1,116,In Stock
P0959,S024,4,86,In Stock
P0959,S026,1,77,In Stock
P0960,S001,3,93,In Stock
P0960,S003,1,55,In Stock
P0960,S004,1,115,In Stock
P0960,S005,1,115,In Stock
P0960,S007,1,57,In Stock
P0960,S008,1,109,In Stock
P0960,S011,2,16,In Stock
P0960,S012,1,85,In Stock
P0960,S013,2,41,In Stock
P0960,S015,3,72,In Stock
P0960,S016,2,98,In Stock
P0960,S017,2,46,In Stock
P0960,S018,1,104,In Stock
P0960,S019,1,25,In Stock
P0960,S020,2,40,In Stock
P0960,S021,1,68,In Stock
P0960,S022,1,59,In Stock
P0960,S024,1,103,In Stock
P0960,S026,1,98,In Stock
P0961,S001,0,1,Out of Stock
P0961,S002,0,9,Out of Stock
P0961,S003,1,10,In Stock
P0961,S004,1,9,In Stock
P0961,S005,0,2,Out of Stock
P0961,S006,0,7,Out of Stock
P0961,S007,1,12,In Stock
P0961,S008,1,1,In Stock
P0961,S009,2,2,In Stock
P0961,S010,1,18,In Stock
P0961,S011,0,12,Out of Stock
P0961,S012,0,6,Out of Stock
P0961,S013,0,13,Out of Stock
P0961,S014,1,1,In Stock
P0961,S015,2,3,In Stock
P0961,S016,1,8,In Stock
P0961,S017,0,13,Out of Stock
P0961,S018,2,8,In Stock
P0961,S019,2,12,In Stock
P0961,S020,1,12,In Stock
P0961,S021,2,19,In Stock
P0961,S022,1,5,In Stock
P0961,S023,0,10,Out of Stock
P0961,S024,0,18,Out of Stock
P0961,S025,0,8,Out of Stock
P0961,S026,0,5,Out of Stock
P0962,S001,1,72,In Stock
P0962,S003,1,59,In Stock
P0962,S007,1,40,In Stock
P0962,S008,2,90,In Stock
P0962,S009,2,62,In Stock
P0962,S010,1,62,In Stock
P0962,S013,1,76,In Stock
P0962,S015,1,81,In Stock
P0962,S016,1,36,In Stock
P0962,S017,1,53,In Stock
P0962,S018,1,73,In Stock
P0962,S019,4,92,In Stock
P0962,S020,1,99,In Stock
P0962,S021,1,87,In Stock
P0962,S024,2,104,In Stock
P0962,S025,1,56,In Stock
P0962,S026,1,84,In Stock
P0963,S002,1,106,In Stock
P0963,S003,1,105,In Stock
P0963,S005,3,104,In Stock
P0963,S006,1,99,In Stock
P0963,S007,1,94,In Stock
P0963,S008,1,58,In Stock
P0963,S009,1,46,In Stock
P0963,S010,1,26,In Stock
P0963,S011,1,115,In Stock
P0963,S013,2,116,In Stock
P0963,S014,1,97,In Stock
P0963,S015,1,38,In Stock
P0963,S016,1,35,In Stock
P0963,S017,1,98,In Stock
P0963,S019,1,32,In Stock
P0963,S021,1,23,In Stock
P0963,S023,1,47,In Stock
P0964,S001,1,61,In Stock
P0964,S003,1,24,In Stock
P0964,S005,1,92,In Stock
P0964,S006,1,42,In Stock
P0964,S008,1,107,In Stock
P0964,S009,1,90,In Stock
P0964,S010,1,73,In Stock
P0964,S011,1,41,In Stock
P0964,S012,1,65,In Stock
P0964,S013,1,54,In Stock
P0964,S014,1,64,In Stock
P0964,S015,1,80,In Stock
P0964,S019,3,39,In Stock
P0964,S020,2,117,In Stock
P0964,S023,1,55,In Stock
P0964,S025,1,109,In Stock
P0964,S026,1,31,In Stock
P0965,S001,1,47,In Stock
P0965,S002,1,57,In Stock
P0965,S003,1,69,In Stock
P0965,S004,1,120,In Stock
P0965,S005,1,96,In Stock
P0965,S006,1,54,In Stock
P0965,S008,1,110,In Stock
P0965,S009,1,26,In Stock
P0965,S010,1,87,In Stock
P0965,S014,1,112,In Stock
P0965,S015,1,64,In Stock
P0965,S016,0,118,Out of Stock
P0965,S020,1,72,In Stock
P0965,S023,1,111,In Stock
P0965,S024,1,118,In Stock
P0965,S025,1,33,In Stock
P0965,S026,1,90,In Stock
P0966,S001,2,118,In Stock
P0966,S002,1,70,In Stock
P0966,S003,1,104,In Stock
P0966,S005,2,33,In Stock
P0966,S008,1,19,In Stock
P0966,S009,1,30,In Stock
P0966,S010,1,56,In Stock
P0966,S013,3,42,In Stock
P0966,S015,1,108,In Stock
P0966,S016,1,45,In Stock
P0966,S017,1,69,In Stock
P0966,S019,1,68,In Stock
P0966,S020,1,86,In Stock
P0966,S022,1,73,In Stock
P0966,S025,1,27,In Stock
P0967,S001,1,185,In Stock
P0967,S002,1,69,In Stock
P0967,S003,1,122,In Stock
P0967,S006,1,103,In Stock
P0967,S007,1,72,In Stock
P0967,S008,1,168,In Stock
P0967,S009,1,117,In Stock
P0967,S011,1,78,In Stock
P0967,S012,0,126,Out of Stock
P0967,S013,1,175,In Stock
P0967,S015,1,126,In Stock
P0967,S016,1,183,In Stock
P0967,S017,1,202,In Stock
P0967,S018,0,148,Out of Stock
P0967,S019,1,240,In Stock
P0967,S020,1,268,In Stock
P0967,S021,1,94,In Stock
P0967,S022,1,244,In Stock
P0967,S023,1,254,In Stock
P0967,S024,2,116,In Stock
P0967,S026,1,158,In Stock
P0968,S001,1,26,In Stock
P0968,S002,1,100,In Stock
P0968,S003,1,116,In Stock
P0968,S005,1,51,In Stock
P0968,S006,1,83,In Stock
P0968,S007,1,56,In Stock
P0968,S008,1,115,In Stock
P0968,S009,1,35,In Stock
P0968,S010,1,22,In Stock
P0968,S013,1,111,In Stock
P0968,S014,1,78,In Stock
P0968,S015,1,20,In Stock
P0968,S016,1,63,In Stock
P0968,S017,1,69,In Stock
P0968,S019,1,37,In Stock
P0968,S020,1,91,In Stock
P0968,S023,1,103,In Stock
P0968,S024,1,61,In Stock
P0969,S001,2,77,In Stock
P0969,S002,1,35,In Stock
P0969,S003,1,78,In Stock
P0969,S004,1,32,In Stock
P0969,S005,1,109,In Stock
P0969,S006,1,119,In Stock
P0969,S008,1,118,In Stock
P0969,S010,1,62,In Stock
P0969,S013,6,18,In Stock
P0969,S014,1,53,In Stock
P0969,S015,4,16,In Stock
P0969,S017,1,117,In Stock
P0969,S019,1,109,In Stock
P0969,S020,1,63,In Stock
P0969,S023,2,82,In Stock
P0969,S025,1,20,In Stock
P0969,S026,1,83,In Stock
P0970,S001,1,174,In Stock
P0970,S002,1,95,In Stock
P0970,S003,1,172,In Stock
P0970,S005,1,104,In Stock
P0970,S006,1,248,In Stock
P0970,S008,1,112,In Stock
P0970,S013,1,235,In Stock
P0970,S014,1,97,In Stock
P0970,S015,1,144,In Stock
P0970,S017,1,260,In Stock
P0970,S018,1,238,In Stock
P0970,S019,1,252,In Stock
P0970,S020,1,151,In Stock
P0970,S023,1,91,In Stock
P0971,S001,1,28,In Stock
P0971,S002,1,66,In Stock
P0971,S006,1,61,In Stock
P0971,S009,1,82,In Stock
P0971,S010,1,108,In Stock
P0971,S011,2,61,In Stock
P0971,S013,1,43,In Stock
P0971,S016,1,43,In Stock
P0971,S019,1,30,In Stock
P0971,S020,2,83,In Stock
P0971,S021,1,87,In Stock
P0971,S026,1,22,In Stock
P0972,S001,3,44,In Stock
P0972,S002,3,15,In Stock
P0972,S003,1,26,In Stock
P0972,S004,1,18,In Stock
P0972,S005,2,5,In Stock
P0972,S006,1,21,In Stock
P0972,S007,1,7,In Stock
P0972,S008,1,40,In Stock
P0972,S009,1,14,In Stock
P0972,S010,1,19,In Stock
P0972,S011,2,42,In Stock
P0972,S012,0,44,Out of Stock
P0972,S013,2,32,In Stock
P0972,S014,1,14,In Stock
P0972,S015,1,20,In Stock
P0972,S016,1,45,In Stock
P0972,S017,1,6,In Stock
P0972,S018,1,18,In Stock
P0972,S019,1,21,In Stock
P0972,S020,1,28,In Stock
P0972,S021,1,22,In Stock
P0972,S022,1,26,In Stock
P0972,S023,1,16,In Stock
P0972,S024,1,39,In Stock
P0972,S025,1,28,In Stock
P0972,S026,1,27,In Stock
P0973,S001,1,45,In Stock
P0973,S002,1,84,In Stock
P0973,S003,1,61,In Stock
P0973,S005,1,92,In Stock
P0973,S006,1,43,In Stock
P0973,S008,0,73,Out of Stock
P0973,S009,1,120,In Stock
P0973,S010,1,73,In Stock
P0973,S011,1,111,In Stock
P0973,S013,1,31,In Stock
P0973,S019,1,76,In Stock
P0973,S020,1,17,In Stock
P0973,S021,1,60,In Stock
P0973,S024,1,17,In Stock
P0974,S002,1,231,In Stock
P0974,S003,1,162,In Stock
P0974,S006,1,144,In Stock
P0974,S008,1,250,In Stock
P0974,S009,1,89,In Stock
P0974,S010,1,122,In Stock
P0974,S012,1,224,In Stock
P0974,S013,1,185,In Stock
P0974,S014,1,129,In Stock
P0974,S015,1,67,In Stock
P0974,S016,1,227,In Stock
P0974,S018,1,190,In Stock
P0974,S019,1,60,In Stock
P0974,S020,1,111,In Stock
P0974,S021,1,148,In Stock
P0975,S001,39,417,In Stock
P0975,S002,58,279,In Stock
P0975,S003,139,379,In Stock
P0975,S005,143,235,In Stock
P0975,S006,125,196,In Stock
P0975,S007,73,251,In Stock
P0975,S008,108,504,In Stock
P0975,S009,99,402,In Stock
P0975,S010,101,537,In Stock
P0975,S013,130,531,In Stock
P0975,S015,85,341,In Stock
P0975,S016,32,428,In Stock
P0975,S017,114,530,In Stock
P0975,S018,88,426,In Stock
P0975,S019,106,425,In Stock
P0975,S020,92,489,In Stock
P0975,S022,90,363,In Stock
P0975,S023,118,298,In Stock
P0975,S024,75,538,In Stock
P0975,S025,141,262,In Stock
P0975,S026,111,413,In Stock
P0976,S001,1,39,In Stock
P0976,S003,1,47,In Stock
P0976,S008,2,66,In Stock
P0976,S009,2,61,In Stock
P0976,S011,1,40,In Stock
P0976,S013,1,78,In Stock
P0976,S015,1,105,In Stock
P0976,S019,1,42,In Stock
P0976,S020,1,81,In Stock
P0976,S024,1,118,In Stock
P0976,S025,1,42,In Stock
P0976,S026,1,91,In Stock
P0977,S001,3,153,In Stock
P0977,S002,2,217,In Stock
P0977,S003,1,126,In Stock
P0977,S004,1,179,In Stock
P0977,S005,1,222,In Stock
P0977,S006,1,236,In Stock
P0977,S008,1,248,In Stock
P0977,S009,1,91,In Stock
P0977,S010,1,237,In Stock
P0977,S011,1,235,In Stock
P0977,S013,1,257,In Stock
P0977,S014,1,74,In Stock
P0977,S015,1,171,In Stock
P0977,S016,1,95,In Stock
P0977,S017,1,256,In Stock
P0977,S018,1,75,In Stock
P0977,S020,1,142,In Stock
P0977,S021,1,233,In Stock
P0977,S023,1,113,In Stock
P0977,S024,1,191,In Stock
P0977,S025,1,157,In Stock
P0977,S026,1,109,In Stock
P0978,S001,1,31,In Stock
P0978,S005,1,111,In Stock
P0978,S006,2,42,In Stock
P0978,S008,1,79,In Stock
P0978,S009,0,60,Out of Stock
P0978,S011,1,98,In Stock
P0978,S012,1,19,In Stock
P0978,S013,1,31,In Stock
P0978,S015,1,75,In Stock
P0978,S016,1,21,In Stock
P0978,S018,1,117,In Stock
P0978,S019,1,111,In Stock
P0978,S020,1,41,In Stock
P0978,S024,1,96,In Stock
P0978,S025,1,112,In Stock
P0978,S026,1,117,In Stock
P0979,S001,1,83,In Stock
P0979,S003,1,63,In Stock
P0979,S005,4,29,In Stock
P0979,S006,1,102,In Stock
P0979,S007,1,36,In Stock
P0979,S008,4,30,In Stock
P0979,S009,2,88,In Stock
P0979,S010,3,27,In Stock
P0979,S011,1,17,In Stock
P0979,S012,1,23,In Stock
P0979,S013,1,45,In Stock
P0979,S014,2,71,In Stock
P0979,S015,3,72,In Stock
P0979,S016,1,59,In Stock
P0979,S019,2,89,In Stock
P0979,S020,1,73,In Stock
P0979,S022,1,16,In Stock
P0979,S024,3,27,In Stock
P0980,S001,1,113,In Stock
P0980,S002,1,103,In Stock
P0980,S003,1,107,In Stock
P0980,S006,1,16,In Stock
P0980,S007,1,113,In Stock
P0980,S008,1,80,In Stock
P0980,S009,1,82,In Stock
P0980,S013,2,48,In Stock
P0980,S014,1,29,In Stock
P0980,S015,1,115,In Stock
P0980,S016,0,45,Out of Stock
P0980,S019,2,109,In Stock
P0980,S023,1,84,In Stock
P0980,S024,1,102,In Stock
P0980,S025,1,92,In Stock
P0981,S001,3,16,In Stock
P0981,S002,1,117,In Stock
P0981,S004,1,74,In Stock
P0981,S006,1,87,In Stock
P0981,S007,1,49,In Stock
P0981,S008,1,86,In Stock
P0981,S009,1,83,In Stock
P0981,S010,1,112,In Stock
P0981,S011,1,66,In Stock
P0981,S012,1,85,In Stock
P0981,S013,2,76,In Stock
P0981,S015,1,109,In Stock
P0981,S016,1,43,In Stock
P0981,S017,1,61,In Stock
P0981,S018,1,102,In Stock
P0981,S019,2,81,In Stock
P0981,S021,1,92,In Stock
P0981,S023,1,35,In Stock
P0981,S024,2,72,In Stock
P0981,S025,1,39,In Stock
P0982,S001,1,72,In Stock
P0982,S002,1,113,In Stock
P0982,S003,1,77,In Stock
P0982,S004,1,58,In Stock
P0982,S005,1,35,In Stock
P0982,S006,1,81,In Stock
P0982,S007,1,116,In Stock
P0982,S008,1,47,In Stock
P0982,S009,1,56,In Stock
P0982,S010,1,50,In Stock
P0982,S011,1,73,In Stock
P0982,S012,1,93,In Stock
P0982,S013,1,114,In Stock
P0982,S014,1,28,In Stock
P0982,S016,1,104,In Stock
P0982,S017,1,37,In Stock
P0982,S018,1,60,In Stock
P0982,S019,1,64,In Stock
P0982,S021,1,34,In Stock
P0982,S022,1,22,In Stock
P0982,S024,1,81,In Stock
P0982,S026,1,22,In Stock
P0983,S001,91,536,In Stock
P0983,S003,67,482,In Stock
P0983,S005,109,418,In Stock
P0983,S006,65,272,In Stock
P0983,S008,30,222,In Stock
P0983,S010,63,414,In Stock
P0983,S011,54,506,In Stock
P0983,S012,56,233,In Stock
P0983,S013,39,348,In Stock
P0983,S014,57,537,In Stock
P0983,S015,70,338,In Stock
P0983,S016,86,312,In Stock
P0983,S017,31,319,In Stock
P0983,S019,87,199,In Stock
P0983,S020,119,471,In Stock
P0983,S022,32,533,In Stock
P0983,S024,37,282,In Stock
P0984,S001,6,107,In Stock
P0984,S002,1,56,In Stock
P0984,S003,2,102,In Stock
P0984,S004,2,18,In Stock
P0984,S005,2,44,In Stock
P0984,S008,4,90,In Stock
P0984,S009,2,87,In Stock
P0984,S010,1,89,In Stock
P0984,S013,3,71,In Stock
P0984,S014,1,120,In Stock
P0984,S015,1,103,In Stock
P0984,S019,4,22,In Stock
P0984,S020,3,97,In Stock
P0984,S024,1,62,In Stock
P0985,S001,1,82,In Stock
P0985,S003,1,92,In Stock
P0985,S005,1,71,In Stock
P0985,S006,1,84,In Stock
P0985,S007,1,62,In Stock
P0985,S008,1,119,In Stock
P0985,S009,1,15,In Stock
P0985,S010,1,36,In Stock
P0985,S012,1,22,In Stock
P0985,S013,1,53,In Stock
P0985,S015,1,19,In Stock
P0985,S016,1,31,In Stock
P0985,S017,1,58,In Stock
P0985,S018,1,41,In Stock
P0985,S019,3,17,In Stock
P0985,S023,1,111,In Stock
P0985,S024,1,84,In Stock
P0985,S026,1,112,In Stock
P0986,S001,1,72,In Stock
P0986,S003,1,21,In Stock
P0986,S005,1,116,In Stock
P0986,S006,1,99,In Stock
P0986,S008,1,116,In Stock
P0986,S010,0,112,Out of Stock
P0986,S011,1,97,In Stock
P0986,S013,1,36,In Stock
P0986,S014,1,23,In Stock
P0986,S016,1,80,In Stock
P0986,S019,1,21,In Stock
P0986,S021,1,45,In Stock
P0986,S023,1,54,In Stock
P0986,S026,1,108,In Stock
P0987,S001,0,19,Out of Stock
P0987,S002,0,15,Out of Stock
P0987,S003,0,6,Out of Stock
P0987,S004,0,11,Out of Stock
P0987,S005,0,18,Out of Stock
P0987,S006,0,2,Out of Stock
P0987,S007,0,4,Out of Stock
P0987,S008,0,15,Out of Stock
P0987,S009,0,5,Out of Stock
P0987,S010,0,14,Out of Stock
P0987,S011,0,14,Out of Stock
P0987,S012,0,1,Out of Stock
P0987,S013,0,11,Out of Stock
P0987,S014,0,11,Out of Stock
P0987,S015,0,12,Out of Stock
P0987,S016,0,13,Out of Stock
P0987,S017,0,5,Out of Stock
P0987,S018,0,16,Out of Stock
P0987,S019,0,16,Out of Stock
P0987,S020,0,14,Out of Stock
P0987,S021,0,8,Out of Stock
P0987,S022,0,3,Out of Stock
P0987,S023,0,11,Out of Stock
P0987,S024,0,20,Out of Stock
P0987,S025,0,3,Out of Stock
P0987,S026,0,5,Out of Stock
P0988,S001,2,112,In Stock
P0988,S002,3,30,In Stock
P0988,S003,1,103,In Stock
P0988,S004,1,37,In Stock
P0988,S005,2,36,In Stock
P0988,S006,1,41,In Stock
P0988,S008,1,80,In Stock
P0988,S010,1,100,In Stock
P0988,S013,1,55,In Stock
P0988,S014,1,93,In Stock
P0988,S015,1,49,In Stock
P0988,S016,2,76,In Stock
P0988,S017,1,32,In Stock
P0988,S019,1,109,In Stock
P0988,S021,1,27,In Stock
P0988,S022,1,107,In Stock
P0988,S023,1,84,In Stock
P0988,S024,1,32,In Stock
P0988,S025,2,16,In Stock
P0989,S001,76,245,In Stock
P0989,S002,77,527,In Stock
P0989,S003,111,320,In Stock
P0989,S005,62,295,In Stock
P0989,S006,102,456,In Stock
P0989,S007,106,491,In Stock
P0989,S008,48,494,In Stock
P0989,S010,111,250,In Stock
P0989,S013,127,349,In Stock
P0989,S014,35,507,In Stock
P0989,S015,149,473,In Stock
P0989,S016,112,206,In Stock
P0989,S017,91,358,In Stock
P0989,S019,117,478,In Stock
P0989,S022,142,254,In Stock
P0989,S025,121,481,In Stock
P0989,S026,82,381,In Stock
P0990,S001,0,90,Out of Stock
P0990,S004,1,40,In Stock
P0990,S006,1,97,In Stock
P0990,S008,1,111,In Stock
P0990,S011,2,72,In Stock
P0990,S012,1,43,In Stock
P0990,S013,2,64,In Stock
P0990,S014,1,70,In Stock
P0990,S015,1,26,In Stock
P0990,S016,1,54,In Stock
P0990,S017,1,99,In Stock
P0990,S019,1,94,In Stock
P0990,S020,1,89,In Stock
P0990,S021,1,52,In Stock
P0990,S025,1,118,In Stock
P0991,S001,5,17,In Stock
P0991,S002,2,38,In Stock
P0991,S003,6,11,In Stock
P0991,S004,3,29,In Stock
P0991,S005,3,24,In Stock
P0991,S006,4,37,In Stock
P0991,S007,2,34,In Stock
P0991,S008,8,13,In Stock
P0991,S009,2,32,In Stock
P0991,S010,5,19,In Stock
P0991,S011,3,17,In Stock
P0991,S012,1,34,In Stock
P0991,S013,2,45,In Stock
P0991,S014,5,44,In Stock
P0991,S015,2,5,In Stock
P0991,S016,1,11,In Stock
P0991,S017,1,18,In Stock
P0991,S018,4,28,In Stock
P0991,S019,5,7,In Stock
P0991,S020,3,25,In Stock
P0991,S021,1,34,In Stock
P0991,S022,1,6,In Stock
P0991,S023,1,5,In Stock
P0991,S024,4,22,In Stock
P0991,S025,2,39,In Stock
P0991,S026,3,41,In Stock
P0992,S002,1,30,In Stock
P0992,S004,1,100,In Stock
P0992,S005,1,75,In Stock
P0992,S006,1,41,In Stock
P0992,S008,1,111,In Stock
P0992,S009,1,72,In Stock
P0992,S010,1,79,In Stock
P0992,S011,1,34,In Stock
P0992,S012,0,39,Out of Stock
P0992,S013,1,67,In Stock
P0992,S016,1,103,In Stock
P0992,S017,1,41,In Stock
P0992,S018,1,62,In Stock
P0992,S019,1,92,In Stock
P0992,S020,1,61,In Stock
P0992,S022,1,84,In Stock
P0992,S023,1,58,In Stock
P0992,S024,1,92,In Stock
P0992,S025,3,91,In Stock
P0993,S001,1,247,In Stock
P0993,S002,1,250,In Stock
P0993,S003,1,79,In Stock
P0993,S005,1,136,In Stock
P0993,S006,1,257,In Stock
P0993,S008,1,145,In Stock
P0993,S009,1,204,In Stock
P0993,S011,1,129,In Stock
P0993,S013,1,158,In Stock
P0993,S014,1,76,In Stock
P0993,S015,1,134,In Stock
P0993,S016,1,163,In Stock
P0993,S017,1,255,In Stock
P0993,S018,1,66,In Stock
P0993,S019,1,214,In Stock
P0993,S020,1,204,In Stock
P0993,S022,1,200,In Stock
P0993,S024,1,167,In Stock
P0993,S025,1,189,In Stock
P0994,S001,54,244,In Stock
P0994,S002,39,306,In Stock
P0994,S003,60,521,In Stock
P0994,S004,81,292,In Stock
P0994,S005,49,264,In Stock
P0994,S006,144,375,In Stock
P0994,S007,107,317,In Stock
P0994,S008,72,273,In Stock
P0994,S010,96,184,In Stock
P0994,S011,112,390,In Stock
P0994,S013,95,437,In Stock
P0994,S019,142,518,In Stock
P0994,S021,87,530,In Stock
P0994,S022,120,368,In Stock
P0994,S025,108,306,In Stock
P0994,S026,34,226,In Stock
P0995,S001,1,31,In Stock
P0995,S004,1,24,In Stock
P0995,S005,1,34,In Stock
P0995,S006,1,98,In Stock
P0995,S008,2,104,In Stock
P0995,S010,2,69,In Stock
P0995,S013,4,83,In Stock
P0995,S015,3,64,In Stock
P0995,S017,1,30,In Stock
P0995,S018,1,97,In Stock
P0995,S019,3,98,In Stock
P0995,S020,1,72,In Stock
P0995,S021,1,63,In Stock
P0995,S022,2,102,In Stock
P0995,S026,1,56,In Stock
P0996,S001,3,115,In Stock
P0996,S002,1,46,In Stock
P0996,S003,1,104,In Stock
P0996,S006,1,15,In Stock
P0996,S007,1,67,In Stock
P0996,S008,1,76,In Stock
P0996,S009,1,68,In Stock
P0996,S010,1,95,In Stock
P0996,S011,2,53,In Stock
P0996,S013,2,116,In Stock
P0996,S014,1,87,In Stock
P0996,S016,1,45,In Stock
P0996,S019,1,112,In Stock
P0996,S020,1,76,In Stock
P0996,S025,1,97,In Stock
P0997,S001,3,35,In Stock
P0997,S003,4,102,In Stock
P0997,S005,1,116,In Stock
P0997,S006,1,100,In Stock
P0997,S007,1,107,In Stock
P0997,S008,1,86,In Stock
P0997,S009,1,62,In Stock
P0997,S010,1,42,In Stock
P0997,S013,3,81,In Stock
P0997,S015,1,98,In Stock
P0997,S016,1,55,In Stock
P0997,S018,1,49,In Stock
P0997,S019,3,86,In Stock
P0997,S022,1,15,In Stock
P0997,S023,2,20,In Stock
P0997,S025,3,58,In Stock
P0998,S001,1,265,In Stock
P0998,S002,1,100,In Stock
P0998,S005,1,174,In Stock
P0998,S006,1,232,In Stock
P0998,S008,1,140,In Stock
P0998,S009,1,110,In Stock
P0998,S010,1,73,In Stock
P0998,S011,1,163,In Stock
P0998,S013,1,134,In Stock
P0998,S014,1,216,In Stock
P0998,S015,1,155,In Stock
P0998,S016,1,266,In Stock
P0998,S018,1,255,In Stock
P0998,S019,1,157,In Stock
P0998,S020,1,207,In Stock
P0998,S021,1,222,In Stock
P0998,S023,1,260,In Stock
P0998,S024,1,191,In Stock
P0998,S026,1,252,In Stock
P0999,S001,105,374,In Stock
P0999,S002,82,261,In Stock
P0999,S006,81,373,In Stock
P0999,S008,95,296,In Stock
P0999,S011,69,422,In Stock
P0999,S013,145,259,In Stock
P0999,S014,62,359,In Stock
P0999,S015,64,495,In Stock
P0999,S016,63,504,In Stock
P0999,S017,55,414,In Stock
P0999,S019,112,476,In Stock
P0999,S020,57,301,In Stock
P0999,S021,127,519,In Stock
P0999,S022,137,381,In Stock
P0999,S024,48,384,In Stock
P0999,S025,45,193,In Stock
P1000,S001,36,477,In Stock
P1000,S005,34,274,In Stock
P1000,S008,111,425,In Stock
P1000,S009,76,384,In Stock
P1000,S011,77,184,In Stock
P1000,S012,64,472,In Stock
P1000,S013,112,218,In Stock
P1000,S014,97,509,In Stock
P1000,S015,44,197,In Stock
P1000,S017,103,516,In Stock
P1000,S018,125,306,In Stock
P1000,S019,131,331,In Stock
P1000,S020,64,502,In Stock
P1000,S023,107,377,In Stock
P1000,S024,133,374,In Stock
P1000,S025,55,467,In Stock
